GEOHASH,LATITUDE,LONGITUDE,MEAN_DAILY_VEHICLES,MEAN_SPEED,PEAK_HOUR_VEHICLES
sx7chk,40.9817504882813,27.9656982421875,571.3728813559322,83.03475134811264,104.0
sx7chm,40.9872436523438,27.9656982421875,946.0254237288135,69.20840819259791,124.0
sx7cht,40.9872436523438,27.9766845703125,869.1581920903955,36.457998801677654,131.0
sx7chw,40.9927368164063,27.9766845703125,1072.1949152542372,67.09738859607091,133.0
sx7chx,40.9982299804688,27.9766845703125,1068.3333333333333,70.05521619355612,136.0
sx7ck8,41.0037231445313,27.9766845703125,1012.7598870056497,74.99389148401006,131.0
sx7ck9,41.0092163085938,27.9766845703125,1085.8361581920904,59.34159779614325,146.0
sx7ckc,41.0092163085938,27.9876708984375,346.8502824858757,72.69865642994242,72.0
sx7ckf,41.0147094726563,27.9876708984375,845.2796610169491,75.42175892643182,116.0
sx7ckg,41.0202026367188,27.9876708984375,696.2090395480226,69.70222968113163,103.0
sx7cm5,41.0202026367188,27.9986572265625,584.5028248587571,73.39179954441913,104.0
sx7cmh,41.0256958007813,27.9986572265625,952.1073446327683,73.97256170620656,125.0
sx7cmj,41.0311889648438,27.9986572265625,311.2457627118644,72.0702280912365,69.0
sx7cmm,41.0311889648438,28.0096435546875,998.7824858757062,81.57384117858426,130.0
sx7cmq,41.0366821289063,28.0096435546875,603.2683615819209,81.8562867074194,106.0
sx7cmw,41.0366821289063,28.0206298828125,992.3333333333334,84.21834950293449,128.0
sx7cmx,41.0421752929688,28.0206298828125,488.1271186440678,87.7659753027215,94.0
sx7cmz,41.0421752929688,28.0316162109375,991.9604519774011,78.97735984666986,129.0
sx7cqp,41.0421752929688,28.0426025390625,386.5282485875706,70.60906583523204,81.0
sx7ctr,41.0861206054688,28.0096435546875,347.10169491525426,77.14662015876834,63.0
sx7ctx,41.0861206054688,28.0206298828125,878.6214689265537,74.3748052259379,114.0
sx7ctz,41.0861206054688,28.0316162109375,874.9152542372881,86.03427612655801,130.0
sx7cu3,41.0971069335938,27.9656982421875,723.319209039548,78.48759141589737,111.0
sx7cu9,41.0971069335938,27.9766845703125,864.632768361582,84.70188271975057,114.0
sx7cuc,41.0971069335938,27.9876708984375,852.5593220338983,88.02757132582114,106.0
sx7cv0,41.0916137695313,27.9986572265625,874.8841807909605,56.748681687440076,117.0
sx7cv1,41.0971069335938,27.9986572265625,717.1073446327683,66.62129751768798,97.0
sx7cv2,41.0916137695313,28.0096435546875,898.6638418079096,75.85007190795781,120.0
sx7cw0,41.0476684570313,28.0426025390625,1222.3728813559321,54.594992812649735,147.0
sx7cw2,41.0476684570313,28.0535888671875,964.2457627118644,79.29871840939035,131.0
sx7cw3,41.0531616210938,28.0535888671875,931.6158192090395,84.79623862002875,128.0
sx7cw9,41.0531616210938,28.0645751953125,1037.8135593220338,85.64662194537614,137.0
sx7cwd,41.0586547851563,28.0645751953125,363.94350282485874,86.07683087618362,78.0
sx7cwf,41.0586547851563,28.0755615234375,1137.774011299435,86.86583612841399,135.0
sx7cwn,41.0806274414063,28.0426025390625,731.0706214689266,87.23375689283145,126.0
sx7cwp,41.0861206054688,28.0426025390625,606.7796610169491,83.85685169643928,118.0
sx7cwq,41.0806274414063,28.0535888671875,935.45197740113,82.52019173157579,143.0
sx7cwt,41.0751342773438,28.0645751953125,3.5634218289085546,77.1616982836495,3.0
sx7cwv,41.0751342773438,28.0755615234375,906.3022598870057,79.98286604361371,137.0
sx7cww,41.0806274414063,28.0645751953125,869.4435028248588,87.79805848513902,132.0
sx7cwy,41.0806274414063,28.0755615234375,63.37570621468927,84.49487108400332,24.0
sx7cx4,41.0586547851563,28.0865478515625,1056.1892655367233,86.44849065644466,135.0
sx7cx5,41.0641479492188,28.0865478515625,178.75706214689265,82.62385321100918,42.0
sx7cx7,41.0641479492188,28.0975341796875,1228.8333333333333,82.72113080977479,149.0
sx7cxe,41.0641479492188,28.1085205078125,75.50847457627118,78.79539841414272,28.0
sx7cxj,41.0751342773438,28.0865478515625,1182.9096045197741,59.14675931472385,153.0
sx7cxk,41.0696411132813,28.0975341796875,1115.4632768361582,80.97579968851085,165.0
sx7cxm,41.0751342773438,28.0975341796875,373.2994350282486,80.24131714938109,94.0
sx7cxs,41.0696411132813,28.1085205078125,2305.7062146892654,70.10682634730539,309.0
sx7cxt,41.0751342773438,28.1085205078125,168.7683615819209,63.32924880127864,49.0
sx7cxu,41.0696411132813,28.1195068359375,1357.3135593220338,70.33616868335929,244.0
sx7cxv,41.0751342773438,28.1195068359375,1799.9209039548023,78.5467832754283,274.0
sx7cxw,41.0806274414063,28.1085205078125,134.27966101694915,80.19791948122129,38.0
sx7cxx,41.0861206054688,28.1085205078125,132.50282485875707,78.99475100942126,43.0
sx7cz8,41.0916137695313,28.1085205078125,143.28531073446328,77.68330211399518,47.0
sx7cz9,41.0971069335938,28.1085205078125,153.5536723163842,77.92001066524463,52.0
sx7czd,41.1026000976563,28.1085205078125,146.52542372881356,78.42683578104139,55.0
sx7cze,41.1080932617188,28.1085205078125,137.90112994350284,66.70635344367325,48.0
sx7czs,41.1135864257813,28.1085205078125,128.10169491525423,75.77059297021734,53.0
sx7czt,41.1190795898438,28.1085205078125,120.64971751412429,85.96592752839372,49.0
sx7czw,41.1245727539063,28.1085205078125,123.35593220338983,82.94956051386072,57.0
sx7czx,41.1300659179688,28.1085205078125,124.91242937853107,79.0094454189718,57.0
sx7fkq,41.2124633789063,27.9656982421875,992.0112994350283,95.08146639511202,156.0
sx7fkw,41.2124633789063,27.9766845703125,1581.2028169014084,93.36738115195784,235.0
sx7fky,41.2124633789063,27.9876708984375,1454.349295774648,92.51377245508982,219.0
sx7fme,41.1959838867188,28.0206298828125,737.1183098591549,91.39551881140666,147.0
sx7fmg,41.1959838867188,28.0316162109375,1342.59604519774,94.48310972688068,215.0
sx7fmj,41.2069702148438,27.9986572265625,1664.1581920903955,88.9355534259703,254.0
sx7fmk,41.2014770507813,28.0096435546875,1029.8926553672316,89.97592526051024,182.0
sx7fmm,41.2069702148438,28.0096435546875,1432.8107344632767,88.18423574508864,230.0
sx7fmn,41.2124633789063,27.9986572265625,894.0169014084507,91.1125748502994,167.0
sx7fms,41.2014770507813,28.0206298828125,1194.7062146892656,90.38188787733588,209.0
sx7fp8,41.1355590820313,28.1085205078125,103.86440677966101,77.09810907097835,47.0
sx7fp9,41.1410522460938,28.1085205078125,95.97175141242938,80.79724137931035,35.0
sx7fpd,41.1465454101563,28.1085205078125,93.37393767705383,83.71923076923076,30.0
sx7fpe,41.1520385742188,28.1085205078125,91.63276836158192,79.85492085340674,35.0
sx7fpm,41.1630249023438,28.0975341796875,48.31638418079096,80.03683156110341,25.0
sx7fpp,41.1740112304688,28.0865478515625,63.92351274787536,78.36561778290994,27.0
sx7fpq,41.1685180664063,28.0975341796875,72.21751412429379,83.09361280271916,34.0
sx7fpr,41.1740112304688,28.0975341796875,34.844632768361585,82.1729804532088,16.0
sx7fps,41.1575317382813,28.1085205078125,106.53672316384181,72.15488762523694,48.0
sx7fpt,41.1630249023438,28.1085205078125,91.0677966101695,76.16412789899822,40.0
sx7fpy,41.1685180664063,28.1195068359375,1565.2225352112675,90.73601628937597,239.0
sx7fpz,41.1740112304688,28.1195068359375,1485.2647887323944,92.50197628458498,250.0
sx7fq5,41.1959838867188,28.0426025390625,961.45197740113,89.89625014975441,175.0
sx7fqf,41.1904907226563,28.0755615234375,57.867231638418076,72.63350707371556,22.0
sx7fqg,41.1959838867188,28.0755615234375,1528.231638418079,86.22912923703437,237.0
sx7fqk,41.2014770507813,28.0535888671875,664.9830508474577,85.94596213755092,137.0
sx7fqs,41.2014770507813,28.0645751953125,1144.4378531073446,90.89553132862106,202.0
sx7fqu,41.2014770507813,28.0755615234375,2483.8394366197185,67.72530235899892,379.0
sx7fqv,41.2069702148438,28.0755615234375,1188.0366197183098,78.76467768991134,184.0
sx7fqx,41.2179565429688,28.0645751953125,926.0535211267605,81.04996405463694,162.0
sx7fqy,41.2124633789063,28.0755615234375,1062.8225352112677,87.99568603954464,167.0
sx7fqz,41.2179565429688,28.0755615234375,299.38700564971754,86.12481910274964,83.0
sx7fr0,41.1795043945313,28.0865478515625,109.54237288135593,73.72001086808858,47.0
sx7fr1,41.1849975585938,28.0865478515625,107.4322033898305,76.7523173391494,40.0
sx7fr3,41.1849975585938,28.0975341796875,90.89295774647887,91.41141331977632,33.0
sx7fr4,41.1904907226563,28.0865478515625,1592.0282485875707,85.07762338284618,287.0
sx7fr5,41.1959838867188,28.0865478515625,538.5282485875706,86.43531950605443,126.0
sx7fr6,41.1904907226563,28.0975341796875,1770.8841807909605,90.44135617587158,308.0
sx7fr8,41.1795043945313,28.1085205078125,910.3661971830986,89.91314244638792,198.0
sx7fr9,41.1849975585938,28.1085205078125,2104.861971830986,91.87985146142789,325.0
sx7frb,41.1795043945313,28.1195068359375,742.2056338028169,91.17227746495747,162.0
sx7frd,41.1904907226563,28.1085205078125,74.11016949152543,90.17742149198357,22.0
sx7ftv,41.2509155273438,28.0316162109375,1.0,50.25,1.0
sx7fty,41.2564086914063,28.0316162109375,641.9293785310734,74.17920115149334,136.0
sx7ftz,41.2619018554688,28.0316162109375,623.8389830508474,72.1626094255906,140.0
sx7fv7,41.2838745117188,28.0096435546875,1077.7203389830509,39.99136794149383,184.0
sx7fv9,41.2728881835938,28.0206298828125,1.1818181818181819,52.23076923076923,1.0
sx7fvb,41.2673950195313,28.0316162109375,941.5593220338983,65.36406137616878,180.0
sx7fvc,41.2728881835938,28.0316162109375,1051.7542372881355,60.919942473633746,186.0
sx7fvd,41.2783813476563,28.0206298828125,937.0593220338983,56.62099580083983,173.0
sx7fve,41.2838745117188,28.0206298828125,683.867231638418,58.4738358137302,153.0
sx7fvf,41.2783813476563,28.0316162109375,124.37570621468926,55.12227524829098,64.0
sx7fvk,41.2893676757813,28.0096435546875,571.8644067796611,70.21138601969733,138.0
sx7fvm,41.2948608398438,28.0096435546875,612.6271186440678,79.54390390390391,137.0
sx7fvp,41.3058471679688,27.9986572265625,958.3070422535211,73.17621673459603,156.0
sx7fvq,41.3003540039063,28.0096435546875,433.683615819209,73.07348512227442,107.0
sx7fvr,41.3058471679688,28.0096435546875,1037.6129943502824,38.78274415817855,197.0
sx7fw3,41.2289428710938,28.0535888671875,680.4915254237288,84.25803357314149,134.0
sx7fw4,41.2344360351563,28.0426025390625,61.76271186440678,88.89765635834142,23.0
sx7fw5,41.2399291992188,28.0426025390625,681.6242937853108,88.76802207028908,130.0
sx7fw6,41.2344360351563,28.0535888671875,689.271186440678,86.64569099844181,120.0
sx7fw8,41.2234497070313,28.0645751953125,896.6309859154929,74.13359693266236,153.0
sx7fw9,41.2289428710938,28.0645751953125,654.6468926553672,77.03987030142909,132.0
sx7fwh,41.2454223632813,28.0426025390625,676.1892655367232,87.5612856800192,140.0
sx7fwj,41.2509155273438,28.0426025390625,876.867231638418,79.16061368812179,159.0
sx7fwn,41.2564086914063,28.0426025390625,290.364406779661,75.88294797687861,85.0
sx7ghb,41.3113403320313,27.9876708984375,1575.0338028169015,46.093892215568864,230.0
sx7ghc,41.3168334960938,27.9876708984375,1593.2985915492957,65.1459530651341,226.0
sx7ghd,41.3223266601563,27.9766845703125,1221.629943502825,48.60979992811789,197.0
sx7ghe,41.3278198242188,27.9766845703125,680.1355932203389,20.636243386243386,90.0
sx7ghf,41.3223266601563,27.9876708984375,628.6158192090395,62.52344405804053,156.0
sx7ghk,41.3333129882813,27.9656982421875,524.512676056338,54.01575087170855,89.0
sx7ghm,41.3388061523438,27.9656982421875,537.8112676056338,70.96620158768343,92.0
sx7ghq,41.3442993164063,27.9656982421875,257.1887323943662,76.22082978464533,70.0
sx7ghs,41.3333129882813,27.9766845703125,25.89830508474576,15.444665605095542,12.0
sx7gj0,41.3113403320313,27.9986572265625,527.0788732394366,76.36715556624189,112.0
sxhzvq,40.7730102539063,29.4158935546875,331.62994350282486,61.33781512605042,59.0
sxhzvr,40.7785034179688,29.4158935546875,1053.9858757062148,59.76273217495506,188.0
sxhzvt,40.7675170898438,29.4268798828125,895.7090395480226,32.07547621900084,87.0
sxhzvw,40.7730102539063,29.4268798828125,1050.6666666666667,48.35709151892669,125.0
sxk18j,41.0751342773438,28.1304931640625,859.7881355932203,78.53822190270789,135.0
sxk18m,41.0751342773438,28.1414794921875,844.8418079096045,80.64310530729604,141.0
sxk18n,41.0806274414063,28.1304931640625,967.2118644067797,91.77444870565677,135.0
sxk18p,41.0861206054688,28.1304931640625,458.29378531073445,92.71505634140495,93.0
sxk18r,41.0861206054688,28.1414794921875,761.5508474576271,91.10460100647016,133.0
sxk18t,41.0751342773438,28.1524658203125,1097.4293785310736,83.45346748113546,148.0
sxk18v,41.0751342773438,28.1634521484375,1306.2366197183098,67.50485088034495,171.0
sxk19j,41.0751342773438,28.1744384765625,1185.0,79.68403401604982,166.0
sxk19m,41.0751342773438,28.1854248046875,535.0254237288135,82.3329338446788,113.0
sxk19q,41.0806274414063,28.1854248046875,1177.3605633802817,81.85185628742515,165.0
sxk19w,41.0806274414063,28.1964111328125,1290.2845070422536,75.43161676646707,171.0
sxk19y,41.0806274414063,28.2073974609375,1590.512676056338,70.42455089820359,227.0
sxk1b2,41.0916137695313,28.1414794921875,940.638418079096,90.32574577692584,137.0
sxk1b8,41.0916137695313,28.1524658203125,80.84180790960453,89.89590792838875,20.0
sxk1b9,41.0971069335938,28.1524658203125,1007.8870056497175,90.18931224538701,138.0
sxk1bd,41.1026000976563,28.1524658203125,1026.7661971830985,90.20400095831337,143.0
sxk1bf,41.1026000976563,28.1634521484375,38.09065155807365,86.13460635467209,14.0
sxk1bg,41.1080932617188,28.1634521484375,1171.594366197183,77.54796981674453,151.0
sxk1bu,41.1135864257813,28.1634521484375,755.5084745762712,54.35006589193722,113.0
sxk1bx,41.1300659179688,28.1524658203125,1399.6440677966102,89.24568758984188,284.0
sxk1by,41.1245727539063,28.1634521484375,1065.8841807909605,93.96357100059916,212.0
sxk1bz,41.1300659179688,28.1634521484375,1520.1751412429378,92.43160038332535,274.0
sxk1ch,41.1135864257813,28.1744384765625,766.430985915493,84.74925122798611,110.0
sxk1cj,41.1190795898438,28.1744384765625,1225.1971830985915,93.50551030186871,244.0
sxk1cm,41.1190795898438,28.1854248046875,1537.5267605633803,91.44898203592814,290.0
sxk1cn,41.1245727539063,28.1744384765625,517.5536723163842,95.10719424460432,128.0
sxk1cq,41.1245727539063,28.1854248046875,227.35875706214688,94.91414080425069,53.0
sxk1ct,41.1190795898438,28.1964111328125,870.0816901408451,93.83527015694261,175.0
sxk1cv,41.1190795898438,28.2073974609375,1516.7711864406779,90.52833353300586,263.0
sxk1cw,41.1245727539063,28.1964111328125,777.0028248587571,93.17298010069527,141.0
sxk1cy,41.1245727539063,28.2073974609375,1235.680790960452,66.68970887744099,191.0
sxk1cz,41.1300659179688,28.2073974609375,134.17847025495752,59.45707310457073,39.0
sxk1dn,41.0806274414063,28.2183837890625,1863.338028169014,71.4638965393366,246.0
sxk1dq,41.0806274414063,28.2293701171875,1901.1267605633802,75.07733748353886,249.0
sxk1dt,41.0751342773438,28.2403564453125,1160.0676056338027,50.53442701472878,233.0
sxk1dv,41.0751342773438,28.2513427734375,1813.3774647887324,56.38326149425287,291.0
sxk1dw,41.0806274414063,28.2403564453125,2741.1859154929575,49.99485276514245,357.0
sxk1dx,41.0861206054688,28.2403564453125,633.4491525423729,50.14865513928915,81.0
sxk1dz,41.0861206054688,28.2513427734375,575.8502824858757,41.86389255306392,85.0
sxk1ej,41.0751342773438,28.2623291015625,1601.6845070422535,65.29238505747126,231.0
sxk1ek,41.0696411132813,28.2733154296875,1772.5577464788732,62.30304118773947,259.0
sxk1em,41.0751342773438,28.2733154296875,963.9971830985916,60.89372154325425,192.0
sxk1es,41.0696411132813,28.2843017578125,1930.6816901408451,67.28727098551072,282.0
sxk1eu,41.0696411132813,28.2952880859375,2082.7830985915493,64.2440426296252,288.0
sxk1fb,41.0916137695313,28.2513427734375,850.867231638418,50.42365771812081,126.0
sxk1fc,41.0971069335938,28.2513427734375,534.8276836158192,71.09657657657658,77.0
sxk1ff,41.1026000976563,28.2513427734375,219.24858757062148,65.6925511197663,54.0
sxk1fj,41.1190795898438,28.2183837890625,831.361581920904,87.29418813660875,175.0
sxk1fn,41.1245727539063,28.2183837890625,17.22159090909091,61.75856164383562,9.0
sxk1fp,41.1300659179688,28.2183837890625,1450.8587570621469,80.79264494489698,236.0
sxk1fq,41.1245727539063,28.2293701171875,1676.2994350282486,88.4672975563009,285.0
sxk1fr,41.1300659179688,28.2293701171875,1171.4632768361582,89.72729451234125,215.0
sxk1ft,41.1190795898438,28.2403564453125,443.2225352112676,93.18249400479617,105.0
sxk1fu,41.1135864257813,28.2513427734375,287.29378531073445,83.56588122144747,69.0
sxk1fv,41.1190795898438,28.2513427734375,2217.2028169014084,90.2701245807379,369.0
sxk1fw,41.1245727539063,28.2403564453125,1859.0112676056337,92.05617439214276,317.0
sxk1g4,41.1026000976563,28.2623291015625,484.6412429378531,60.186546546546545,83.0
sxk1g5,41.1080932617188,28.2623291015625,515.8870056497175,65.21275063032778,93.0
sxk1g7,41.1080932617188,28.2733154296875,1624.3267605633803,92.43450670498085,268.0
sxk1ge,41.1080932617188,28.2843017578125,1450.143661971831,90.95438218390805,268.0
sxk1gg,41.1080932617188,28.2952880859375,1492.312676056338,87.16884205484374,257.0
sxk1gh,41.1135864257813,28.2623291015625,1512.9096045197741,85.04552533844495,283.0
sxk1gx,41.1300659179688,28.2843017578125,210.4689265536723,77.5344366025797,40.0
sxk1qx,41.0421752929688,28.4161376953125,1862.319209039548,57.94646706586826,304.0
sxk1qy,41.0366821289063,28.4271240234375,953.2401129943503,60.135840919980836,216.0
sxk1qz,41.0421752929688,28.4271240234375,1666.4661016949153,70.33229553346905,276.0
sxk1rg,41.0202026367188,28.4710693359375,1452.2853107344633,70.13919501677049,335.0
sxk1rm,41.0311889648438,28.4490966796875,1299.3926553672316,64.72407185628742,240.0
sxk1rn,41.0366821289063,28.4381103515625,2040.587570621469,53.142121647509576,303.0
sxk1rq,41.0366821289063,28.4490966796875,1169.1920903954801,70.75284397078194,228.0
sxk1rs,41.0256958007813,28.4600830078125,1593.9802259887006,65.65289256198348,346.0
sxk1rt,41.0311889648438,28.4600830078125,2121.968926553672,62.344992812649735,372.0
sxk1ru,41.0256958007813,28.4710693359375,1829.3983050847457,72.45520958083833,347.0
sxk1rw,41.0366821289063,28.4600830078125,406.39830508474574,69.6823157382632,93.0
sxk1rx,41.0421752929688,28.4600830078125,13.291784702549576,72.86684460260973,6.0
sxk1ry,41.0366821289063,28.4710693359375,1.4921465968586387,49.31071428571428,2.0
sxk1rz,41.0421752929688,28.4710693359375,392.54237288135596,67.46811100292113,84.0
sxk1s5,41.0641479492188,28.3062744140625,1251.569014084507,80.93640718562874,234.0
sxk1s7,41.0641479492188,28.3172607421875,1666.2676056338028,71.87868263473054,255.0
sxk1se,41.0641479492188,28.3282470703125,1663.138028169014,73.77389221556886,247.0
sxk1sf,41.0586547851563,28.3392333984375,548.5197740112994,78.17192183191464,135.0
sxk1sg,41.0641479492188,28.3392333984375,1502.030985915493,78.86549287339801,243.0
sxk1sh,41.0696411132813,28.3062744140625,1348.1690140845071,79.95185628742514,236.0
sxk1t4,41.0586547851563,28.3502197265625,1667.2478873239436,70.2264399473117,247.0
sxk1t6,41.0586547851563,28.3612060546875,1189.205633802817,73.57524242787022,200.0
sxk1t9,41.0531616210938,28.3721923828125,1729.5605633802818,46.468327146449525,290.0
sxk1tc,41.0531616210938,28.3831787109375,1716.1295774647888,65.60778443113773,293.0
sxk1td,41.0586547851563,28.3721923828125,1640.7824858757062,56.56082375478927,299.0
sxk1te,41.0641479492188,28.3721923828125,375.8926553672316,51.166546242774565,86.0
sxk1tg,41.0641479492188,28.3831787109375,575.4011299435028,75.23085234093638,104.0
sxk1tr,41.0861206054688,28.3612060546875,956.7887323943662,89.71834191925242,222.0
sxk1tt,41.0751342773438,28.3721923828125,1568.002824858757,88.29599904168663,301.0
sxk1tu,41.0696411132813,28.3831787109375,1833.2401129943503,86.07904191616767,329.0
sxk1tv,41.0751342773438,28.3831787109375,301.9830508474576,89.4905048076923,75.0
sxk1tw,41.0806274414063,28.3721923828125,1505.8079096045199,88.28417395471426,310.0
sxk1tx,41.0861206054688,28.3721923828125,994.6366197183098,90.11095135394201,192.0
sxk1u4,41.1026000976563,28.3062744140625,1256.8870056497176,87.74697496106386,247.0
sxk1u5,41.1080932617188,28.3062744140625,558.430985915493,85.99328939484721,118.0
sxk1u6,41.1026000976563,28.3172607421875,1560.8728813559321,89.87961188308577,292.0
sxk1uc,41.0971069335938,28.3392333984375,1267.6751412429378,89.27267281658081,250.0
sxk1ud,41.1026000976563,28.3282470703125,1404.7577464788733,89.30386872679362,258.0
sxk1uf,41.1026000976563,28.3392333984375,120.44915254237289,85.23591593085438,39.0
sxk1v1,41.0971069335938,28.3502197265625,1924.2591549295776,86.98826487845767,337.0
sxk1v2,41.0916137695313,28.3612060546875,1875.2288135593221,92.24030172413794,335.0
sxk1v3,41.0971069335938,28.3612060546875,660.8531073446328,91.93576992210905,160.0
sxk1w0,41.0476684570313,28.3941650390625,1576.906779661017,78.12167664670659,277.0
sxk1w1,41.0531616210938,28.3941650390625,493.728813559322,74.85150533765143,131.0
sxk1w2,41.0476684570313,28.4051513671875,1625.2090395480227,75.82682634730538,277.0
sxk1w5,41.0641479492188,28.3941650390625,1035.6412429378531,91.05067081935793,220.0
sxk1w6,41.0586547851563,28.4051513671875,556.5323943661972,87.86120100683208,128.0
sxk1w7,41.0641479492188,28.4051513671875,2444.5267605633803,92.46575670498085,388.0
sxk1w8,41.0476684570313,28.4161376953125,1.0,63.6,1.0
sxk1wc,41.0531616210938,28.4271240234375,1408.5903954802259,91.69801149976043,285.0
sxk1wd,41.0586547851563,28.4161376953125,2796.4845070422534,87.14737220160421,419.0
sxk1wf,41.0586547851563,28.4271240234375,1226.2732394366196,89.9832315247335,274.0
sxk1wh,41.0696411132813,28.3941650390625,1328.231638418079,89.86006948604289,259.0
sxk1x1,41.0531616210938,28.4381103515625,2189.313559322034,91.5619686265118,344.0
sxk1x3,41.0531616210938,28.4490966796875,2920.875706214689,88.25512037369745,410.0
sxk1x9,41.0531616210938,28.4600830078125,922.9830508474577,89.5823649215287,198.0
sxk1xb,41.0476684570313,28.4710693359375,329.4717514124294,57.23865300146413,84.0
sxk1xc,41.0531616210938,28.4710693359375,289.1045197740113,81.47613219094248,82.0
sxk1xd,41.0586547851563,28.4600830078125,2157.107344632768,90.20004791566842,344.0
sxk1xf,41.0586547851563,28.4710693359375,1858.5338983050847,90.8369669381888,313.0
sxk1zz,41.1300659179688,28.4710693359375,952.4491525423729,41.374460431654676,126.0
sxk323,41.0092163085938,28.4930419921875,609.7146892655368,77.77657916816493,197.0
sxk324,41.0147094726563,28.4820556640625,1004.0225988700565,72.57822232870149,292.0
sxk325,41.0202026367188,28.4820556640625,1962.1073446327684,74.15979875419262,364.0
sxk326,41.0147094726563,28.4930419921875,1921.1101694915253,75.50508921087295,360.0
sxk329,41.0092163085938,28.5040283203125,1965.1949152542372,80.28713464302827,364.0
sxk32c,41.0092163085938,28.5150146484375,2287.7655367231637,72.34323709117048,421.0
sxk331,41.0092163085938,28.5260009765625,2346.629943502825,70.36883085769047,396.0
sxk333,41.0092163085938,28.5369873046875,1914.0141242937852,61.54394157088122,416.0
sxk336,41.0147094726563,28.5369873046875,2510.830508474576,62.969348659003835,442.0
sxk33d,41.0147094726563,28.5479736328125,3271.2909604519773,61.83692528735632,507.0
sxk33f,41.0147094726563,28.5589599609375,4082.3728813559323,47.940613026819925,695.0
sxk33g,41.0202026367188,28.5589599609375,4623.6214689265535,45.97222222222222,759.0
sxk33t,41.0311889648438,28.5479736328125,425.59887005649716,69.45537428023033,106.0
sxk33u,41.0256958007813,28.5589599609375,2329.30790960452,52.19940119760479,289.0
sxk33v,41.0311889648438,28.5589599609375,1421.6553672316384,58.282616508925365,231.0
sxk33w,41.0366821289063,28.5479736328125,1617.268361581921,55.26755331895519,242.0
sxk33x,41.0421752929688,28.5479736328125,1277.9435028248588,75.87251377905584,230.0
sxk35q,40.9927368164063,28.6248779296875,284.683615819209,28.14760590423617,80.0
sxk35r,40.9982299804688,28.6248779296875,1182.816384180791,32.90751168084342,172.0
sxk365,41.0202026367188,28.5699462890625,5068.926553672316,63.599377394636015,746.0
sxk367,41.0202026367188,28.5809326171875,4738.752112676057,59.958333333333336,685.0
sxk36k,41.0256958007813,28.5809326171875,1758.3898305084747,67.24634730538922,435.0
sxk36s,41.0256958007813,28.5919189453125,4525.619718309859,59.88758529869508,602.0
sxk36u,41.0256958007813,28.6029052734375,4351.718309859155,53.4556446785586,665.0
sxk372,41.0037231445313,28.6248779296875,1360.8418079096045,27.730746197149358,184.0
sxk373,41.0092163085938,28.6248779296875,1740.8926553672316,29.897377559573705,224.0
sxk376,41.0147094726563,28.6248779296875,2535.090395480226,34.23568862275449,328.0
sxk377,41.0202026367188,28.6248779296875,8693.577464788732,41.6657488327547,1159.0
sxk37c,41.0092163085938,28.6468505859375,1270.5310734463276,59.69125748502994,301.0
sxk37d,41.0147094726563,28.6358642578125,5546.988732394366,52.148090506404884,742.0
sxk37e,41.0202026367188,28.6358642578125,6369.912676056338,47.77148671295188,873.0
sxk37f,41.0147094726563,28.6468505859375,7299.2,50.2533221597031,934.0
sxk37h,41.0256958007813,28.6138916015625,4168.299435028249,51.20974500179576,608.0
sxk37k,41.0256958007813,28.6248779296875,6606.627118644068,52.81573275862069,1001.0
sxk37m,41.0311889648438,28.6248779296875,2848.146892655367,54.953663793103445,390.0
sxk37q,41.0366821289063,28.6248779296875,3155.7570621468926,44.077964071856286,444.0
sxk37r,41.0421752929688,28.6248779296875,3525.124293785311,42.74526946107785,478.0
sxk384,41.0586547851563,28.4820556640625,1326.8,92.1166606779255,219.0
sxk386,41.0586547851563,28.4930419921875,1902.374647887324,92.27098551071728,314.0
sxk387,41.0641479492188,28.4930419921875,609.1098591549296,92.39532654284002,143.0
sxk38e,41.0641479492188,28.5040283203125,2276.4,90.82605052077098,347.0
sxk38s,41.0696411132813,28.5040283203125,1887.5464788732395,89.22129086336966,318.0
sxk38t,41.0751342773438,28.5040283203125,2389.8676056338027,89.81424296828247,353.0
sxk38w,41.0806274414063,28.5040283203125,1527.7830985915493,92.38187043467848,245.0
sxk38x,41.0861206054688,28.5040283203125,2761.7774647887322,84.85642438031374,447.0
sxk38y,41.0806274414063,28.5150146484375,1336.3022598870057,78.47826086956522,269.0
sxk38z,41.0861206054688,28.5150146484375,2648.8418079096045,54.95605842911878,465.0
sxk392,41.0476684570313,28.5369873046875,23.463276836158194,81.04705642697087,11.0
sxk393,41.0531616210938,28.5369873046875,1220.6892655367233,84.1434048161016,244.0
sxk395,41.0641479492188,28.5260009765625,798.6281690140845,81.12185478073329,222.0
sxk396,41.0586547851563,28.5369873046875,1323.5323943661972,64.09141008745657,278.0
sxk397,41.0641479492188,28.5369873046875,960.7492957746479,74.8116462976276,252.0
sxk398,41.0476684570313,28.5479736328125,1098.0734463276835,81.15526536480172,219.0
sxk399,41.0531616210938,28.5479736328125,23.16949152542373,79.28562421185372,12.0
sxk39h,41.0696411132813,28.5260009765625,1309.794366197183,86.32790224032587,263.0
sxk39j,41.0751342773438,28.5260009765625,1331.3954802259886,83.78955563540543,265.0
sxk39n,41.0806274414063,28.5260009765625,244.4463276836158,81.60889533478365,73.0
sxk3b8,41.0916137695313,28.5040283203125,1798.5762711864406,70.15095243800168,365.0
sxk3b9,41.0971069335938,28.5040283203125,2.0760869565217392,58.904761904761905,3.0
sxk3bb,41.0916137695313,28.5150146484375,4448.449152542373,77.12392241379311,690.0
sxk3bc,41.0971069335938,28.5150146484375,4952.788732394366,84.57768733540819,720.0
sxk3bd,41.1026000976563,28.5040283203125,1928.5367231638418,87.34283660757067,356.0
sxk3be,41.1080932617188,28.5040283203125,2043.2401129943503,79.19398874386302,363.0
sxk3bf,41.1026000976563,28.5150146484375,864.7598870056497,89.75745955662073,209.0
sxk3bk,41.1135864257813,28.4930419921875,226.88418079096044,76.7445652173913,64.0
sxk3bm,41.1190795898438,28.4930419921875,791.2485875706215,66.45534213685474,119.0
sxk3bn,41.1245727539063,28.4820556640625,774.2118644067797,63.67771771771772,119.0
sxk3bp,41.1300659179688,28.4820556640625,375.7853107344633,59.4098618851466,92.0
sxk3bq,41.1245727539063,28.4930419921875,1098.1892655367233,83.06778443113772,253.0
sxk3br,41.1300659179688,28.4930419921875,948.7655367231638,95.68830857690465,219.0
sxk3bs,41.1135864257813,28.5040283203125,1939.8305084745762,80.47041916167665,358.0
sxk3bt,41.1190795898438,28.5040283203125,983.7937853107345,91.60701880464727,223.0
sxk3bw,41.1245727539063,28.5040283203125,753.6920903954802,91.81612362242453,200.0
sxk3c4,41.1026000976563,28.5260009765625,2745.7464788732395,89.99808383233533,437.0
sxk3c6,41.1026000976563,28.5369873046875,506.8225352112676,90.65408126573175,114.0
sxk3c7,41.1080932617188,28.5369873046875,2546.7090395480227,89.60751915708812,425.0
sxk3ce,41.1080932617188,28.5479736328125,2259.456338028169,90.57604790419161,411.0
sxk3cg,41.1080932617188,28.5589599609375,1956.2853107344633,92.76517782301521,402.0
sxk3e2,41.0476684570313,28.6248779296875,2920.3389830508477,43.99868231911835,471.0
sxk3e3,41.0531616210938,28.6248779296875,3078.9491525423728,46.41046831955923,443.0
sxk3e6,41.0586547851563,28.6248779296875,3554.0564971751414,43.17391304347826,504.0
sxk3e7,41.0641479492188,28.6248779296875,3001.991525423729,48.35245508982036,399.0
sxk3eg,41.0641479492188,28.6468505859375,3647.231638418079,50.53556034482759,608.0
sxk3ek,41.0696411132813,28.6248779296875,3096.084745762712,45.57444005270092,424.0
sxk3em,41.0751342773438,28.6248779296875,3308.5338983050847,39.98431137724551,405.0
sxk3eq,41.0806274414063,28.6248779296875,3541.5790960451977,52.83389221556886,567.0
sxk3er,41.0861206054688,28.6248779296875,4802.225988700565,39.005867560771165,791.0
sxk3eu,41.0696411132813,28.6468505859375,2463.4039548022597,94.53790873158462,441.0
sxk3ev,41.0751342773438,28.6468505859375,2683.430985915493,92.00335249042146,480.0
sxk3ew,41.0806274414063,28.6358642578125,744.143661971831,87.00670899724452,175.0
sxk3ex,41.0861206054688,28.6358642578125,4392.639436619718,53.67145593869732,683.0
sxk3ey,41.0806274414063,28.6468505859375,884.9070422535211,89.67932438907523,241.0
sxk3ez,41.0861206054688,28.6468505859375,1889.4632768361582,42.85526000479272,344.0
sxk3f5,41.1080932617188,28.5699462890625,2592.532394366197,90.22549371633752,432.0
sxk3f6,41.1026000976563,28.5809326171875,285.2994350282486,86.80356068807892,78.0
sxk3f7,41.1080932617188,28.5809326171875,1906.412429378531,88.27883578871722,325.0
sxk3fd,41.1026000976563,28.5919189453125,2024.6073446327684,92.14985625299472,374.0
sxk3ff,41.1026000976563,28.6029052734375,1841.3276836158193,89.13009103977001,318.0
sxk3g1,41.0971069335938,28.6138916015625,1430.8305084745762,80.34886785671499,267.0
sxk3g2,41.0916137695313,28.6248779296875,1410.7062146892656,88.62809917355372,211.0
sxk3g3,41.0971069335938,28.6248779296875,1643.6732394366197,85.88582724332096,266.0
sxk3g4,41.1026000976563,28.6138916015625,1508.683615819209,82.81895518811406,320.0
sxk3g8,41.0916137695313,28.6358642578125,4832.870056497175,50.119760479041915,653.0
sxk3g9,41.0971069335938,28.6358642578125,2517.237288135593,48.6957355055103,485.0
sxk3gb,41.0916137695313,28.6468505859375,1663.4774011299435,46.204553624925104,308.0
sxk3gc,41.0971069335938,28.6468505859375,826.2033898305085,41.905807535397166,244.0
sxk3gd,41.1026000976563,28.6358642578125,3239.875706214689,44.51532934131737,463.0
sxk3ge,41.1080932617188,28.6358642578125,2592.3295774647886,60.81451323194827,383.0
sxk3gk,41.1135864257813,28.6248779296875,1176.7711864406779,54.420270755960225,312.0
sxk3gm,41.1190795898438,28.6248779296875,3563.504225352113,44.20713601532567,572.0
sxk3gq,41.1245727539063,28.6248779296875,2975.343661971831,55.25646551724138,465.0
sxk3gr,41.1300659179688,28.6248779296875,2436.949295774648,67.83043946832714,410.0
sxk3gs,41.1135864257813,28.6358642578125,2672.543661971831,63.84600646629146,413.0
sxk3hd,40.9707641601563,28.6798095703125,881.9604519774011,35.548294029101854,291.0
sxk3he,40.9762573242188,28.6798095703125,2274.677966101695,27.242420567547903,424.0
sxk3hf,40.9707641601563,28.6907958984375,12.791428571428572,31.63411938098747,10.0
sxk3hg,40.9762573242188,28.6907958984375,33.06857142857143,17.810292015519707,16.0
sxk3hs,40.9817504882813,28.6798095703125,2064.861581920904,57.215817855002996,415.0
sxk3ht,40.9872436523438,28.6798095703125,2138.6892655367233,62.491736526946106,414.0
sxk3hv,40.9872436523438,28.6907958984375,1666.5661971830987,63.80131736526946,364.0
sxk3hw,40.9927368164063,28.6798095703125,3865.2542372881358,63.00945994491678,627.0
sxk3hx,40.9982299804688,28.6798095703125,4649.189265536723,62.005508322356604,735.0
sxk3hy,40.9927368164063,28.6907958984375,1539.6129943502824,63.08660757067561,348.0
sxk3hz,40.9982299804688,28.6907958984375,7227.737288135593,51.52292040694195,1072.0
sxk3j5,40.9762573242188,28.7017822265625,191.45762711864407,19.654875342644562,55.0
sxk3j6,40.9707641601563,28.7127685546875,661.4661016949152,21.925966052726615,142.0
sxk3j7,40.9762573242188,28.7127685546875,1416.9830985915494,23.030655011375885,229.0
sxk3jd,40.9707641601563,28.7237548828125,844.9858757062146,26.025077993760497,163.0
sxk3je,40.9762573242188,28.7237548828125,994.9971751412429,19.101820795400094,150.0
sxk3jf,40.9707641601563,28.7347412109375,746.4422535211268,27.93124173578555,167.0
sxk3jg,40.9762573242188,28.7347412109375,7943.098591549296,44.849431478156795,1154.0
sxk3jh,40.9817504882813,28.7017822265625,1761.454802259887,34.67864414899988,301.0
sxk3jj,40.9872436523438,28.7017822265625,2782.8169014084506,31.940725661597412,477.0
sxk3jk,40.9817504882813,28.7127685546875,1757.7288135593221,21.552521260031142,289.0
sxk3jm,40.9872436523438,28.7127685546875,6549.064788732394,41.151029200574435,1048.0
sxk3jn,40.9927368164063,28.7017822265625,4970.09014084507,39.716987908535856,1000.0
sxk3jp,40.9982299804688,28.7017822265625,8642.645070422535,48.442489527229206,1223.0
sxk3jq,40.9927368164063,28.7127685546875,8278.315492957747,48.9997606510292,1193.0
sxk3jr,40.9982299804688,28.7127685546875,1481.7796610169491,39.58248472505092,228.0
sxk3js,40.9817504882813,28.7237548828125,8719.315492957747,34.015677357587364,1214.0
sxk3jt,40.9872436523438,28.7237548828125,8058.757746478873,45.31549970077798,1209.0
sxk3ju,40.9817504882813,28.7347412109375,6928.616901408451,38.1255385351843,1122.0
sxk3jv,40.9872436523438,28.7347412109375,113.19263456090651,22.891343615395304,46.0
sxk3jw,40.9927368164063,28.7237548828125,1005.8587570621469,41.21164211282788,214.0
sxk3k1,41.0092163085938,28.6578369140625,8685.18028169014,48.255894673848,1074.0
sxk3k2,41.0037231445313,28.6688232421875,8807.794366197184,43.42202274087373,1149.0
sxk3k3,41.0092163085938,28.6688232421875,4668.532394366197,44.4724682786689,836.0
sxk3k8,41.0037231445313,28.6798095703125,14450.177966101695,50.71905673928657,1836.0
sxk3k9,41.0092163085938,28.6798095703125,7264.542372881356,59.70841815351455,1032.0
sxk3kb,41.0037231445313,28.6907958984375,6760.25988700565,50.462238180730104,1099.0
sxk3kd,41.0147094726563,28.6798095703125,5821.757746478873,70.93117069667225,983.0
sxk3ke,41.0202026367188,28.6798095703125,6766.47323943662,64.69056739286569,1068.0
sxk3kf,41.0147094726563,28.6907958984375,2692.497175141243,37.187619731800766,404.0
sxk3kg,41.0202026367188,28.6907958984375,2055.6977401129943,37.203089450365226,348.0
sxk3ks,41.0256958007813,28.6798095703125,9296.157746478873,53.03615034713909,1395.0
sxk3kt,41.0311889648438,28.6798095703125,3281.6478873239435,31.88031119090365,494.0
sxk3ku,41.0256958007813,28.6907958984375,3734.5,42.91581846485451,848.0
sxk3kv,41.0311889648438,28.6907958984375,6113.276836158192,66.7347623039157,960.0
sxk3kw,41.0366821289063,28.6798095703125,2392.4478873239436,33.48671295187934,413.0
sxk3kx,41.0421752929688,28.6798095703125,2327.6084507042256,31.153220014364376,462.0
sxk3ky,41.0366821289063,28.6907958984375,7492.0225352112675,64.02405745062836,1093.0
sxk3kz,41.0421752929688,28.6907958984375,7724.991549295774,60.4825317061498,1095.0
sxk3m0,41.0037231445313,28.7017822265625,2407.4576271186443,24.88278256704981,348.0
sxk3m1,41.0092163085938,28.7017822265625,2672.1101694915255,28.08104872500898,364.0
sxk3m2,41.0037231445313,28.7127685546875,1496.0564971751412,33.24332415279607,213.0
sxk3m4,41.0147094726563,28.7017822265625,963.2429378531074,23.745417515274948,231.0
sxk3n4,40.9707641601563,28.7457275390625,136.954802259887,32.343438596491225,62.0
sxk3n5,40.9762573242188,28.7457275390625,8142.1949152542375,46.86280378307195,1180.0
sxk3ne,40.9762573242188,28.7677001953125,34.91761363636363,35.99129447388342,16.0
sxk3ng,40.9762573242188,28.7786865234375,735.3333333333334,35.3101789019124,123.0
sxk3nh,40.9817504882813,28.7457275390625,5583.370056497175,46.457071009459945,938.0
sxk3nk,40.9817504882813,28.7567138671875,7444.422535211268,52.121034358912965,1095.0
sxk3ns,40.9817504882813,28.7677001953125,2660.5734463276835,50.85271225002994,560.0
sxk3nt,40.9872436523438,28.7677001953125,7766.814084507042,45.14783337323438,1068.0
sxk3nu,40.9817504882813,28.7786865234375,685.8898305084746,31.44841749214786,130.0
sxk3nv,40.9872436523438,28.7786865234375,7854.154929577465,47.24649994016992,1089.0
sxk3nw,40.9927368164063,28.7677001953125,1346.3954802259886,25.478739968858545,170.0
sxk3nx,40.9982299804688,28.7677001953125,1107.0677966101696,24.542600359496706,163.0
sxk3ny,40.9927368164063,28.7786865234375,1610.1864406779662,18.667225481978207,246.0
sxk3nz,40.9982299804688,28.7786865234375,1524.3022598870057,19.94539576098671,240.0
sxk3p3,40.9652709960938,28.8006591796875,1724.0112994350281,40.86919022520364,282.0
sxk3p4,40.9707641601563,28.7896728515625,878.2429378531074,38.570171208102245,138.0
sxk3p5,40.9762573242188,28.7896728515625,606.2344632768362,31.940041018216913,127.0
sxk3p6,40.9707641601563,28.8006591796875,1642.861581920904,44.98250449370881,255.0
sxk3p7,40.9762573242188,28.8006591796875,1275.6920903954801,43.26408535123472,198.0
sxk3p9,40.9652709960938,28.8116455078125,2003.0649717514125,50.308171579199616,283.0
sxk3pb,40.9597778320313,28.8226318359375,573.1779661016949,18.76131289972246,79.0
sxk3pc,40.9652709960938,28.8226318359375,2039.9632768361582,50.88233884495567,292.0
sxk3ph,40.9817504882813,28.7896728515625,513.8361581920904,24.073320491211174,83.0
sxk3pj,40.9872436523438,28.7896728515625,8075.118309859155,50.14094280928452,1106.0
sxk3pk,40.9817504882813,28.8006591796875,1143.819209039548,50.69619949646325,170.0
sxk3pm,40.9872436523438,28.8006591796875,1827.1581920903955,36.02011976047904,246.0
sxk3pn,40.9927368164063,28.7896728515625,7816.9070422535215,44.23357664233577,1088.0
sxk3pp,40.9982299804688,28.7896728515625,1472.2118644067796,17.768530714884445,291.0
sxk3pq,40.9927368164063,28.8006591796875,1484.3521126760563,43.09476458607883,348.0
sxk3pr,40.9982299804688,28.8006591796875,8487.72676056338,46.81151268549545,1155.0
sxk3pu,40.9817504882813,28.8226318359375,857.2853107344632,51.5251677852349,260.0
sxk3pv,40.9872436523438,28.8226318359375,3141.7655367231637,60.263409961685824,514.0
sxk3pw,40.9927368164063,28.8116455078125,3370.6845070422537,56.562619731800766,631.0
sxk3px,40.9982299804688,28.8116455078125,8092.583098591549,60.273184156994134,1211.0
sxk3py,40.9927368164063,28.8226318359375,12153.14647887324,52.136532248414504,1804.0
sxk3pz,40.9982299804688,28.8226318359375,7497.718309859155,58.51238482709106,1092.0
sxk3q8,41.0037231445313,28.7677001953125,887.5536723163842,35.33920863309353,156.0
sxk3q9,41.0092163085938,28.7677001953125,871.9435028248588,29.12468528953363,155.0
sxk3qb,41.0037231445313,28.7786865234375,1359.3248587570622,20.46174110884924,229.0
sxk3qc,41.0092163085938,28.7786865234375,1505.5169491525423,22.101676646706586,206.0
sxk3qd,41.0147094726563,28.7677001953125,1229.9802259887006,51.897101102060375,189.0
sxk3qe,41.0202026367188,28.7677001953125,1752.7966101694915,34.140821458507965,259.0
sxk3qf,41.0147094726563,28.7786865234375,1426.4689265536724,36.86691423095352,275.0
sxk3qg,41.0202026367188,28.7786865234375,1910.2288135593221,42.457844311377244,303.0
sxk3qp,41.0421752929688,28.7457275390625,31.384180790960453,47.21280400572246,12.0
sxk3qq,41.0366821289063,28.7567138671875,703.9887005649717,40.00251798561151,253.0
sxk3qr,41.0421752929688,28.7567138671875,1573.7514124293784,38.97820881226053,305.0
sxk3qs,41.0256958007813,28.7677001953125,1506.7542372881355,47.776047904191614,227.0
sxk3qt,41.0311889648438,28.7677001953125,2472.2090395480227,34.72425766283525,454.0
sxk3qu,41.0256958007813,28.7786865234375,1047.9915254237287,33.03307766059444,231.0
sxk3qv,41.0311889648438,28.7786865234375,778.9632768361582,28.50299688324143,239.0
sxk3qw,41.0366821289063,28.7677001953125,2710.5423728813557,38.72126436781609,461.0
sxk3qx,41.0421752929688,28.7677001953125,477.9406779661017,33.49189578580862,124.0
sxk3qy,41.0366821289063,28.7786865234375,1412.0197740112994,33.080618112122664,284.0
sxk3qz,41.0421752929688,28.7786865234375,1734.6214689265537,39.135928143712576,296.0
sxk3r0,41.0037231445313,28.7896728515625,1367.7146892655367,18.02635046113307,236.0
sxk3r1,41.0092163085938,28.7896728515625,3156.991525423729,22.72365900383142,400.0
sxk3r2,41.0037231445313,28.8006591796875,2160.4180790960454,19.07185628742515,296.0
sxk3r3,41.0092163085938,28.8006591796875,3367.562146892655,22.80138872261463,431.0
sxk3r4,41.0147094726563,28.7896728515625,2789.7203389830506,27.93725302358999,404.0
sxk3r5,41.0202026367188,28.7896728515625,2086.4322033898306,22.726793627979397,312.0
sxk3r6,41.0147094726563,28.8006591796875,1825.8333333333333,22.24428212190157,273.0
sxk3r7,41.0202026367188,28.8006591796875,1710.7824858757062,21.968753741170836,226.0
sxk3r8,41.0037231445313,28.8116455078125,7331.7316384180795,59.37781235040689,1100.0
sxk3r9,41.0092163085938,28.8116455078125,9851.084507042253,46.223471707142004,1353.0
sxk3rb,41.0037231445313,28.8226318359375,1919.6638418079096,23.420258620689655,357.0
sxk3rc,41.0092163085938,28.8226318359375,3345.0,25.200790229885058,487.0
sxk3rd,41.0147094726563,28.8116455078125,7262.09014084507,63.026448061273335,1006.0
sxk3re,41.0202026367188,28.8116455078125,7548.200564971751,63.624057450628364,1027.0
sxk3rf,41.0147094726563,28.8226318359375,4367.281690140845,24.574506283662476,541.0
sxk3rg,41.0202026367188,28.8226318359375,2820.107344632768,25.86059880239521,466.0
sxk3rh,41.0256958007813,28.7896728515625,3051.3389830508477,33.6932103939648,505.0
sxk3rj,41.0311889648438,28.7896728515625,3358.991525423729,37.18182906392148,563.0
sxk3rk,41.0256958007813,28.8006591796875,1383.6497175141244,18.51616379310345,202.0
sxk3rm,41.0311889648438,28.8006591796875,3823.8107344632767,28.000239377618193,453.0
sxk3rn,41.0366821289063,28.7896728515625,3010.553672316384,27.601842987075155,415.0
sxk3rp,41.0421752929688,28.7896728515625,1408.6214689265537,37.14852078093185,215.0
sxk3rq,41.0366821289063,28.8006591796875,1632.7352112676056,23.635460313659763,267.0
sxk3rr,41.0421752929688,28.8006591796875,1929.5352112676057,33.02477854919799,288.0
sxk3rs,41.0256958007813,28.8116455078125,13308.808450704226,41.684934785210004,1770.0
sxk3rt,41.0311889648438,28.8116455078125,11556.890140845071,51.719569120287254,1496.0
sxk3ru,41.0256958007813,28.8226318359375,1719.8022598870057,24.5575931918974,351.0
sxk3rv,41.0311889648438,28.8226318359375,2572.6525423728813,24.21542330259849,374.0
sxk3rw,41.0366821289063,28.8116455078125,9878.881690140845,61.978929725847,1320.0
sxk3rx,41.0421752929688,28.8116455078125,10737.830985915492,52.129487793202486,1412.0
sxk3ry,41.0366821289063,28.8226318359375,1536.5734463276835,18.949694574200503,260.0
sxk3rz,41.0421752929688,28.8226318359375,1743.177966101695,23.08564925730714,302.0
sxk3s1,41.0531616210938,28.6578369140625,1241.0450704225352,64.5841216620764,411.0
sxk3s2,41.0476684570313,28.6688232421875,1908.4858757062148,38.472688068998565,377.0
sxk3s3,41.0531616210938,28.6688232421875,9158.581920903955,55.738177900155634,1289.0
sxk3s4,41.0586547851563,28.6578369140625,6967.087323943662,57.72603231597846,991.0
sxk3s5,41.0641479492188,28.6578369140625,4548.771186440678,59.318845785440615,726.0
sxk3s6,41.0586547851563,28.6688232421875,2799.74011299435,34.22083832335329,488.0
sxk3s7,41.0641479492188,28.6688232421875,3228.7909604519773,33.09026696995092,509.0
sxk3s8,41.0476684570313,28.6798095703125,1310.6638418079096,34.81051622948856,343.0
sxk3s9,41.0531616210938,28.6798095703125,12208.985915492958,57.507300143609385,1677.0
sxk3sb,41.0476684570313,28.6907958984375,7886.301408450704,51.32499700849587,1129.0
sxk3sc,41.0531616210938,28.6907958984375,4600.2535211267605,51.34566128067026,989.0
sxk3sd,41.0586547851563,28.6798095703125,480.1070422535211,57.22434052757794,135.0
sxk3se,41.0641479492188,28.6798095703125,1970.2711864406779,32.35796407185629,335.0
sxk3sf,41.0586547851563,28.6907958984375,8665.723163841807,53.96624371558535,1324.0
sxk3sg,41.0641479492188,28.6907958984375,711.3785310734463,30.130100816130582,144.0
sxk3sh,41.0696411132813,28.6578369140625,2133.358757062147,38.195159937702165,373.0
sxk3sj,41.0751342773438,28.6578369140625,2215.0819209039546,38.43238711222901,389.0
sxk3sk,41.0696411132813,28.6688232421875,1135.0480225988701,34.35713429974841,197.0
sxk3sn,41.0806274414063,28.6578369140625,1692.587570621469,57.348748053192764,326.0
sxk3sp,41.0861206054688,28.6578369140625,513.5649717514125,53.14371617558629,164.0
sxk3ss,41.0696411132813,28.6798095703125,755.6920903954802,30.099351273426237,161.0
sxk3su,41.0696411132813,28.6907958984375,2080.2457627118642,32.436901340996165,319.0
sxk3sv,41.0751342773438,28.6907958984375,1261.677966101695,29.812747094764585,259.0
sxk3t3,41.0531616210938,28.7127685546875,6730.9521126760565,58.11946372994972,1122.0
sxk3t4,41.0586547851563,28.7017822265625,11401.74858757062,53.221756821445666,1534.0
sxk3t5,41.0641479492188,28.7017822265625,1718.2033898305085,34.08167664670659,276.0
sxk3t6,41.0586547851563,28.7127685546875,10441.629943502825,52.859485338120884,1421.0
sxk3t7,41.0641479492188,28.7127685546875,773.9237288135594,33.46163989450971,173.0
sxk3t9,41.0531616210938,28.7237548828125,11850.016901408451,53.500777791073354,1473.0
sxk3tc,41.0531616210938,28.7347412109375,357.1723163841808,48.63926052055461,109.0
sxk3td,41.0586547851563,28.7237548828125,1705.6242937853108,39.93677403903724,305.0
sxk3tf,41.0586547851563,28.7347412109375,9308.478873239437,58.97079942556247,1310.0
sxk3tg,41.0641479492188,28.7347412109375,2363.5338983050847,45.74613818704347,447.0
sxk3th,41.0696411132813,28.7017822265625,400.4717514124294,43.421997349716904,107.0
sxk3tk,41.0696411132813,28.7127685546875,760.3107344632768,30.308618199325952,169.0
sxk3tm,41.0751342773438,28.7127685546875,428.88700564971754,31.165375630148777,105.0
sxk3tq,41.0806274414063,28.7127685546875,21.05367231638418,40.022533362502735,8.0
sxk3tr,41.0861206054688,28.7127685546875,5.169540229885057,25.461133069828723,7.0
sxk3w0,41.0476684570313,28.7457275390625,370.35593220338984,40.58446437227339,80.0
sxk3w1,41.0531616210938,28.7457275390625,484.61581920903956,45.36890867524967,93.0
sxk3w2,41.0476684570313,28.7567138671875,972.1016949152543,57.38075263662512,205.0
sxk3w3,41.0531616210938,28.7567138671875,1299.4435028248588,42.705882352941174,228.0
sxk3w4,41.0586547851563,28.7457275390625,3461.3502824858756,45.49970070633305,744.0
sxk3w5,41.0641479492188,28.7457275390625,10708.533898305084,50.06740093379624,1519.0
sxk3w6,41.0586547851563,28.7567138671875,7669.683615819209,53.20493176921235,1233.0
sxk3w7,41.0641479492188,28.7567138671875,5493.8983050847455,54.73009220452641,1070.0
sxk3w8,41.0476684570313,28.7677001953125,367.7401129943503,37.968670309653916,77.0
sxk3wb,41.0476684570313,28.7786865234375,1591.2062146892656,35.222155688622756,317.0
sxk3wc,41.0531616210938,28.7786865234375,1045.3757062146892,35.317304233121476,211.0
sxk3wd,41.0586547851563,28.7677001953125,732.2514124293785,53.930712059458166,198.0
sxk3we,41.0641479492188,28.7677001953125,9873.706214689266,64.55685898970553,1582.0
sxk3wf,41.0586547851563,28.7786865234375,1282.9096045197741,32.549736337488014,241.0
sxk3wg,41.0641479492188,28.7786865234375,9812.454802259886,62.27851585876721,1468.0
sxk3wk,41.0696411132813,28.7567138671875,648.5141242937854,28.228074385122977,117.0
sxk3wm,41.0751342773438,28.7567138671875,235.70056497175142,35.8843785346236,63.0
sxk3wq,41.0806274414063,28.7567138671875,112.64124293785311,38.842321452232675,46.0
sxk3ws,41.0696411132813,28.7677001953125,888.1440677966102,72.5472624895172,164.0
sxk3wt,41.0751342773438,28.7677001953125,1000.0960451977401,63.46093937215433,201.0
sxk3ww,41.0806274414063,28.7677001953125,1289.1016949152543,38.73439559123038,227.0
sxk3wx,41.0861206054688,28.7677001953125,72.39830508474576,60.717061742006614,49.0
sxk3wy,41.0806274414063,28.7786865234375,252.71186440677965,34.943741765480894,56.0
sxk3wz,41.0861206054688,28.7786865234375,957.1920903954802,57.571805322464634,211.0
sxk3x0,41.0476684570313,28.7896728515625,2401.785310734463,42.539796529024535,380.0
sxk3x1,41.0531616210938,28.7896728515625,2854.601694915254,30.226929982046677,408.0
sxk3x2,41.0476684570313,28.8006591796875,4352.132768361582,30.48683580660603,570.0
sxk3x3,41.0531616210938,28.8006591796875,1318.59604519774,17.1424637854663,156.0
sxk3x4,41.0586547851563,28.7896728515625,2848.6892655367233,31.67049670855775,412.0
sxk3x5,41.0641479492188,28.7896728515625,11573.607344632768,50.32591529073941,1564.0
sxk3x6,41.0586547851563,28.8006591796875,1479.2175141242938,24.80119760479042,260.0
sxk3x7,41.0641479492188,28.8006591796875,12933.112676056338,48.48952722920407,1612.0
sxk3x8,41.0476684570313,28.8116455078125,13338.169491525423,43.19806127333653,1719.0
sxk3x9,41.0531616210938,28.8116455078125,8807.152542372882,55.59774931162457,1025.0
sxk3xb,41.0476684570313,28.8226318359375,2652.8954802259886,29.49065868263473,469.0
sxk3xc,41.0531616210938,28.8226318359375,1760.177966101695,32.517303316968025,413.0
sxk3xd,41.0586547851563,28.8116455078125,14793.264788732395,49.09155098133078,1876.0
sxk3xe,41.0641479492188,28.8116455078125,15956.259154929578,49.778283251526396,2056.0
sxk3xf,41.0586547851563,28.8226318359375,1870.2203389830509,31.9265780332974,434.0
sxk3xg,41.0641479492188,28.8226318359375,9596.290960451977,57.60744642643362,1441.0
sxk3xh,41.0696411132813,28.7896728515625,1978.3672316384182,42.88907522759943,341.0
sxk3xj,41.0751342773438,28.7896728515625,2531.0,38.31724550898203,405.0
sxk3xk,41.0696411132813,28.8006591796875,1145.2937853107344,40.5425081630185,225.0
sxk3xn,41.0806274414063,28.7896728515625,2327.0819209039546,34.29219535551832,387.0
sxk3xp,41.0861206054688,28.7896728515625,1255.1920903954801,40.92179640718563,196.0
sxk3xq,41.0806274414063,28.8006591796875,995.1242937853108,54.322611617858854,261.0
sxk3xr,41.0861206054688,28.8006591796875,2870.35593220339,46.28574850299401,454.0
sxk3xs,41.0696411132813,28.8116455078125,9977.372881355932,60.91378278050533,1285.0
sxk3xt,41.0751342773438,28.8116455078125,8162.940677966101,72.21851053639847,1081.0
sxk3xu,41.0696411132813,28.8226318359375,3363.553672316384,64.33860342555995,566.0
sxk3xw,41.0806274414063,28.8116455078125,8221.319209039548,78.21776607206992,1072.0
sxk3xx,41.0861206054688,28.8116455078125,6393.036723163842,83.61905902071112,848.0
sxk3yb,41.0916137695313,28.7786865234375,86.81920903954803,71.20420775805391,32.0
sxk3yc,41.0971069335938,28.7786865234375,175.75141242937852,34.915179121014404,32.0
sxk3yf,41.1026000976563,28.7786865234375,227.25988700564972,29.764211566979732,73.0
sxk3yg,41.1080932617188,28.7786865234375,743.9378531073446,38.85255175734232,137.0
sxk3yu,41.1135864257813,28.7786865234375,345.82485875706215,41.92991452991453,79.0
sxk3z0,41.0916137695313,28.7896728515625,2109.2542372881358,42.74796455938697,335.0
sxk3z1,41.0971069335938,28.7896728515625,2035.8728813559321,39.14489282720632,287.0
sxk3z2,41.0916137695313,28.8006591796875,2145.4887005649716,42.82370565675935,373.0
sxk3z3,41.0971069335938,28.8006591796875,481.3954802259887,57.30045448962044,96.0
sxk3z4,41.1026000976563,28.7896728515625,1158.2514124293784,43.58956834532374,169.0
sxk3z5,41.1080932617188,28.7896728515625,654.0084745762712,46.14198271723476,135.0
sxk3z6,41.1026000976563,28.8006591796875,1766.6271186440679,46.86552508681595,325.0
sxk3z7,41.1080932617188,28.8006591796875,1552.0593220338983,48.2980608091932,284.0
sxk3z8,41.0916137695313,28.8116455078125,5712.322033898305,86.77318970676242,717.0
sxk3z9,41.0971069335938,28.8116455078125,5683.293785310734,89.64879099832416,689.0
sxk3zd,41.1026000976563,28.8116455078125,5899.061971830986,85.37163375224416,827.0
sxk3ze,41.1080932617188,28.8116455078125,4778.118309859155,91.76346660282499,630.0
sxk3zh,41.1135864257813,28.7896728515625,613.8587570621469,30.089134125636672,93.0
sxk3zr,41.1300659179688,28.8006591796875,3708.7971830985916,93.01041666666667,565.0
sxk3zs,41.1135864257813,28.8116455078125,5654.856338028169,89.75906642728904,766.0
sxk3zt,41.1190795898438,28.8116455078125,4655.808450704225,91.45374027528426,706.0
sxk3zu,41.1135864257813,28.8226318359375,842.4929577464789,78.62288389962781,153.0
sxk3zv,41.1190795898438,28.8226318359375,637.1211267605634,81.70746912840187,199.0
sxk3zw,41.1245727539063,28.8116455078125,4843.484507042253,93.38176160842508,610.0
sxk3zx,41.1300659179688,28.8116455078125,2722.4435028248586,92.56800766283524,460.0
sxk3zz,41.1300659179688,28.8226318359375,1794.1101694915253,57.447305389221555,341.0
sxk406,41.1465454101563,28.1414794921875,174.8276836158192,91.93110546070953,46.0
sxk407,41.1520385742188,28.1414794921875,1579.7549295774647,92.0704275961193,280.0
sxk408,41.1355590820313,28.1524658203125,1969.7718309859156,87.77170918672896,329.0
sxk409,41.1410522460938,28.1524658203125,1379.0395480225989,86.87806922984788,239.0
sxk40d,41.1465454101563,28.1524658203125,646.3549295774648,89.63227893601726,142.0
sxk40j,41.1630249023438,28.1304931640625,2344.6647887323943,90.91487068965517,314.0
sxk40k,41.1575317382813,28.1414794921875,1633.7514124293784,92.067081935793,268.0
sxk40m,41.1630249023438,28.1414794921875,398.22033898305085,90.56305442339966,81.0
sxk40n,41.1685180664063,28.1304931640625,882.3361581920904,90.40071856287425,190.0
sxk442,41.1355590820313,28.2293701171875,658.3644067796611,92.58194461095792,167.0
sxk448,41.1355590820313,28.2403564453125,1382.8757062146892,93.7868008144688,234.0
sxk449,41.1410522460938,28.2403564453125,72.954802259887,92.55761835300358,27.0
sxk44b,41.1355590820313,28.2513427734375,41.57344632768361,91.18107440568076,14.0
sxk44c,41.1410522460938,28.2513427734375,1477.4591549295774,95.57803329740089,252.0
sxk451,41.1410522460938,28.2623291015625,903.3971830985915,96.11909896956625,177.0
sxk452,41.1355590820313,28.2733154296875,1.972972972972973,31.71106557377049,3.0
sxk454,41.1465454101563,28.2623291015625,882.1098591549296,95.21600575056907,177.0
sxk456,41.1465454101563,28.2733154296875,1452.1408450704225,91.83574937103151,223.0
sxk458,41.1355590820313,28.2843017578125,171.33050847457628,64.86431976530986,37.0
sxk459,41.1410522460938,28.2843017578125,596.0056497175141,90.23666227071095,123.0
sxk45b,41.1355590820313,28.2952880859375,220.60734463276836,59.247690811861936,56.0
sxk45c,41.1410522460938,28.2952880859375,1817.2619718309859,91.24502994011976,285.0
sxk45d,41.1465454101563,28.2843017578125,1002.0451977401129,94.98981181829079,195.0
sxk45f,41.1465454101563,28.2952880859375,108.98866855524079,68.68649681528663,24.0
sxk4h1,41.1410522460938,28.3062744140625,1317.8225352112677,92.40191616766467,255.0
sxk4h3,41.1410522460938,28.3172607421875,629.8507042253522,86.26844753234307,147.0
sxk4h4,41.1465454101563,28.3062744140625,2.935185185185185,82.73394495412845,4.0
sxk4h6,41.1465454101563,28.3172607421875,1415.5605633802818,92.80299401197605,257.0
sxk4hd,41.1465454101563,28.3282470703125,1656.4704225352114,94.25425149700598,273.0
sxk4he,41.1520385742188,28.3282470703125,138.4732394366197,91.79188626057115,36.0
sxk4hf,41.1465454101563,28.3392333984375,5.3,86.91075949367088,5.0
sxk4hg,41.1520385742188,28.3392333984375,1617.1633802816903,97.06347305389221,269.0
sxk4j5,41.1520385742188,28.3502197265625,322.5282485875706,96.39476213358962,83.0
sxk4jh,41.1575317382813,28.3502197265625,1545.5746478873239,96.19293413173652,262.0
sxk4jk,41.1575317382813,28.3612060546875,538.8135593220339,96.9826139088729,142.0
sxk4jm,41.1630249023438,28.3612060546875,1511.1774647887323,94.58557911127082,256.0
sxk4jt,41.1630249023438,28.3721923828125,784.271186440678,102.15602156980228,149.0
sxk4jw,41.1685180664063,28.3721923828125,582.2259887005649,102.09994008388256,137.0
sxk4jy,41.1685180664063,28.3831787109375,935.3305084745763,91.16810448118859,190.0
sxk4nn,41.1685180664063,28.3941650390625,1.9481132075471699,71.91005291005291,4.0
sxk4nq,41.1685180664063,28.4051513671875,124.13276836158192,102.71218514256489,41.0
sxk4nw,41.1685180664063,28.4161376953125,210.8870056497175,101.50139275766017,69.0
sxk4ny,41.1685180664063,28.4271240234375,280.41971830985915,96.62854396924556,81.0
sxk4nz,41.1740112304688,28.4271240234375,1210.605633802817,94.06932471264368,237.0
sxk4pb,41.1355590820313,28.4710693359375,677.180790960452,40.5528054787937,96.0
sxk4pc,41.1410522460938,28.4710693359375,416.1327683615819,51.34233470573989,89.0
sxk4pd,41.1465454101563,28.4600830078125,357.76553672316385,41.50129581636431,56.0
sxk4pe,41.1520385742188,28.4600830078125,295.77966101694915,45.34460966542751,49.0
sxk4pf,41.1465454101563,28.4710693359375,1350.9350282485875,85.58481073310973,290.0
sxk4pg,41.1520385742188,28.4710693359375,1259.0338983050847,91.28597100754762,266.0
sxk4pk,41.1575317382813,28.4490966796875,222.97175141242937,36.19524107701941,43.0
sxk4pm,41.1630249023438,28.4490966796875,392.72033898305085,48.89278680452979,64.0
sxk4pp,41.1740112304688,28.4381103515625,1572.4901408450705,94.71886973180077,271.0
sxk4pq,41.1685180664063,28.4490966796875,328.98870056497174,41.37303762770994,61.0
sxk4pr,41.1740112304688,28.4490966796875,1756.0619718309858,93.03974144122576,307.0
sxk4ps,41.1575317382813,28.4600830078125,1079.2598870056497,68.38179640718563,240.0
sxk4pt,41.1630249023438,28.4600830078125,1332.8757062146892,59.47957839262187,285.0
sxk4pu,41.1575317382813,28.4710693359375,127.85875706214689,84.1120884644383,42.0
sxk4pv,41.1630249023438,28.4710693359375,1249.7401129943503,48.31635710005992,230.0
sxk4pw,41.1685180664063,28.4600830078125,488.7146892655367,92.56231039922339,123.0
sxk4px,41.1740112304688,28.4600830078125,2042.4704225352114,95.40989103101425,330.0
sxk4py,41.1685180664063,28.4710693359375,2494.6581920903955,87.2059880239521,469.0
sxk4pz,41.1740112304688,28.4710693359375,234.43502824858757,97.26428485504631,61.0
sxk4r2,41.1795043945313,28.4490966796875,188.21971830985916,58.92399636221904,40.0
sxk4r3,41.1849975585938,28.4490966796875,157.57062146892656,51.939545934530095,32.0
sxk4r6,41.1904907226563,28.4490966796875,174.16101694915255,33.01146245059289,36.0
sxk4r7,41.1959838867188,28.4490966796875,156.42090395480227,39.12536443148688,35.0
sxk4r8,41.1795043945313,28.4600830078125,415.44350282485874,93.43176842617368,105.0
sxk4r9,41.1849975585938,28.4600830078125,426.7090395480226,89.89588907808319,107.0
sxk4rd,41.1904907226563,28.4600830078125,378.1101694915254,94.96045887234561,80.0
sxk4re,41.1959838867188,28.4600830078125,375.138418079096,95.43115234375,79.0
sxk4rk,41.2014770507813,28.4490966796875,154.96610169491527,25.68349358974359,33.0
sxk4rm,41.2069702148438,28.4490966796875,90.20338983050847,55.66549047282992,27.0
sxk4rq,41.2124633789063,28.4490966796875,114.71468926553672,50.22666480913904,28.0
sxk4rr,41.2179565429688,28.4490966796875,70.36723163841808,63.05997931747673,25.0
sxk4rs,41.2014770507813,28.4600830078125,305.2090395480226,96.30665852168602,80.0
sxk4rt,41.2069702148438,28.4600830078125,290.3785310734463,95.32508574228319,72.0
sxk4ru,41.2014770507813,28.4710693359375,101.51694915254237,91.72541094044732,26.0
sxk4rv,41.2069702148438,28.4710693359375,19.985795454545453,87.99027283511269,12.0
sxk4rw,41.2124633789063,28.4600830078125,349.43220338983053,94.38577191052438,76.0
sxk4rx,41.2179565429688,28.4600830078125,686.943661971831,61.44779722389861,96.0
sxk4rz,41.2179565429688,28.4710693359375,371.316384180791,80.70245324265241,71.0
sxk4x8,41.2234497070313,28.4600830078125,318.1774647887324,32.74681629050561,64.0
sxk4xb,41.2234497070313,28.4710693359375,281.3333333333333,86.40800097871299,63.0
sxk600,41.1355590820313,28.4820556640625,911.7627118644068,95.00910397700048,215.0
sxk601,41.1410522460938,28.4820556640625,1179.5225988700565,91.2675212651252,258.0
sxk602,41.1355590820313,28.4930419921875,460.8220338983051,95.95874310386183,145.0
sxk604,41.1465454101563,28.4820556640625,1.8601694915254237,78.11483253588517,4.0
sxk60m,41.1630249023438,28.4930419921875,1790.816384180791,95.46699412962741,417.0
sxk60n,41.1685180664063,28.4820556640625,2356.4802259887006,87.76092945262906,496.0
sxk60q,41.1685180664063,28.4930419921875,821.4887005649717,93.76956261234272,224.0
sxk60t,41.1630249023438,28.5040283203125,2250.7915492957745,95.94203592814371,464.0
sxk60v,41.1630249023438,28.5150146484375,2226.811267605634,95.35720273021195,461.0
sxk61j,41.1630249023438,28.5260009765625,1075.4253521126761,95.2816918284208,243.0
sxk61n,41.1685180664063,28.5260009765625,2103.0790960451977,96.233680680321,425.0
sxk61q,41.1685180664063,28.5369873046875,2531.683615819209,94.46538922155689,447.0
sxk61w,41.1685180664063,28.5479736328125,1663.177966101695,93.54911356013416,384.0
sxk61x,41.1740112304688,28.5479736328125,2063.9265536723165,94.92227544910179,456.0
sxk61z,41.1740112304688,28.5589599609375,1752.1864406779662,95.37446094873023,400.0
sxk63b,41.1795043945313,28.5589599609375,2455.875706214689,95.91413173652694,468.0
sxk63c,41.1849975585938,28.5589599609375,114.57909604519774,96.89685097941978,34.0
sxk652,41.1355590820313,28.6248779296875,2071.6845070422537,59.58663633097832,379.0
sxk653,41.1410522460938,28.6248779296875,1398.4661016949153,66.39892215568862,293.0
sxk655,41.1520385742188,28.6138916015625,1340.3531073446327,34.42239520958084,220.0
sxk656,41.1465454101563,28.6248779296875,1531.774011299435,66.17129851461428,219.0
sxk657,41.1520385742188,28.6248779296875,501.2853107344633,54.210317936412714,121.0
sxk660,41.1795043945313,28.5699462890625,64.04237288135593,84.00681942171303,20.0
sxk661,41.1849975585938,28.5699462890625,2427.468926553672,91.76769249191713,460.0
sxk664,41.1904907226563,28.5699462890625,1782.1610169491526,88.28248113998323,366.0
sxk665,41.1959838867188,28.5699462890625,2088.223163841808,87.79034961685824,420.0
sxk66h,41.2014770507813,28.5699462890625,1580.364406779661,91.95519885002396,392.0
sxk66k,41.2014770507813,28.5809326171875,1213.3305084745762,92.52006228290813,312.0
sxk66m,41.2069702148438,28.5809326171875,2434.1718309859157,95.05040105351371,475.0
sxk66q,41.2124633789063,28.5809326171875,858.0112676056337,95.90071856287425,222.0
sxk66u,41.2014770507813,28.6029052734375,98.08215297450425,78.66509193054137,32.0
sxk66v,41.2069702148438,28.6029052734375,663.2570621468926,78.57007666506948,136.0
sxk66w,41.2124633789063,28.5919189453125,2331.7915492957745,94.70525559679157,457.0
sxk66x,41.2179565429688,28.5919189453125,1309.8084507042254,93.72460469573551,355.0
sxk66y,41.2124633789063,28.6029052734375,839.6581920903955,78.39829899377096,149.0
sxk66z,41.2179565429688,28.6029052734375,3157.576271186441,77.74563083552789,562.0
sxk675,41.1959838867188,28.6138916015625,794.0847457627119,61.092423879165665,132.0
sxk676,41.1904907226563,28.6248779296875,835.1440677966102,50.7455919395466,144.0
sxk677,41.1959838867188,28.6248779296875,128.60734463276836,62.1137559508895,31.0
sxk67d,41.1904907226563,28.6358642578125,752.9548022598871,46.65939759036144,152.0
sxk67f,41.1904907226563,28.6468505859375,666.0084745762712,76.2212570877066,139.0
sxk67h,41.2014770507813,28.6138916015625,715.2090395480226,72.99389002036659,133.0
sxk67j,41.2069702148438,28.6138916015625,1.0,76.66666666666667,1.0
sxk680,41.2234497070313,28.4820556640625,499.6101694915254,88.06988856589147,80.0
sxk682,41.2234497070313,28.4930419921875,112.18079096045197,89.69030825496343,31.0
sxk683,41.2289428710938,28.4930419921875,490.34180790960454,81.47691188946794,78.0
sxk689,41.2289428710938,28.5040283203125,311.8954802259887,82.74649261925094,62.0
sxk68c,41.2289428710938,28.5150146484375,532.0734463276837,85.27752931222048,77.0
sxk68d,41.2344360351563,28.5040283203125,473.1723163841808,89.26228516097797,73.0
sxk691,41.2289428710938,28.5260009765625,470.7994350282486,83.263361547763,75.0
sxk693,41.2289428710938,28.5369873046875,407.47740112994353,89.19663601161665,65.0
sxk699,41.2289428710938,28.5479736328125,309.225988700565,94.14374315943087,55.0
sxk69d,41.2344360351563,28.5479736328125,263.51977401129943,90.23826934795856,55.0
sxk69f,41.2344360351563,28.5589599609375,224.52824858757063,91.93717854518736,54.0
sxk69g,41.2399291992188,28.5589599609375,308.87005649717514,83.53324435816549,59.0
sxk69u,41.2454223632813,28.5589599609375,253.51977401129943,77.63725012189175,56.0
sxk6d8,41.2234497070313,28.5919189453125,130.22033898305085,62.89238539238539,36.0
sxk6db,41.2234497070313,28.6029052734375,3090.7485875706216,72.38558256496228,568.0
sxk6dc,41.2289428710938,28.6029052734375,1126.5395480225989,65.30234786775276,181.0
sxk6dd,41.2344360351563,28.5919189453125,104.02824858757062,21.522885438972164,27.0
sxk6de,41.2399291992188,28.5919189453125,153.9406779661017,48.03058024046001,31.0
sxk6df,41.2344360351563,28.6029052734375,328.9265536723164,36.48571428571429,62.0
sxk6dh,41.2454223632813,28.5699462890625,212.37570621468927,71.4421901735517,56.0
sxk6dj,41.2509155273438,28.5699462890625,321.364406779661,73.00024239486123,61.0
sxk6dm,41.2509155273438,28.5809326171875,364.5875706214689,79.58742275536169,63.0
sxk6ds,41.2454223632813,28.5919189453125,164.0310734463277,49.17181996086106,36.0
sxk6dt,41.2509155273438,28.5919189453125,454.274011299435,81.23738227481284,74.0
sxk6dw,41.2564086914063,28.5919189453125,311.3672316384181,87.04965400024281,67.0
sxk6dx,41.2619018554688,28.5919189453125,64.58757062146893,88.05854900296988,28.0
sxk6dz,41.2619018554688,28.6029052734375,237.07627118644066,86.89980377728722,58.0
sxk6e0,41.2234497070313,28.6138916015625,1335.5988700564972,92.95736016289376,358.0
sxk6e1,41.2289428710938,28.6138916015625,2459.2457627118642,96.81796407185628,488.0
sxk6e4,41.2344360351563,28.6138916015625,1867.1440677966102,96.29081327105042,415.0
sxk6e6,41.2344360351563,28.6248779296875,1708.8418079096045,96.93303785337805,375.0
sxk6e7,41.2399291992188,28.6248779296875,2784.177966101695,96.79221556886228,519.0
sxk6ee,41.2399291992188,28.6358642578125,1562.6723163841807,97.46340879147203,394.0
sxk6es,41.2454223632813,28.6358642578125,2136.463276836158,96.91844311377245,454.0
sxk6eu,41.2454223632813,28.6468505859375,2715.3728813559323,96.69592814371258,514.0
sxk6fb,41.2673950195313,28.6029052734375,285.40677966101697,85.50592402589471,61.0
sxk6fc,41.2728881835938,28.6029052734375,168.5,79.76149639572458,48.0
sxk6g1,41.2728881835938,28.6138916015625,322.65819209039546,79.55855527179861,58.0
sxk6g4,41.2783813476563,28.6138916015625,289.6327683615819,81.24188826543059,59.0
sxk6g5,41.2838745117188,28.6138916015625,256.48870056497174,86.3341058794828,60.0
sxk6g6,41.2783813476563,28.6248779296875,116.20338983050847,77.47933461292386,42.0
sxk6g7,41.2838745117188,28.6248779296875,395.31073446327684,85.61689492182765,68.0
sxk6gd,41.2783813476563,28.6358642578125,446.14406779661016,81.82988505747126,76.0
sxk6gf,41.2783813476563,28.6468505859375,505.21751412429376,83.61024713682941,85.0
sxk6k1,41.1849975585938,28.6578369140625,1.3533333333333333,66.60696517412936,2.0
sxk6k4,41.1904907226563,28.6578369140625,728.6751412429378,69.78420735382761,150.0
sxk6k6,41.1904907226563,28.6688232421875,709.4237288135594,58.28175129658666,131.0
sxk6k7,41.1959838867188,28.6688232421875,398.00282485875704,46.55115631432377,94.0
sxk6k9,41.1849975585938,28.6798095703125,790.0,39.9554592512339,171.0
sxk6kc,41.1849975585938,28.6907958984375,896.4604519774011,53.78694240711795,185.0
sxk6kd,41.1904907226563,28.6798095703125,506.6694915254237,45.56563706563706,94.0
sxk6m1,41.1849975585938,28.7017822265625,1301.446327683616,35.89633269415149,273.0
sxk6m3,41.1849975585938,28.7127685546875,3150.3276836158193,42.554544365944196,440.0
sxk6m9,41.1849975585938,28.7237548828125,3435.6158192090397,58.44353969584481,489.0
sxk6mb,41.1795043945313,28.7347412109375,2648.231638418079,74.49269461077844,387.0
sxk6mc,41.1849975585938,28.7347412109375,1916.7203389830509,28.31996168123578,252.0
sxk6me,41.1959838867188,28.7237548828125,910.8502824858757,27.789820359281435,118.0
sxk6mf,41.1904907226563,28.7347412109375,1040.59604519774,29.978919631093543,130.0
sxk6mg,41.1959838867188,28.7347412109375,836.6977401129943,36.16600790513834,107.0
sxk6mq,41.2124633789063,28.7127685546875,997.1352112676057,45.56085289889794,108.0
sxk6mr,41.2179565429688,28.7127685546875,1225.5746478873239,55.46436699005869,161.0
sxk6ms,41.2014770507813,28.7237548828125,817.9152542372881,39.744849065644466,89.0
sxk6mt,41.2069702148438,28.7237548828125,1097.6581920903955,47.294920939147104,130.0
sxk6mu,41.2014770507813,28.7347412109375,546.7909604519774,32.56305442339966,83.0
sxk6mw,41.2124633789063,28.7237548828125,508.4253521126761,54.614159080019164,81.0
sxk6np,41.1740112304688,28.7457275390625,3099.9802259887006,61.51293413173653,426.0
sxk6nq,41.1685180664063,28.7567138671875,1632.0282485875707,71.38548155246765,308.0
sxk6nr,41.1740112304688,28.7567138671875,3349.087570621469,53.63005988023952,443.0
sxk6nt,41.1630249023438,28.7677001953125,2201.398305084746,64.22984788597437,284.0
sxk6nu,41.1575317382813,28.7786865234375,2159.816384180791,67.15798299197509,343.0
sxk6nv,41.1630249023438,28.7786865234375,2483.3050847457625,56.4725748502994,382.0
sxk6nw,41.1685180664063,28.7677001953125,2117.0254237288136,73.88271235174314,299.0
sxk6p2,41.1355590820313,28.8006591796875,4852.154929577465,89.90672892720306,646.0
sxk6p3,41.1410522460938,28.8006591796875,5413.7915492957745,70.2722375194541,772.0
sxk6p4,41.1465454101563,28.7896728515625,3606.098870056497,57.05208957011136,482.0
sxk6p5,41.1520385742188,28.7896728515625,3714.776836158192,48.42629625194588,457.0
sxk6p6,41.1465454101563,28.8006591796875,2225.8502824858756,53.138306789606034,479.0
sxk6p7,41.1520385742188,28.8006591796875,8.244318181818182,62.94259818731118,8.0
sxk6p8,41.1355590820313,28.8116455078125,4321.522598870057,61.17287202202802,544.0
sxk6p9,41.1410522460938,28.8116455078125,3995.225988700565,85.79229019513947,636.0
sxk6pb,41.1355590820313,28.8226318359375,4081.412429378531,51.95019157088122,516.0
sxk6pd,41.1465454101563,28.8116455078125,4662.652542372882,87.79475511914741,652.0
sxk6pe,41.1520385742188,28.8116455078125,4838.276836158192,91.15267632618848,667.0
sxk6ph,41.1575317382813,28.7896728515625,3004.6525423728813,60.99521015447252,400.0
sxk6ps,41.1575317382813,28.8116455078125,4853.344632768361,95.06526946107785,654.0
sxk6pt,41.1630249023438,28.8116455078125,4518.129943502825,95.81491679636059,632.0
sxk6pw,41.1685180664063,28.8116455078125,4695.025423728814,95.496408045977,655.0
sxk6px,41.1740112304688,28.8116455078125,5102.171830985915,93.67891775410033,679.0
sxk6q0,41.1795043945313,28.7457275390625,3018.6977401129943,47.83057950191571,437.0
sxk6q1,41.1849975585938,28.7457275390625,1503.949152542373,20.081077844311377,178.0
sxk6q4,41.1904907226563,28.7457275390625,884.2994350282486,30.344476395878264,123.0
sxk6q5,41.1959838867188,28.7457275390625,448.09322033898303,34.26200192030725,83.0
sxk6q6,41.1904907226563,28.7567138671875,1.0789473684210527,39.31707317073171,1.0
sxk6q7,41.1959838867188,28.7567138671875,1009.5819209039548,34.34487302347868,151.0
sxk6qe,41.1959838867188,28.7677001953125,920.8135593220339,25.059697914169263,134.0
sxk6qh,41.2014770507813,28.7457275390625,245.98870056497177,32.47113752122241,53.0
sxk6qs,41.2014770507813,28.7677001953125,404.4406779661017,38.22531461761859,74.0
sxk6qt,41.2069702148438,28.7677001953125,228.319209039548,40.90764331210191,55.0
sxk6qv,41.2069702148438,28.7786865234375,323.92090395480227,39.25255226057365,69.0
sxk6qy,41.2124633789063,28.7786865234375,376.26553672316385,46.29256158233224,75.0
sxk6qz,41.2179565429688,28.7786865234375,317.6525423728813,73.60233349538163,72.0
sxk6r8,41.1795043945313,28.8116455078125,4857.002824858757,95.25850095785441,661.0
sxk6r9,41.1849975585938,28.8116455078125,1.7219730941704037,84.4769647696477,2.0
sxk6rb,41.1795043945313,28.8226318359375,290.183615819209,99.25789031561263,62.0
sxk6rc,41.1849975585938,28.8226318359375,4868.825352112676,95.17692123533637,683.0
sxk6rf,41.1904907226563,28.8226318359375,4889.420903954802,90.12152777777777,697.0
sxk6rg,41.1959838867188,28.8226318359375,2990.0677966101694,69.39540174829362,500.0
sxk6ru,41.2014770507813,28.8226318359375,3044.1723163841807,80.40838323353293,560.0
sxk6rv,41.2069702148438,28.8226318359375,4397.5197740113,83.57799592960613,697.0
sxk6ry,41.2124633789063,28.8226318359375,3110.4209039548023,84.60763888888889,597.0
sxk6sg,41.2399291992188,28.6907958984375,1278.3042253521128,80.41592814371258,187.0
sxk6sh,41.2454223632813,28.6578369140625,3157.8676056338027,96.54495390877528,564.0
sxk6sk,41.2454223632813,28.6688232421875,2162.8929577464787,92.90360435875942,405.0
sxk6sr,41.2619018554688,28.6688232421875,392.0762711864407,68.66590278615367,80.0
sxk6ss,41.2454223632813,28.6798095703125,1926.4478873239436,92.82966243715585,387.0
sxk6st,41.2509155273438,28.6798095703125,1172.2005649717514,69.75035936751318,205.0
sxk6su,41.2454223632813,28.6907958984375,3197.95197740113,86.8414371257485,595.0
sxk6sv,41.2509155273438,28.6907958984375,2432.4858757062148,82.85425149700599,349.0
sxk6sw,41.2564086914063,28.6798095703125,1748.2598870056497,68.64738292011019,276.0
sxk6sx,41.2619018554688,28.6798095703125,681.5254237288135,81.97417417417418,103.0
sxk6sy,41.2564086914063,28.6907958984375,2460.0169491525426,85.08251497005988,347.0
sxk6sz,41.2619018554688,28.6907958984375,1202.3418079096045,50.40301904876004,182.0
sxk6t0,41.2234497070313,28.7017822265625,414.1271186440678,68.47108925143954,95.0
sxk6t1,41.2289428710938,28.7017822265625,1062.1352112676057,76.2961188308577,157.0
sxk6t2,41.2234497070313,28.7127685546875,991.7211267605634,66.8923224338244,158.0
sxk6t4,41.2344360351563,28.7017822265625,1192.9633802816902,67.74502994011976,172.0
sxk6t5,41.2399291992188,28.7017822265625,6.917613636363637,69.70658090054428,6.0
sxk6tg,41.2399291992188,28.7347412109375,2.890282131661442,91.1046511627907,3.0
sxk6th,41.2454223632813,28.7017822265625,4107.533898305085,88.38991978929725,652.0
sxk6tj,41.2509155273438,28.7017822265625,312.2401129943503,80.83937575030012,73.0
sxk6tk,41.2454223632813,28.7127685546875,4799.098591549296,75.60162796265263,647.0
sxk6ts,41.2454223632813,28.7237548828125,4933.380281690141,90.47474263825713,677.0
sxk6tu,41.2454223632813,28.7347412109375,5879.560563380282,88.88770501616186,785.0
sxk6u1,41.2728881835938,28.6578369140625,573.9745762711865,82.2544906570223,90.0
sxk6u2,41.2673950195313,28.6688232421875,857.6525423728814,72.08993884158772,122.0
sxk6u3,41.2728881835938,28.6688232421875,833.6836158192091,70.03469804298236,125.0
sxk6u4,41.2783813476563,28.6578369140625,176.40112994350284,83.30408340573415,52.0
sxk6w5,41.2399291992188,28.7457275390625,1819.274011299435,89.45310815666546,396.0
sxk6w7,41.2399291992188,28.7567138671875,2381.2591549295776,91.4665948275862,417.0
sxk6wb,41.2234497070313,28.7786865234375,315.15819209039546,56.85203647416413,68.0
sxk6we,41.2399291992188,28.7677001953125,2515.287323943662,95.2834051724138,385.0
sxk6wg,41.2399291992188,28.7786865234375,2624.5239436619718,95.60435875943001,383.0
sxk6wh,41.2454223632813,28.7457275390625,4382.3492957746475,89.33939901831677,642.0
sxk6wk,41.2454223632813,28.7567138671875,3840.5661971830987,90.73341317365269,495.0
sxk6ws,41.2454223632813,28.7677001953125,4408.994366197183,93.3,556.0
sxk6wu,41.2454223632813,28.7786865234375,4462.143661971831,92.47593390804597,554.0
sxk6x0,41.2234497070313,28.7896728515625,399.38700564971754,71.88452683872531,80.0
sxk6x1,41.2289428710938,28.7896728515625,415.11299435028246,62.955989330746846,80.0
sxk6x3,41.2289428710938,28.8006591796875,256.49152542372883,57.63425306916251,68.0
sxk6x4,41.2344360351563,28.7896728515625,674.7175141242938,94.16876272607497,164.0
sxk6x5,41.2399291992188,28.7896728515625,5697.4,92.02538314176245,801.0
sxk6x6,41.2344360351563,28.8006591796875,1546.774011299435,86.02635046113306,367.0
sxk6x7,41.2399291992188,28.8006591796875,4731.923943661972,92.00538793103448,705.0
sxk6x9,41.2289428710938,28.8116455078125,1.1290322580645162,39.31428571428572,1.0
sxk6xb,41.2234497070313,28.8226318359375,101.03389830508475,32.58106841611996,36.0
sxk6xc,41.2289428710938,28.8226318359375,3391.9014084507044,75.66846328901664,580.0
sxk6xd,41.2344360351563,28.8116455078125,4422.870422535211,89.6035205364627,651.0
sxk6xe,41.2399291992188,28.8116455078125,3070.587570621469,72.9985632183908,637.0
sxk6xf,41.2344360351563,28.8226318359375,3563.7971830985916,89.64272030651341,590.0
sxk6xg,41.2399291992188,28.8226318359375,2118.5338983050847,69.21185628742515,440.0
sxk6xh,41.2454223632813,28.7896728515625,1467.4591549295774,91.37101796407185,343.0
sxk6xj,41.2509155273438,28.7896728515625,48.8390243902439,67.16149425287357,19.0
sxk6xk,41.2454223632813,28.8006591796875,69.7593984962406,42.89435069699193,23.0
sxk6xs,41.2454223632813,28.8116455078125,64.48725212464589,34.14340120111323,31.0
sxk8vx,40.9542846679688,29.0753173828125,547.6497175141243,40.819756948622306,136.0
sxk8vz,40.9542846679688,29.0863037109375,1327.5605633802818,39.540414321638124,181.0
sxk8wz,40.9103393554688,29.1302490234375,1458.1412429378531,46.164649490713,264.0
sxk8xg,40.8883666992188,29.1741943359375,2037.8309859154929,44.64272030651341,333.0
sxk8xj,40.8993530273438,29.1412353515625,679.1892655367232,54.497178532837076,168.0
sxk8xm,40.8993530273438,29.1522216796875,1351.0169491525423,56.59695589645254,233.0
sxk8xn,40.9048461914063,29.1412353515625,1554.0480225988701,57.536193672099714,250.0
sxk8xp,40.9103393554688,29.1412353515625,1331.8502824858756,46.611890207359465,235.0
sxk8xq,40.9048461914063,29.1522216796875,1210.8502824858756,53.0127052618962,226.0
sxk8xr,40.9103393554688,29.1522216796875,1117.7070422535212,31.54424619806011,145.0
sxk8xs,40.8938598632813,29.1632080078125,1628.4406779661017,43.51083962151156,271.0
sxk8xt,40.8993530273438,29.1632080078125,2427.9209039548023,46.961566091954026,393.0
sxk8xu,40.8938598632813,29.1741943359375,2311.983098591549,44.19633664551658,376.0
sxk8xv,40.8993530273438,29.1741943359375,1908.2028169014084,31.747036992697236,299.0
sxk8xw,40.9048461914063,29.1632080078125,1306.0845070422536,31.30994011976048,198.0
sxk8xx,40.9103393554688,29.1632080078125,1839.3718309859155,22.256975212549396,249.0
sxk8xy,40.9048461914063,29.1741943359375,1727.2929577464788,25.316930076628353,285.0
sxk8xz,40.9103393554688,29.1741943359375,2175.053672316384,24.25940119760479,308.0
sxk8y9,40.9213256835938,29.1192626953125,1.8311111111111111,43.07310704960835,4.0
sxk8yb,40.9158325195313,29.1302490234375,1800.8728813559321,44.883219547251166,285.0
sxk8yc,40.9213256835938,29.1302490234375,2225.968926553672,34.32299401197605,325.0
sxk8yd,40.9268188476563,29.1192626953125,1572.5225988700565,49.41986104456157,252.0
sxk8ye,40.9323120117188,29.1192626953125,2210.901129943503,45.49670698119986,348.0
sxk8yf,40.9268188476563,29.1302490234375,1423.4632768361582,25.285218016291328,203.0
sxk8yg,40.9323120117188,29.1302490234375,1466.7853107344633,27.21012931034483,226.0
sxk8yj,40.9432983398438,29.0972900390625,251.95762711864407,56.33455478197142,86.0
sxk8yk,40.9378051757813,29.1082763671875,860.7881355932203,60.40163147792706,178.0
sxk8ym,40.9432983398438,29.1082763671875,2041.2881355932204,39.2274251497006,309.0
sxk8yn,40.9487915039063,29.0972900390625,1441.1497175141244,42.10207260093447,251.0
sxk8yp,40.9542846679688,29.0972900390625,2952.4535211267607,24.790948275862068,398.0
sxk8yq,40.9487915039063,29.1082763671875,1399.4661016949153,23.942634730538924,222.0
sxk8yr,40.9542846679688,29.1082763671875,1557.4169014084507,32.6465868263473,336.0
sxk8ys,40.9378051757813,29.1192626953125,2674.6129943502824,36.723146928511554,412.0
sxk8yt,40.9432983398438,29.1192626953125,1191.1525423728813,23.308069923371647,222.0
sxk8yu,40.9378051757813,29.1302490234375,7133.641242937853,47.69899425287356,1085.0
sxk8yv,40.9432983398438,29.1302490234375,10961.292957746478,45.40318334131163,1377.0
sxk8yw,40.9487915039063,29.1192626953125,8578.371830985916,44.927596936333174,1228.0
sxk8yx,40.9542846679688,29.1192626953125,8589.14647887324,50.67384799521245,1155.0
sxk8yy,40.9487915039063,29.1302490234375,5259.36338028169,48.79169160780558,1028.0
sxk8yz,40.9542846679688,29.1302490234375,354.02542372881356,25.031738221183417,76.0
sxk8z0,40.9158325195313,29.1412353515625,1606.4943502824858,25.709855107172793,215.0
sxk8z1,40.9213256835938,29.1412353515625,1250.9717514124293,26.55119147407496,204.0
sxk8z2,40.9158325195313,29.1522216796875,1770.7887323943662,27.45941091954023,244.0
sxk8z3,40.9213256835938,29.1522216796875,5309.686440677966,41.6297138752544,999.0
sxk8z4,40.9268188476563,29.1412353515625,1416.870056497175,27.776526946107783,273.0
sxk8z5,40.9323120117188,29.1412353515625,8848.915254237289,48.18254728273881,1344.0
sxk8z6,40.9268188476563,29.1522216796875,9073.598870056498,47.16231745271726,1322.0
sxk8z7,40.9323120117188,29.1522216796875,1825.4209039548023,24.65170019157088,295.0
sxk8z8,40.9158325195313,29.1632080078125,1206.2535211267605,22.73778150455199,204.0
sxk8z9,40.9213256835938,29.1632080078125,7813.463276836158,54.703375628441464,1190.0
sxk8zb,40.9158325195313,29.1741943359375,6309.593220338983,51.4691091954023,1026.0
sxk8zc,40.9213256835938,29.1741943359375,5883.460451977401,46.94372605363985,970.0
sxk8zd,40.9268188476563,29.1632080078125,757.3220338983051,25.79690869877786,129.0
sxk8ze,40.9323120117188,29.1632080078125,653.5819209039548,23.294498381877023,123.0
sxk8zg,40.9323120117188,29.1741943359375,132.38983050847457,21.249043123245727,29.0
sxk8zh,40.9378051757813,29.1412353515625,7948.107344632768,45.26981086904477,1220.0
sxk8zj,40.9432983398438,29.1412353515625,2429.406779661017,42.35963127020232,339.0
sxk8zk,40.9378051757813,29.1522216796875,1269.3559322033898,21.35919540229885,236.0
sxk8zm,40.9432983398438,29.1522216796875,1807.5988700564972,29.446161216912206,337.0
sxk8zn,40.9487915039063,29.1412353515625,438.92937853107344,35.486129458388376,88.0
sxk8zp,40.9542846679688,29.1412353515625,1528.6327683615818,42.902155688622756,306.0
sxk8zq,40.9487915039063,29.1522216796875,1706.316384180791,51.308300395256914,248.0
sxk8zr,40.9542846679688,29.1522216796875,94.96327683615819,21.474747474747474,18.0
sxk8zs,40.9378051757813,29.1632080078125,297.7570621468927,23.024899304284144,69.0
sxk8zt,40.9432983398438,29.1632080078125,615.4180790960452,32.58478051133623,113.0
sxk8zu,40.9378051757813,29.1741943359375,6.02865329512894,16.371525808281337,6.0
sxk8zw,40.9487915039063,29.1632080078125,1735.0112994350281,38.871705797795876,292.0
sxk8zx,40.9542846679688,29.1632080078125,1503.370056497175,54.66678648454349,276.0
sxk8zy,40.9487915039063,29.1741943359375,439.1045197740113,38.18032586059047,89.0
sxk8zz,40.9542846679688,29.1741943359375,461.57909604519773,32.5975565058033,102.0
sxk900,40.9597778320313,28.8336181640625,474.34180790960454,25.03582161317466,75.0
sxk901,40.9652709960938,28.8336181640625,3903.231638418079,47.05532934131737,491.0
sxk902,40.9597778320313,28.8446044921875,77.82203389830508,23.08171052631579,20.0
sxk903,40.9652709960938,28.8446044921875,246.74858757062148,36.49691619301004,60.0
sxk904,40.9707641601563,28.8336181640625,2092.607344632768,57.374775422206255,389.0
sxk905,40.9762573242188,28.8336181640625,1176.7062146892656,66.17589264318237,234.0
sxk906,40.9707641601563,28.8446044921875,2890.1497175141244,55.45806374311047,407.0
sxk907,40.9762573242188,28.8446044921875,2481.545197740113,60.043353293413176,427.0
sxk90e,40.9762573242188,28.8555908203125,3351.909604519774,49.087164750957854,455.0
sxk90g,40.9762573242188,28.8665771484375,3989.0140845070423,43.24805459116485,518.0
sxk90h,40.9817504882813,28.8336181640625,1581.7429378531074,63.577434423284224,295.0
sxk90j,40.9872436523438,28.8336181640625,1355.415254237288,53.371825586966935,296.0
sxk90k,40.9817504882813,28.8446044921875,1218.8531073446327,61.52791756530074,243.0
sxk90m,40.9872436523438,28.8446044921875,646.9943502824859,29.831724969843183,112.0
sxk90n,40.9927368164063,28.8336181640625,9002.56338028169,40.51644933604498,1194.0
sxk90p,40.9982299804688,28.8336181640625,1610.7118644067796,15.864088133157706,233.0
sxk90q,40.9927368164063,28.8446044921875,8638.591549295774,43.03217318502571,1283.0
sxk90r,40.9982299804688,28.8446044921875,2057.909604519774,17.684985632183906,246.0
sxk90s,40.9817504882813,28.8555908203125,1551.6,36.5099377394636,203.0
sxk90t,40.9872436523438,28.8555908203125,1876.3323943661971,37.1143438697318,247.0
sxk90u,40.9817504882813,28.8665771484375,1395.6394366197183,27.334849754579192,202.0
sxk90v,40.9872436523438,28.8665771484375,770.8,26.914111164350743,116.0
sxk90w,40.9927368164063,28.8555908203125,8757.50985915493,45.6367552045944,1288.0
sxk90x,40.9982299804688,28.8555908203125,1940.2542372881355,21.866036154674966,288.0
sxk90y,40.9927368164063,28.8665771484375,5745.312676056338,43.03447450323198,954.0
sxk90z,40.9982299804688,28.8665771484375,8212.878873239437,42.496648312185776,1258.0
sxk915,40.9762573242188,28.8775634765625,3926.707042253521,42.722049317692125,504.0
sxk917,40.9762573242188,28.8885498046875,2645.0677966101694,44.4221876123158,438.0
sxk91h,40.9817504882813,28.8775634765625,607.0281690140845,18.84717727436174,85.0
sxk91j,40.9872436523438,28.8775634765625,629.1129943502825,23.055102040816326,114.0
sxk91k,40.9817504882813,28.8885498046875,4239.983050847458,42.190829642044775,585.0
sxk91m,40.9872436523438,28.8885498046875,1989.446327683616,33.06911007306264,247.0
sxk91n,40.9927368164063,28.8775634765625,759.409604519774,19.95006617735531,104.0
sxk91p,40.9982299804688,28.8775634765625,7712.569014084507,48.934993415539324,1163.0
sxk91q,40.9927368164063,28.8885498046875,2063.274011299435,33.809483894144414,265.0
sxk91r,40.9982299804688,28.8885498046875,3205.1497175141244,34.591545922643995,523.0
sxk91s,40.9817504882813,28.8995361328125,3197.7542372881358,53.77277624805459,480.0
sxk91t,40.9872436523438,28.8995361328125,670.4717514124294,18.918773211932432,93.0
sxk91u,40.9817504882813,28.9105224609375,1952.4096045197741,64.41049604601007,385.0
sxk91v,40.9872436523438,28.9105224609375,3656.9491525423728,50.11756255237639,528.0
sxk91w,40.9927368164063,28.8995361328125,1738.6751412429378,21.28475631660879,213.0
sxk91x,40.9982299804688,28.8995361328125,1489.7824858757062,21.782780505328702,189.0
sxk91y,40.9927368164063,28.9105224609375,1202.4096045197741,24.997125748502995,163.0
sxk91z,40.9982299804688,28.9105224609375,918.8305084745763,18.887651215714456,112.0
sxk920,41.0037231445313,28.8336181640625,1695.042372881356,16.58874251497006,232.0
sxk921,41.0092163085938,28.8336181640625,1667.1525423728813,16.973057118907914,231.0
sxk922,41.0037231445313,28.8446044921875,2360.892655367232,21.99233899928178,323.0
sxk923,41.0092163085938,28.8446044921875,2530.2542372881358,22.906990663155376,375.0
sxk924,41.0147094726563,28.8336181640625,2919.237288135593,28.225814176245212,343.0
sxk925,41.0202026367188,28.8336181640625,1999.0903954802259,20.552083333333332,287.0
sxk926,41.0147094726563,28.8446044921875,4398.923943661972,26.614123279473368,553.0
sxk927,41.0202026367188,28.8446044921875,2890.614084507042,28.94685180751736,379.0
sxk928,41.0037231445313,28.8555908203125,1240.822033898305,16.951508620689655,197.0
sxk929,41.0092163085938,28.8555908203125,1415.9604519774011,17.34111590038314,237.0
sxk92b,41.0037231445313,28.8665771484375,2260.084745762712,31.26994011976048,328.0
sxk92c,41.0092163085938,28.8665771484375,1741.5988700564972,23.12862275449102,279.0
sxk92d,41.0147094726563,28.8555908203125,2328.9154929577467,17.52835606604451,325.0
sxk92e,41.0202026367188,28.8555908203125,1196.6694915254238,17.787853378054624,175.0
sxk92f,41.0147094726563,28.8665771484375,1826.0112676056337,16.849101796407187,244.0
sxk92g,41.0202026367188,28.8665771484375,1915.4169014084507,20.782660759190517,249.0
sxk92h,41.0256958007813,28.8336181640625,2272.5790960451977,20.44264846743295,303.0
sxk92j,41.0311889648438,28.8336181640625,2858.641242937853,21.792025862068964,345.0
sxk92k,41.0256958007813,28.8446044921875,2697.3464788732394,25.789561886521426,391.0
sxk92m,41.0311889648438,28.8446044921875,3638.3661971830984,22.68925065836725,452.0
sxk92n,41.0366821289063,28.8336181640625,2273.0141242937852,23.084171455938698,311.0
sxk92p,41.0421752929688,28.8336181640625,2772.223163841808,25.07616766467066,375.0
sxk92q,41.0366821289063,28.8446044921875,2857.3295774647886,24.504430076628353,367.0
sxk92r,41.0421752929688,28.8446044921875,3431.6807909604518,23.881226053639846,412.0
sxk92s,41.0256958007813,28.8555908203125,1399.8587570621469,18.963819336288488,215.0
sxk92t,41.0311889648438,28.8555908203125,2836.562146892655,18.01867592481743,378.0
sxk92u,41.0256958007813,28.8665771484375,1831.225988700565,24.069333014010297,259.0
sxk92v,41.0311889648438,28.8665771484375,2004.4717514124293,19.977969348659006,256.0
sxk92w,41.0366821289063,28.8555908203125,2278.638418079096,19.19612068965517,303.0
sxk92x,41.0421752929688,28.8555908203125,2425.0706214689267,19.686384864088133,341.0
sxk92y,41.0366821289063,28.8665771484375,1867.6214689265537,19.261046581247754,233.0
sxk92z,41.0421752929688,28.8665771484375,1932.3502824858756,18.06309865900383,249.0
sxk930,41.0037231445313,28.8775634765625,2237.3333333333335,32.14545672213576,313.0
sxk931,41.0092163085938,28.8775634765625,3255.186440677966,27.841355363984675,426.0
sxk932,41.0037231445313,28.8885498046875,8976.497175141243,46.854885057471265,1279.0
sxk933,41.0092163085938,28.8885498046875,1154.0704225352113,23.372405518896223,183.0
sxk934,41.0147094726563,28.8775634765625,3454.4225352112676,27.825951639932967,413.0
sxk935,41.0202026367188,28.8775634765625,2577.7577464788733,24.336925287356323,372.0
sxk936,41.0147094726563,28.8885498046875,2271.557746478873,29.039396479463537,358.0
sxk937,41.0202026367188,28.8885498046875,2977.8957746478873,36.4746229351209,419.0
sxk938,41.0037231445313,28.8995361328125,4067.463276836158,33.15028140342474,715.0
sxk939,41.0092163085938,28.8995361328125,7773.714689265536,48.14860495749012,1106.0
sxk93b,41.0037231445313,28.9105224609375,1047.5988700564972,19.132622499101473,130.0
sxk93c,41.0092163085938,28.9105224609375,1819.045197740113,25.725868263473053,230.0
sxk93d,41.0147094726563,28.8995361328125,4004.8050847457625,40.27654734825811,673.0
sxk93e,41.0202026367188,28.8995361328125,3853.669491525424,36.36022985753621,487.0
sxk93f,41.0147094726563,28.9105224609375,6701.4915254237285,50.96443965517241,1020.0
sxk93g,41.0202026367188,28.9105224609375,5812.112994350283,45.19532934131737,912.0
sxk93h,41.0256958007813,28.8775634765625,1921.7966101694915,22.939626257786298,248.0
sxk93j,41.0311889648438,28.8775634765625,1469.5056497175142,22.841815351454915,191.0
sxk93k,41.0256958007813,28.8885498046875,629.0507042253521,36.35379061371841,108.0
sxk93m,41.0311889648438,28.8885498046875,1129.4,24.058915099988024,146.0
sxk93n,41.0366821289063,28.8775634765625,1844.454802259887,19.328145576439603,265.0
sxk93p,41.0421752929688,28.8775634765625,1280.4661016949153,15.617890073045144,212.0
sxk93q,41.0366821289063,28.8885498046875,4320.630985915493,42.4028010533876,536.0
sxk93r,41.0421752929688,28.8885498046875,7090.824858757062,56.51293103448276,912.0
sxk93s,41.0256958007813,28.8995361328125,3037.0225352112675,44.91333492937515,390.0
sxk93t,41.0311889648438,28.8995361328125,3593.228813559322,37.705854184125464,452.0
sxk93u,41.0256958007813,28.9105224609375,945.6751412429378,23.832831143786912,158.0
sxk93v,41.0311889648438,28.9105224609375,1531.629943502825,23.66023489932886,244.0
sxk93w,41.0366821289063,28.8995361328125,3556.112676056338,28.843888423320962,512.0
sxk93x,41.0421752929688,28.8995361328125,6401.460451977401,56.57698754789272,817.0
sxk93y,41.0366821289063,28.9105224609375,4097.090395480226,36.502155172413794,679.0
sxk93z,41.0421752929688,28.9105224609375,6908.457627118644,53.26346660282499,857.0
sxk94j,40.9872436523438,28.9215087890625,2580.3502824858756,64.45849802371542,465.0
sxk94n,40.9927368164063,28.9215087890625,2586.5960451977403,41.01987785893905,476.0
sxk94p,40.9982299804688,28.9215087890625,1526.7457627118645,31.09880239520958,226.0
sxk94q,40.9927368164063,28.9324951171875,1975.4435028248588,66.78399424943093,438.0
sxk94r,40.9982299804688,28.9324951171875,2868.4802259887006,54.04550353251108,478.0
sxk94x,40.9982299804688,28.9434814453125,373.6497175141243,35.543980641258315,78.0
sxk960,41.0037231445313,28.9215087890625,1471.2062146892656,32.780332974008864,204.0
sxk961,41.0092163085938,28.9215087890625,1377.949152542373,40.663353293413174,208.0
sxk962,41.0037231445313,28.9324951171875,2105.5734463276835,29.989580838323352,460.0
sxk963,41.0092163085938,28.9324951171875,939.042372881356,20.215329341317364,101.0
sxk964,41.0147094726563,28.9215087890625,1335.0141242937852,32.109953287818904,207.0
sxk965,41.0202026367188,28.9215087890625,7022.1016949152545,51.37303962648151,1053.0
sxk966,41.0147094726563,28.9324951171875,1538.6610169491526,27.0308908045977,175.0
sxk967,41.0202026367188,28.9324951171875,3455.223163841808,33.47168681910691,494.0
sxk968,41.0037231445313,28.9434814453125,3828.415254237288,51.03975095785441,535.0
sxk969,41.0092163085938,28.9434814453125,2031.8954802259886,25.450299401197604,240.0
sxk96b,41.0037231445313,28.9544677734375,4513.522598870057,44.881345785440615,592.0
sxk96c,41.0092163085938,28.9544677734375,3758.9830508474574,26.357399425287355,400.0
sxk96d,41.0147094726563,28.9434814453125,3001.8870056497176,28.950909961685824,356.0
sxk96e,41.0202026367188,28.9434814453125,2199.0141242937852,24.887452107279692,320.0
sxk96f,41.0147094726563,28.9544677734375,3112.545197740113,28.724530108942893,350.0
sxk96g,41.0202026367188,28.9544677734375,2421.822033898305,36.05340038314176,309.0
sxk96h,41.0256958007813,28.9215087890625,8242.483050847457,55.38984674329502,1207.0
sxk96j,41.0311889648438,28.9215087890625,9311.488700564973,53.878247336286364,1248.0
sxk96k,41.0256958007813,28.9324951171875,4302.680790960452,47.67404836006703,642.0
sxk96m,41.0311889648438,28.9324951171875,5774.285310734464,43.96515804597701,908.0
sxk96n,41.0366821289063,28.9215087890625,7267.9915254237285,50.803353293413174,882.0
sxk96p,41.0421752929688,28.9215087890625,1656.9887005649719,27.06073310972688,218.0
sxk96q,41.0366821289063,28.9324951171875,8434.97175141243,47.94647988505747,1250.0
sxk96r,41.0421752929688,28.9324951171875,2313.638418079096,32.1147030651341,316.0
sxk96s,41.0256958007813,28.9434814453125,1120.0762711864406,24.96286535697173,142.0
sxk96t,41.0311889648438,28.9434814453125,910.1299435028249,23.40991854336368,133.0
sxk96u,41.0256958007813,28.9544677734375,1429.502824858757,26.81700598802395,161.0
sxk96v,41.0311889648438,28.9544677734375,1223.0564971751412,34.70827842338565,134.0
sxk96w,41.0366821289063,28.9434814453125,3428.5169491525426,34.37748502994012,590.0
sxk96x,41.0421752929688,28.9434814453125,8336.718309859154,47.558721417454805,1285.0
sxk96y,41.0366821289063,28.9544677734375,658.8050847457627,23.277977474239158,87.0
sxk96z,41.0421752929688,28.9544677734375,947.2457627118644,21.784670658682636,128.0
sxk970,41.0037231445313,28.9654541015625,3384.714689265537,45.747126436781606,476.0
sxk971,41.0092163085938,28.9654541015625,413.47457627118644,17.94798034280235,65.0
sxk972,41.0037231445313,28.9764404296875,1435.776836158192,29.804910179640718,213.0
sxk973,41.0092163085938,28.9764404296875,435.2881355932203,12.55177372962608,72.0
sxk974,41.0147094726563,28.9654541015625,280.17514124293785,14.042947011855794,52.0
sxk975,41.0202026367188,28.9654541015625,2924.322033898305,30.86027298850575,365.0
sxk976,41.0147094726563,28.9764404296875,1729.5056497175142,24.846209126841536,279.0
sxk977,41.0202026367188,28.9764404296875,1875.3531073446327,29.702958438136303,249.0
sxk978,41.0037231445313,28.9874267578125,711.7966101694915,38.17599039615846,131.0
sxk979,41.0092163085938,28.9874267578125,717.6949152542373,58.804588037472975,124.0
sxk97b,41.0037231445313,28.9984130859375,1.2884615384615385,55.46153846153846,2.0
sxk97d,41.0147094726563,28.9874267578125,893.6985915492958,45.580393568514516,141.0
sxk97h,41.0256958007813,28.9654541015625,3587.7344632768363,36.54783858220572,418.0
sxk97j,41.0311889648438,28.9654541015625,2049.531073446328,26.294850299401197,222.0
sxk97k,41.0256958007813,28.9764404296875,2623.75988700565,21.649066091954023,349.0
sxk97m,41.0311889648438,28.9764404296875,2282.762711864407,26.557059034846127,259.0
sxk97n,41.0366821289063,28.9654541015625,3766.4281690140847,31.527355441158864,399.0
sxk97p,41.0421752929688,28.9654541015625,3952.268361581921,40.64655172413793,469.0
sxk97q,41.0366821289063,28.9764404296875,3524.0790960451977,26.174829361753083,377.0
sxk97r,41.0421752929688,28.9764404296875,1951.2140845070423,25.82502994011976,218.0
sxk97s,41.0256958007813,28.9874267578125,903.6101694915254,28.166706615532117,133.0
sxk97t,41.0311889648438,28.9874267578125,1657.9915254237287,28.311377245508982,196.0
sxk97w,41.0366821289063,28.9874267578125,2326.584745762712,22.19293413173653,307.0
sxk97x,41.0421752929688,28.9874267578125,3147.875706214689,23.333213601532567,368.0
sxk97y,41.0366821289063,28.9984130859375,2512.1271186440677,27.79135225775542,302.0
sxk97z,41.0421752929688,28.9984130859375,3305.3954802259886,28.226652298850574,382.0
sxk980,41.0476684570313,28.8336181640625,3376.6610169491523,23.479588171914283,419.0
sxk981,41.0531616210938,28.8336181640625,3145.412429378531,24.246078313974376,446.0
sxk982,41.0476684570313,28.8446044921875,2352.135593220339,21.574404405602778,307.0
sxk983,41.0531616210938,28.8446044921875,2791.95197740113,21.210249042145595,359.0
sxk984,41.0586547851563,28.8336181640625,2806.69209039548,28.61118428930667,423.0
sxk985,41.0641479492188,28.8336181640625,14778.847887323944,53.8276068478391,1950.0
sxk986,41.0586547851563,28.8446044921875,11035.197183098591,48.88221211395739,1570.0
sxk987,41.0641479492188,28.8446044921875,11801.287323943661,60.03255925305243,1809.0
sxk988,41.0476684570313,28.8555908203125,1917.2598870056497,20.219468390804597,297.0
sxk989,41.0531616210938,28.8555908203125,7269.0197740113,44.87944451095415,991.0
sxk98b,41.0476684570313,28.8665771484375,2045.638418079096,21.933780385582565,257.0
sxk98c,41.0531616210938,28.8665771484375,7710.031073446327,42.89141625763199,1015.0
sxk98d,41.0586547851563,28.8555908203125,2175.9322033898306,23.631093544137023,309.0
sxk98e,41.0641479492188,28.8555908203125,4942.180281690141,41.24284859365649,1003.0
sxk98f,41.0586547851563,28.8665771484375,1969.0395480225989,22.787835249042146,371.0
sxk98g,41.0641479492188,28.8665771484375,2874.398305084746,36.51299245599329,446.0
sxk98h,41.0696411132813,28.8336181640625,4874.443502824859,55.54628188240929,781.0
sxk98j,41.0751342773438,28.8336181640625,1332.7796610169491,64.36803642027076,227.0
sxk98k,41.0696411132813,28.8446044921875,1104.3022598870057,71.13249400479616,348.0
sxk98m,41.0751342773438,28.8446044921875,543.4604519774011,63.906628311159054,143.0
sxk98q,41.0806274414063,28.8446044921875,1326.223163841808,65.53421210305572,235.0
sxk98r,41.0861206054688,28.8446044921875,1316.5734463276835,66.13421210305572,220.0
sxk98s,41.0696411132813,28.8555908203125,4336.618644067797,50.026095283696435,777.0
sxk98t,41.0751342773438,28.8555908203125,1623.1497175141244,59.71390918893015,382.0
sxk98u,41.0696411132813,28.8665771484375,5215.771186440678,65.44534897641566,871.0
sxk98v,41.0751342773438,28.8665771484375,4314.0649717514125,77.56482700826051,814.0
sxk98y,41.0806274414063,28.8665771484375,2319.7323943661972,59.295138888888886,408.0
sxk98z,41.0861206054688,28.8665771484375,3655.932394366197,44.59904248952723,478.0
sxk990,41.0476684570313,28.8775634765625,7346.24011299435,49.835747635580034,928.0
sxk991,41.0531616210938,28.8775634765625,2026.816384180791,27.282754491017965,334.0
sxk992,41.0476684570313,28.8885498046875,9443.28813559322,53.73733987788818,1151.0
sxk993,41.0531616210938,28.8885498046875,6840.946327683616,57.03974619897043,862.0
sxk994,41.0586547851563,28.8775634765625,2429.364406779661,39.89893425937014,416.0
sxk995,41.0641479492188,28.8775634765625,2970.2535211267605,69.31409412046462,532.0
sxk996,41.0586547851563,28.8885498046875,7358.093220338983,54.79255446492698,1007.0
sxk997,41.0641479492188,28.8885498046875,4948.377464788732,52.8731146756045,761.0
sxk998,41.0476684570313,28.8995361328125,1557.774011299435,23.806872605363985,262.0
sxk999,41.0531616210938,28.8995361328125,1366.3785310734463,19.75374296322913,248.0
sxk99b,41.0476684570313,28.9105224609375,1948.8502824858756,27.54795832834391,253.0
sxk99c,41.0531616210938,28.9105224609375,2615.700564971751,22.323395593869733,295.0
sxk99d,41.0586547851563,28.8995361328125,3097.8107344632767,28.439894636015325,428.0
sxk99e,41.0641479492188,28.8995361328125,1814.9689265536724,20.921686025625675,258.0
sxk99f,41.0586547851563,28.9105224609375,4035.4887005649716,21.458333333333332,494.0
sxk99g,41.0641479492188,28.9105224609375,2089.406779661017,17.979640718562873,249.0
sxk99h,41.0696411132813,28.8775634765625,5309.307042253521,67.68928785158587,684.0
sxk99j,41.0751342773438,28.8775634765625,6393.078873239437,56.961345141215894,833.0
sxk99k,41.0696411132813,28.8885498046875,2698.9887005649716,24.029813218390803,385.0
sxk99m,41.0751342773438,28.8885498046875,1513.6751412429378,22.89185628742515,245.0
sxk99n,41.0806274414063,28.8775634765625,8927.760563380281,52.35827148671295,1352.0
sxk99p,41.0861206054688,28.8775634765625,8921.841807909605,65.23273075541722,1266.0
sxk99q,41.0806274414063,28.8885498046875,1994.2570621468926,23.158285440613028,267.0
sxk99r,41.0861206054688,28.8885498046875,5036.443502824859,38.48054591164851,748.0
sxk99s,41.0696411132813,28.8995361328125,2636.635593220339,18.72649982038079,351.0
sxk99t,41.0751342773438,28.8995361328125,3043.774011299435,18.60117337164751,359.0
sxk99u,41.0696411132813,28.9105224609375,3629.906779661017,24.945156268710335,415.0
sxk99v,41.0751342773438,28.9105224609375,3246.2937853107346,31.889234822176984,376.0
sxk99w,41.0806274414063,28.8995361328125,2501.7429378531074,28.176724137931036,335.0
sxk99x,41.0861206054688,28.8995361328125,2246.225988700565,29.484612621242967,281.0
sxk99y,41.0806274414063,28.9105224609375,4633.505649717514,26.409624132152263,523.0
sxk99z,41.0861206054688,28.9105224609375,5272.611267605634,32.764543931050994,592.0
sxk9b2,41.0916137695313,28.8446044921875,1128.545197740113,65.92498502097064,195.0
sxk9b3,41.0971069335938,28.8446044921875,1115.2429378531074,61.412871524448704,179.0
sxk9b6,41.1026000976563,28.8446044921875,205.10734463276836,64.80516776879745,56.0
sxk9b7,41.1080932617188,28.8446044921875,380.06779661016947,59.56529603279875,107.0
sxk9b8,41.0916137695313,28.8555908203125,300.87605633802815,66.01835632873426,88.0
sxk9b9,41.0971069335938,28.8555908203125,1704.6186440677966,68.25844311377246,271.0
sxk9bb,41.0916137695313,28.8665771484375,2414.7408450704224,47.045492637375794,363.0
sxk9bc,41.0971069335938,28.8665771484375,644.3154929577465,22.566774464007665,103.0
sxk9bd,41.1026000976563,28.8555908203125,3996.7796610169494,46.0930316091954,542.0
sxk9be,41.1080932617188,28.8555908203125,2400.785310734463,42.39307950191571,428.0
sxk9bf,41.1026000976563,28.8665771484375,1601.3154929577465,29.86468686384864,265.0
sxk9bg,41.1080932617188,28.8665771484375,1861.3830985915492,26.15529214559387,276.0
sxk9bj,41.1190795898438,28.8336181640625,770.7316384180791,93.9046021093001,241.0
sxk9bk,41.1135864257813,28.8446044921875,3015.4350282485875,51.77119252873563,447.0
sxk9bm,41.1190795898438,28.8446044921875,3669.7824858757062,60.56496227996647,489.0
sxk9bn,41.1245727539063,28.8336181640625,3649.225988700565,73.32594898814513,619.0
sxk9bp,41.1300659179688,28.8336181640625,3526.7203389830506,52.432112068965516,512.0
sxk9bq,41.1245727539063,28.8446044921875,4057.487323943662,72.37308429118774,676.0
sxk9br,41.1300659179688,28.8446044921875,442.38418079096044,47.11646055949093,99.0
sxk9bs,41.1135864257813,28.8555908203125,1751.3531073446327,31.0878054623862,243.0
sxk9bt,41.1190795898438,28.8555908203125,3254.954929577465,70.07664670658683,509.0
sxk9bu,41.1135864257813,28.8665771484375,2193.4084507042253,54.33592814371257,415.0
sxk9bv,41.1190795898438,28.8665771484375,1673.7323943661972,92.87917614656928,346.0
sxk9c0,41.0916137695313,28.8775634765625,2532.3502824858756,37.37516465094001,343.0
sxk9c1,41.0971069335938,28.8775634765625,1409.861971830986,30.046809529510355,183.0
sxk9c2,41.0916137695313,28.8885498046875,8892.584745762711,51.050640488447264,1308.0
sxk9c3,41.0971069335938,28.8885498046875,1794.0480225988701,24.104298886360915,231.0
sxk9c4,41.1026000976563,28.8775634765625,1676.7661971830985,32.554903604358756,314.0
sxk9c5,41.1080932617188,28.8775634765625,2451.2429378531074,30.155928143712575,309.0
sxk9c6,41.1026000976563,28.8885498046875,2025.9378531073446,27.632020117351214,262.0
sxk9c7,41.1080932617188,28.8885498046875,971.4745762711865,29.308818236352728,110.0
sxk9c8,41.0916137695313,28.8995361328125,6794.6016949152545,51.53082724769544,1028.0
sxk9c9,41.0971069335938,28.8995361328125,1319.2372881355932,23.138562874251498,186.0
sxk9cb,41.0916137695313,28.9105224609375,9584.369014084506,51.012927938712,1303.0
sxk9cc,41.0971069335938,28.9105224609375,799.228813559322,50.133725113936194,158.0
sxk9cd,41.1026000976563,28.8995361328125,1327.2401129943503,18.815928143712576,178.0
sxk9ce,41.1080932617188,28.8995361328125,1083.231638418079,21.243978430197725,126.0
sxk9cf,41.1026000976563,28.9105224609375,153.909604519774,15.938256359594961,33.0
sxk9ch,41.1135864257813,28.8775634765625,1688.9323943661973,52.36750089809604,311.0
sxk9d0,41.0476684570313,28.9215087890625,1140.0593220338983,20.236914600550964,153.0
sxk9d1,41.0531616210938,28.9215087890625,930.2881355932203,19.728829799976044,135.0
sxk9d2,41.0476684570313,28.9324951171875,2480.584745762712,27.83005988023952,278.0
sxk9d3,41.0531616210938,28.9324951171875,1825.6101694915253,36.176984792240454,227.0
sxk9d4,41.0586547851563,28.9215087890625,2240.262711864407,21.49221743295019,316.0
sxk9d5,41.0641479492188,28.9215087890625,1368.7457627118645,27.963712574850298,224.0
sxk9d6,41.0586547851563,28.9324951171875,1636.954802259887,19.289546162136272,239.0
sxk9d7,41.0641479492188,28.9324951171875,1260.949152542373,20.438936781609197,185.0
sxk9d8,41.0476684570313,28.9434814453125,8479.318309859154,45.33608617594255,1241.0
sxk9d9,41.0531616210938,28.9434814453125,2948.960451977401,42.28542340400048,742.0
sxk9db,41.0476684570313,28.9544677734375,441.3926553672316,20.247064462017732,58.0
sxk9dc,41.0531616210938,28.9544677734375,9184.352112676057,45.77196552549677,1348.0
sxk9dd,41.0586547851563,28.9434814453125,1565.8361581920904,35.35221556886228,185.0
sxk9de,41.0641479492188,28.9434814453125,3324.6638418079096,34.2496408045977,452.0
sxk9df,41.0586547851563,28.9544677734375,5451.358757062147,44.274937133277454,726.0
sxk9dg,41.0641479492188,28.9544677734375,6521.053672316384,48.06525383141762,968.0
sxk9dh,41.0696411132813,28.9215087890625,2336.4322033898306,38.98551245210728,302.0
sxk9dj,41.0751342773438,28.9215087890625,1028.59604519774,17.527508090614887,153.0
sxk9dk,41.0696411132813,28.9324951171875,1710.4661016949153,28.03365269461078,201.0
sxk9dm,41.0751342773438,28.9324951171875,1010.4491525423729,24.71556886227545,136.0
sxk9dn,41.0806274414063,28.9215087890625,2532.3050847457625,21.93092302166886,320.0
sxk9dp,41.0861206054688,28.9215087890625,1127.6440677966102,23.448957584471604,172.0
sxk9dq,41.0806274414063,28.9324951171875,2038.4717514124293,29.211711172314693,263.0
sxk9dr,41.0861206054688,28.9324951171875,1236.8050847457628,25.865221037498504,170.0
sxk9ds,41.0696411132813,28.9434814453125,3767.723163841808,31.28352490421456,472.0
sxk9dt,41.0751342773438,28.9434814453125,3477.2062146892654,23.655052681992338,426.0
sxk9du,41.0696411132813,28.9544677734375,4483.918079096045,61.5365736861008,809.0
sxk9dv,41.0751342773438,28.9544677734375,6985.827683615819,46.59906620375913,1030.0
sxk9dw,41.0806274414063,28.9434814453125,1371.1553672316384,22.357810253953044,183.0
sxk9dx,41.0861206054688,28.9434814453125,2631.401129943503,29.69196695797917,294.0
sxk9dy,41.0806274414063,28.9544677734375,4781.141242937853,42.49880268199234,881.0
sxk9dz,41.0861206054688,28.9544677734375,3456.0649717514125,28.37646636341872,480.0
sxk9e0,41.0476684570313,28.9654541015625,3747.7655367231637,49.9343791162735,472.0
sxk9e1,41.0531616210938,28.9654541015625,7873.686440677966,42.51143301807734,1018.0
sxk9e2,41.0476684570313,28.9764404296875,596.5605633802817,20.05345158197507,93.0
sxk9e3,41.0531616210938,28.9764404296875,2099.5169491525426,28.9169061302682,402.0
sxk9e4,41.0586547851563,28.9654541015625,8940.737288135593,51.76119224323677,1364.0
sxk9e5,41.0641479492188,28.9654541015625,5844.209039548023,52.19396551724138,955.0
sxk9e6,41.0586547851563,28.9764404296875,4257.985875706215,37.51245210727969,595.0
sxk9e7,41.0641479492188,28.9764404296875,6054.985875706215,41.48359674329502,986.0
sxk9e8,41.0476684570313,28.9874267578125,1918.0985915492959,25.277471869762987,230.0
sxk9e9,41.0531616210938,28.9874267578125,1916.2169014084507,18.939549916207806,215.0
sxk9eb,41.0476684570313,28.9984130859375,1211.550847457627,18.20148449658805,186.0
sxk9ec,41.0531616210938,28.9984130859375,1342.9661971830985,21.28999042145594,210.0
sxk9ed,41.0586547851563,28.9874267578125,2152.8647887323946,22.401292948641206,242.0
sxk9ee,41.0641479492188,28.9874267578125,4929.752112676057,26.239645678716784,885.0
sxk9ef,41.0586547851563,28.9984130859375,1439.619718309859,20.95426245210728,213.0
sxk9eg,41.0641479492188,28.9984130859375,7291.543661971831,38.47767803710353,1120.0
sxk9eh,41.0696411132813,28.9654541015625,1980.8079096045199,41.8162654210085,267.0
sxk9ej,41.0751342773438,28.9654541015625,2441.299435028249,33.309580838323356,306.0
sxk9ek,41.0696411132813,28.9764404296875,7346.107344632768,43.35775862068966,1152.0
sxk9em,41.0751342773438,28.9764404296875,1693.9322033898304,23.93401987785894,241.0
sxk9en,41.0806274414063,28.9654541015625,4924.460451977401,48.202586206896555,849.0
sxk9ep,41.0861206054688,28.9654541015625,5970.661016949152,58.753860888303606,902.0
sxk9eq,41.0806274414063,28.9764404296875,3229.9209039548023,27.509397821142105,393.0
sxk9er,41.0861206054688,28.9764404296875,3488.8474576271187,31.88492396120225,476.0
sxk9es,41.0696411132813,28.9874267578125,7261.692957746479,39.87790280105339,1113.0
sxk9et,41.0751342773438,28.9874267578125,1594.8107344632767,17.22596096275895,212.0
sxk9eu,41.0696411132813,28.9984130859375,2287.9774011299437,20.16191616766467,335.0
sxk9ev,41.0751342773438,28.9984130859375,1386.7146892655367,19.16994011976048,200.0
sxk9ew,41.0806274414063,28.9874267578125,2046.3531073446327,19.48096264367816,268.0
sxk9ex,41.0861206054688,28.9874267578125,3437.4406779661017,23.81850832036394,513.0
sxk9ey,41.0806274414063,28.9984130859375,1549.225988700565,18.59504132231405,278.0
sxk9ez,41.0861206054688,28.9984130859375,1538.8954802259886,22.40783327344592,271.0
sxk9f0,41.0916137695313,28.9215087890625,6508.397183098592,52.65193965517241,1034.0
sxk9f1,41.0971069335938,28.9215087890625,6291.760563380281,75.68255298766614,1038.0
sxk9f2,41.0916137695313,28.9324951171875,9135.591549295774,62.3492158505926,1348.0
sxk9f3,41.0971069335938,28.9324951171875,2779.1525423728813,79.56352532630822,639.0
sxk9f8,41.0916137695313,28.9434814453125,8215.239436619719,63.3158965764903,1213.0
sxk9fb,41.0916137695313,28.9544677734375,4995.9915254237285,47.64427681992337,735.0
sxk9fc,41.0971069335938,28.9544677734375,12587.966101694916,52.03364060816473,1602.0
sxk9ff,41.1026000976563,28.9544677734375,8295.54802259887,56.90277777777778,956.0
sxk9fg,41.1080932617188,28.9544677734375,6152.25988700565,69.98658843252305,743.0
sxk9fs,41.1135864257813,28.9434814453125,4169.38418079096,72.57645790923243,638.0
sxk9ft,41.1190795898438,28.9434814453125,5660.85593220339,68.28727098551072,736.0
sxk9fu,41.1135864257813,28.9544677734375,2648.9265536723165,72.44054604239014,534.0
sxk9fw,41.1245727539063,28.9434814453125,5441.5847457627115,67.42744252873563,699.0
sxk9fx,41.1300659179688,28.9434814453125,5566.957627118644,66.31573275862068,704.0
sxk9g0,41.0916137695313,28.9654541015625,6687.081920903955,53.46515804597701,1032.0
sxk9g1,41.0971069335938,28.9654541015625,10236.394366197183,62.64124970074216,1488.0
sxk9g2,41.0916137695313,28.9764404296875,2074.177966101695,32.575909961685824,347.0
sxk9g3,41.0971069335938,28.9764404296875,6116.9350282485875,49.65509397821142,1004.0
sxk9g4,41.1026000976563,28.9654541015625,7206.743661971831,57.636026331538,1318.0
sxk9g6,41.1026000976563,28.9764404296875,9334.081690140845,55.96839837203735,1645.0
sxk9g8,41.0916137695313,28.9874267578125,3338.25988700565,36.86950796121154,499.0
sxk9g9,41.0971069335938,28.9874267578125,2380.5225988700563,28.78622754491018,372.0
sxk9gb,41.0916137695313,28.9984130859375,1179.954802259887,16.276939655172413,145.0
sxk9gc,41.0971069335938,28.9984130859375,1755.1694915254238,22.17816091954023,236.0
sxk9gd,41.1026000976563,28.9874267578125,10028.464788732394,63.16844247575721,1541.0
sxk9ge,41.1080932617188,28.9874267578125,2782.2203389830506,38.67855860169999,465.0
sxk9gf,41.1026000976563,28.9984130859375,11350.014084507042,62.663315380011966,1424.0
sxk9gg,41.1080932617188,28.9984130859375,1858.1638418079096,34.91823297019035,286.0
sxk9gh,41.1135864257813,28.9654541015625,893.8841807909605,48.52642934196332,155.0
sxk9gj,41.1190795898438,28.9654541015625,679.9632768361582,42.36863790596219,106.0
sxk9gk,41.1135864257813,28.9764404296875,1518.8898305084747,45.833413173652694,214.0
sxk9gm,41.1190795898438,28.9764404296875,549.5,46.18094660194175,96.0
sxk9gn,41.1245727539063,28.9654541015625,526.7994350282486,32.13790155123977,94.0
sxk9gp,41.1300659179688,28.9654541015625,563.0197740112994,38.89769381746811,102.0
sxk9gs,41.1135864257813,28.9874267578125,1707.2005649717514,46.58299401197605,276.0
sxk9gu,41.1135864257813,28.9984130859375,1232.053672316384,31.41185628742515,226.0
sxk9hf,40.9707641601563,29.0423583984375,262.638418079096,23.082081348479296,59.0
sxk9hg,40.9762573242188,29.0423583984375,1615.8587570621469,24.692012932582923,226.0
sxk9hk,40.9817504882813,29.0203857421875,187.74858757062148,15.833230159712764,30.0
sxk9hm,40.9872436523438,29.0203857421875,599.3079096045198,16.425164769322947,73.0
sxk9hq,40.9927368164063,29.0203857421875,978.1299435028249,22.91486049574901,103.0
sxk9hr,40.9982299804688,29.0203857421875,752.223163841808,30.654804696860772,84.0
sxk9hs,40.9817504882813,29.0313720703125,570.1553672316384,17.647919414797936,99.0
sxk9ht,40.9872436523438,29.0313720703125,1687.1158192090395,24.472820881226053,215.0
sxk9hu,40.9817504882813,29.0423583984375,1703.3672316384182,27.670417813959055,240.0
sxk9hv,40.9872436523438,29.0423583984375,2913.683615819209,35.07746647509578,391.0
sxk9hw,40.9927368164063,29.0313720703125,2328.2090395480227,25.814176245210728,259.0
sxk9hx,40.9982299804688,29.0313720703125,1836.7598870056497,28.529764043598036,245.0
sxk9hy,40.9927368164063,29.0423583984375,3760.6129943502824,39.421266914142016,452.0
sxk9hz,40.9982299804688,29.0423583984375,958.0141242937854,26.821013537798013,154.0
sxk9j1,40.9652709960938,29.0533447265625,571.7655367231638,32.116276276276274,113.0
sxk9j2,40.9597778320313,29.0643310546875,63.18130311614731,42.427044287102596,22.0
sxk9j3,40.9652709960938,29.0643310546875,1423.7372881355932,27.181872605363985,189.0
sxk9j4,40.9707641601563,29.0533447265625,1322.774011299435,29.10009578544061,215.0
sxk9j5,40.9762573242188,29.0533447265625,1352.7937853107344,25.039511494252874,233.0
sxk9j6,40.9707641601563,29.0643310546875,1228.274011299435,22.95736526946108,225.0
sxk9j7,40.9762573242188,29.0643310546875,295.183615819209,18.917191163766507,62.0
sxk9j8,40.9597778320313,29.0753173828125,1381.3813559322034,32.56580050293378,196.0
sxk9j9,40.9652709960938,29.0753173828125,1424.5464788732395,21.64412257601149,193.0
sxk9jb,40.9597778320313,29.0863037109375,1352.4478873239436,25.662714097496707,212.0
sxk9jc,40.9652709960938,29.0863037109375,1313.8704225352112,22.131673449844385,188.0
sxk9jd,40.9707641601563,29.0753173828125,770.7971830985915,20.55578214971209,117.0
sxk9je,40.9762573242188,29.0753173828125,1814.5352112676057,25.217911877394634,260.0
sxk9jf,40.9707641601563,29.0863037109375,1344.4507042253522,24.40260984077577,204.0
sxk9jg,40.9762573242188,29.0863037109375,1446.5830985915493,25.840977128487605,238.0
sxk9jh,40.9817504882813,29.0533447265625,795.0706214689266,27.454414759793938,120.0
sxk9jj,40.9872436523438,29.0533447265625,1239.4774011299435,29.112122664111165,182.0
sxk9jk,40.9817504882813,29.0643310546875,1537.0677966101696,27.455938697318008,198.0
sxk9jm,40.9872436523438,29.0643310546875,1146.9774011299435,22.97988023952096,179.0
sxk9jn,40.9927368164063,29.0533447265625,2592.330508474576,48.43474616858238,419.0
sxk9jp,40.9982299804688,29.0533447265625,7923.587570621469,48.54286398467433,1041.0
sxk9jq,40.9927368164063,29.0643310546875,4913.754929577465,52.14378067760086,757.0
sxk9jr,40.9982299804688,29.0643310546875,5043.983050847458,51.38721264367816,794.0
sxk9js,40.9817504882813,29.0753173828125,2402.8845070422535,28.270050275317214,322.0
sxk9jt,40.9872436523438,29.0753173828125,3862.8253521126762,32.131194637299494,774.0
sxk9ju,40.9817504882813,29.0863037109375,3577.061971830986,31.373234378740722,653.0
sxk9jv,40.9872436523438,29.0863037109375,7669.653521126761,48.13502513765861,978.0
sxk9jw,40.9927368164063,29.0753173828125,8737.388732394365,46.3677280344745,1169.0
sxk9jx,40.9982299804688,29.0753173828125,2869.061971830986,29.786783191667663,436.0
sxk9jy,40.9927368164063,29.0863037109375,1275.8446327683616,24.1367828482453,182.0
sxk9jz,40.9982299804688,29.0863037109375,1528.4845070422534,22.493055555555557,217.0
sxk9k0,41.0037231445313,29.0093994140625,341.57062146892656,53.321815555020464,56.0
sxk9k1,41.0092163085938,29.0093994140625,682.0593220338983,33.99039731124715,80.0
sxk9k2,41.0037231445313,29.0203857421875,1237.6101694915253,40.681317365269464,147.0
sxk9k3,41.0092163085938,29.0203857421875,1364.650704225352,37.173871392647584,200.0
sxk9k4,41.0147094726563,29.0093994140625,624.0790960451977,36.56957928802589,82.0
sxk9k5,41.0202026367188,29.0093994140625,754.9661016949152,26.07201054397316,87.0
sxk9k6,41.0147094726563,29.0203857421875,1654.256338028169,26.89166866171894,249.0
sxk9k7,41.0202026367188,29.0203857421875,890.8112676056338,20.938106069675566,119.0
sxk9k8,41.0037231445313,29.0313720703125,5232.749295774648,42.53627005027532,687.0
sxk9k9,41.0092163085938,29.0313720703125,420.0621468926554,27.655586558291883,79.0
sxk9kb,41.0037231445313,29.0423583984375,4643.14406779661,47.923500538728604,702.0
sxk9kc,41.0092163085938,29.0423583984375,1137.0281690140846,22.077015211402564,186.0
sxk9kd,41.0147094726563,29.0313720703125,1479.4647887323943,28.620136477912126,238.0
sxk9ke,41.0202026367188,29.0313720703125,1961.4028169014084,27.675164572112507,279.0
sxk9kf,41.0147094726563,29.0423583984375,717.2394366197183,29.907309449386872,129.0
sxk9kg,41.0202026367188,29.0423583984375,4417.180281690141,30.48527298850575,739.0
sxk9kh,41.0256958007813,29.0093994140625,469.9632768361582,24.036658653846153,58.0
sxk9kk,41.0256958007813,29.0203857421875,1169.743661971831,20.051604406130267,132.0
sxk9km,41.0311889648438,29.0203857421875,390.14689265536725,31.50030102347983,59.0
sxk9kp,41.0421752929688,29.0093994140625,2506.6977401129943,22.39272030651341,254.0
sxk9kq,41.0366821289063,29.0203857421875,12.985795454545455,34.61829268292683,7.0
sxk9kr,41.0421752929688,29.0203857421875,417.97740112994353,34.79232613908873,63.0
sxk9ks,41.0256958007813,29.0313720703125,1750.8502824858756,24.277451802179378,248.0
sxk9kt,41.0311889648438,29.0313720703125,311.1271186440678,22.788361104202934,51.0
sxk9ku,41.0256958007813,29.0423583984375,7544.574647887324,38.638213815395666,1175.0
sxk9kv,41.0311889648438,29.0423583984375,5323.4915254237285,49.74871303723213,949.0
sxk9kw,41.0366821289063,29.0313720703125,487.2146892655367,28.692344670111765,67.0
sxk9kx,41.0421752929688,29.0313720703125,2395.322033898305,59.628427733205605,553.0
sxk9ky,41.0366821289063,29.0423583984375,5700.983050847458,49.30887106428828,943.0
sxk9kz,41.0421752929688,29.0423583984375,5050.95197740113,45.17488628202059,867.0
sxk9m0,41.0037231445313,29.0533447265625,3218.4435028248586,54.097102490421456,656.0
sxk9m1,41.0092163085938,29.0533447265625,922.8926553672317,23.968434949591934,172.0
sxk9m2,41.0037231445313,29.0643310546875,5449.69014084507,50.0318410342351,957.0
sxk9m3,41.0092163085938,29.0643310546875,6692.777464788733,54.345582954273404,1027.0
sxk9m4,41.0147094726563,29.0533447265625,5062.5847457627115,47.853328544061306,800.0
sxk9m5,41.0202026367188,29.0533447265625,6184.189265536723,47.157088122605366,951.0
sxk9m6,41.0147094726563,29.0643310546875,3082.276056338028,47.144344703770194,678.0
sxk9m7,41.0202026367188,29.0643310546875,1855.7146892655367,30.159060965385077,331.0
sxk9m8,41.0037231445313,29.0753173828125,6000.774647887324,42.583722321962895,930.0
sxk9m9,41.0092163085938,29.0753173828125,4207.265536723164,36.76556513409962,708.0
sxk9mb,41.0037231445313,29.0863037109375,1509.2627118644068,22.1699604743083,266.0
sxk9mc,41.0092163085938,29.0863037109375,5836.859154929577,42.431290399808475,867.0
sxk9md,41.0147094726563,29.0753173828125,2175.3389830508477,22.91688622754491,323.0
sxk9me,41.0202026367188,29.0753173828125,5318.039436619718,37.72449712643678,763.0
sxk9mf,41.0147094726563,29.0863037109375,1488.1242937853108,20.082155688622755,275.0
sxk9mg,41.0202026367188,29.0863037109375,1393.4435028248588,23.09774796358409,223.0
sxk9mh,41.0256958007813,29.0533447265625,3674.0,42.01352645439311,501.0
sxk9mj,41.0311889648438,29.0533447265625,697.5536723163842,24.155302111138074,114.0
sxk9mk,41.0256958007813,29.0643310546875,1746.8954802259886,42.543723047436515,351.0
sxk9mm,41.0311889648438,29.0643310546875,613.0508474576271,27.12632722007722,121.0
sxk9mn,41.0366821289063,29.0533447265625,889.7146892655368,25.791450933172786,148.0
sxk9mp,41.0421752929688,29.0533447265625,388.2005649717514,27.53060724779628,78.0
sxk9mq,41.0366821289063,29.0643310546875,964.3559322033898,26.617974835230676,156.0
sxk9mr,41.0421752929688,29.0643310546875,341.65819209039546,22.695958472376716,62.0
sxk9ms,41.0256958007813,29.0753173828125,2918.1521126760563,34.880387931034484,561.0
sxk9mt,41.0311889648438,29.0753173828125,1534.0394366197183,21.926032315978457,217.0
sxk9mu,41.0256958007813,29.0863037109375,4187.864788732394,32.11250748055057,627.0
sxk9mv,41.0311889648438,29.0863037109375,4251.752112676057,38.82523923444976,602.0
sxk9mw,41.0366821289063,29.0753173828125,1610.3276836158193,26.90670658682635,233.0
sxk9mx,41.0421752929688,29.0753173828125,1073.7033898305085,28.817179825086857,160.0
sxk9my,41.0366821289063,29.0863037109375,801.6299435028249,22.991245952752127,125.0
sxk9mz,41.0421752929688,29.0863037109375,806.3050847457627,26.578170028818445,135.0
sxk9n0,40.9597778320313,29.0972900390625,2346.3464788732394,24.866171893703616,337.0
sxk9n1,40.9652709960938,29.0972900390625,870.0338983050848,20.496158463385353,147.0
sxk9n2,40.9597778320313,29.1082763671875,9563.791549295775,46.44889899473432,1299.0
sxk9n3,40.9652709960938,29.1082763671875,10042.560563380282,41.67041646720919,1330.0
sxk9n4,40.9707641601563,29.0972900390625,8512.281690140846,46.09155098133078,1198.0
sxk9n5,40.9762573242188,29.0972900390625,9211.938028169014,45.807204404021064,1261.0
sxk9n6,40.9707641601563,29.1082763671875,4142.301408450704,30.069308115872637,740.0
sxk9n7,40.9762573242188,29.1082763671875,1990.3276836158193,25.152298850574713,277.0
sxk9n8,40.9597778320313,29.1192626953125,1404.8587570621469,36.432834032354705,212.0
sxk9n9,40.9652709960938,29.1192626953125,2013.1864406779662,31.97496406324868,317.0
sxk9nc,40.9652709960938,29.1302490234375,559.7683615819209,30.396466770820815,147.0
sxk9nd,40.9707641601563,29.1192626953125,2147.6949152542375,24.17782301520776,356.0
sxk9ne,40.9762573242188,29.1192626953125,2080.8728813559323,30.024185823754788,331.0
sxk9nf,40.9707641601563,29.1302490234375,1543.5621468926554,24.370898203592816,326.0
sxk9ng,40.9762573242188,29.1302490234375,2068.505649717514,32.00957969105497,364.0
sxk9nh,40.9817504882813,29.0972900390625,11387.923943661972,51.0982645122681,1487.0
sxk9nj,40.9872436523438,29.0972900390625,1780.9293785310736,27.85098227120268,291.0
sxk9nk,40.9817504882813,29.1082763671875,3989.728813559322,32.291237730428534,666.0
sxk9nm,40.9872436523438,29.1082763671875,8154.570621468926,56.39190806799138,1146.0
sxk9nn,40.9927368164063,29.0972900390625,1256.6271186440679,29.38468910985983,227.0
sxk9np,40.9982299804688,29.0972900390625,1872.0929577464788,26.945269461077846,331.0
sxk9nq,40.9927368164063,29.1082763671875,6346.641242937853,56.773015682988145,1044.0
sxk9nr,40.9982299804688,29.1082763671875,5296.988732394366,58.39626481503652,839.0
sxk9ns,40.9817504882813,29.1192626953125,1312.3502824858756,23.82865743527995,266.0
sxk9nt,40.9872436523438,29.1192626953125,1392.8559322033898,37.70959232613909,222.0
sxk9nu,40.9817504882813,29.1302490234375,3091.25988700565,33.758410152041186,458.0
sxk9nv,40.9872436523438,29.1302490234375,1615.677966101695,30.198011499760423,271.0
sxk9nw,40.9927368164063,29.1192626953125,5601.78813559322,52.03292230336406,972.0
sxk9nx,40.9982299804688,29.1192626953125,13774.070422535211,61.07022371097021,1811.0
sxk9ny,40.9927368164063,29.1302490234375,1792.6101694915253,26.833433121781823,299.0
sxk9nz,40.9982299804688,29.1302490234375,11230.918309859155,53.242344497607654,1360.0
sxk9p0,40.9597778320313,29.1412353515625,1428.5819209039548,50.75023957834212,329.0
sxk9p1,40.9652709960938,29.1412353515625,600.7372881355932,49.30225311601151,231.0
sxk9p2,40.9597778320313,29.1522216796875,629.8220338983051,28.364117364117366,131.0
sxk9p4,40.9707641601563,29.1412353515625,2087.186440677966,26.706058429118773,386.0
sxk9p5,40.9762573242188,29.1412353515625,2541.8446327683614,29.813173652694612,388.0
sxk9p6,40.9707641601563,29.1522216796875,168.38418079096044,24.54159786612473,50.0
sxk9p7,40.9762573242188,29.1522216796875,1478.5338983050847,34.27957375478927,242.0
sxk9p8,40.9597778320313,29.1632080078125,893.5028248587571,49.023420610136924,243.0
sxk9pb,40.9597778320313,29.1741943359375,1479.087570621469,74.349838148903,339.0
sxk9pc,40.9652709960938,29.1741943359375,54.8328611898017,35.60550618574665,28.0
sxk9pe,40.9762573242188,29.1632080078125,115.25141242937853,43.46909521304577,45.0
sxk9pg,40.9762573242188,29.1741943359375,1118.7005649717514,33.44156467482601,200.0
sxk9ph,40.9817504882813,29.1412353515625,1175.143661971831,26.52616453119387,231.0
sxk9pj,40.9872436523438,29.1412353515625,2312.4591549295774,34.56951423785595,362.0
sxk9pk,40.9817504882813,29.1522216796875,1311.1774647887323,24.86431137724551,232.0
sxk9pm,40.9872436523438,29.1522216796875,3037.194366197183,26.56340558017004,528.0
sxk9pn,40.9927368164063,29.1412353515625,3742.1915492957746,54.506524601939425,827.0
sxk9pp,40.9982299804688,29.1412353515625,11390.059154929577,58.84652163519006,1310.0
sxk9pq,40.9927368164063,29.1522216796875,15047.228169014084,40.94156309751434,1767.0
sxk9pr,40.9982299804688,29.1522216796875,6296.783098591549,29.75038852361028,834.0
sxk9ps,40.9817504882813,29.1632080078125,1623.5254237288136,30.791397076443804,284.0
sxk9pt,40.9872436523438,29.1632080078125,1509.4209039548023,24.66542884523239,268.0
sxk9pu,40.9817504882813,29.1741943359375,304.2429378531073,26.08216051730696,67.0
sxk9pv,40.9872436523438,29.1741943359375,676.5451977401129,23.498965559206525,166.0
sxk9pw,40.9927368164063,29.1632080078125,10868.632768361582,54.84322642412638,1285.0
sxk9px,40.9982299804688,29.1632080078125,2343.5014084507043,38.74622754491018,406.0
sxk9py,40.9927368164063,29.1741943359375,11779.802259887005,57.257300143609385,1420.0
sxk9pz,40.9982299804688,29.1741943359375,2091.8760563380283,28.25329341317365,399.0
sxk9q0,41.0037231445313,29.0972900390625,3737.549295774648,45.33676523404765,663.0
sxk9q1,41.0092163085938,29.0972900390625,5526.540845070423,39.636026331538,855.0
sxk9q2,41.0037231445313,29.1082763671875,3296.1661971830986,43.28309791716543,615.0
sxk9q3,41.0092163085938,29.1082763671875,1586.3577464788732,31.49185628742515,291.0
sxk9q4,41.0147094726563,29.0972900390625,1821.9887005649719,21.73838601532567,303.0
sxk9q5,41.0202026367188,29.0972900390625,1343.2372881355932,22.23679482572763,224.0
sxk9q6,41.0147094726563,29.1082763671875,1110.6525423728813,24.41837345789915,222.0
sxk9q7,41.0202026367188,29.1082763671875,2043.1751412429378,25.947916666666668,285.0
sxk9q8,41.0037231445313,29.1192626953125,8956.21690140845,69.25290106472066,1147.0
sxk9q9,41.0092163085938,29.1192626953125,8636.374647887324,64.25589185309248,1233.0
sxk9qb,41.0037231445313,29.1302490234375,1403.0619718309858,23.022403258655803,337.0
sxk9qc,41.0092163085938,29.1302490234375,1580.6788732394366,24.399545019157088,358.0
sxk9qd,41.0147094726563,29.1192626953125,9643.825352112675,62.01291711517761,1285.0
sxk9qe,41.0202026367188,29.1192626953125,9822.828169014085,44.77878751644147,1418.0
sxk9qf,41.0147094726563,29.1302490234375,1721.4366197183099,23.150880134115674,306.0
sxk9qg,41.0202026367188,29.1302490234375,4201.9323943661975,27.812372861074547,554.0
sxk9qh,41.0256958007813,29.0972900390625,2472.1492957746477,19.8555874611151,319.0
sxk9qj,41.0311889648438,29.0972900390625,5338.295774647887,41.5187178567157,729.0
sxk9qk,41.0256958007813,29.1082763671875,2898.1661971830986,25.66243867416537,396.0
sxk9qm,41.0311889648438,29.1082763671875,8241.177464788732,43.56069848104294,1105.0
sxk9qn,41.0366821289063,29.0972900390625,1512.6101694915253,23.296083363277038,193.0
sxk9qp,41.0421752929688,29.0972900390625,1045.225988700565,23.991497005988023,147.0
sxk9qq,41.0366821289063,29.1082763671875,2029.7577464788733,27.376631150484855,286.0
sxk9qr,41.0421752929688,29.1082763671875,778.2485875706215,24.278643336529242,128.0
sxk9qs,41.0256958007813,29.1192626953125,8578.69014084507,63.9091996650317,1250.0
sxk9qt,41.0311889648438,29.1192626953125,11306.49014084507,57.98732209065901,1710.0
sxk9qu,41.0256958007813,29.1302490234375,6624.042253521126,51.07420706163974,905.0
sxk9qv,41.0311889648438,29.1302490234375,4326.169014084507,54.93895870736086,658.0
sxk9qw,41.0366821289063,29.1192626953125,6465.287323943662,70.15962666028479,1185.0
sxk9qx,41.0421752929688,29.1192626953125,7412.450704225352,67.75538277511961,1295.0
sxk9r0,41.0037231445313,29.1412353515625,1666.312676056338,26.21266156055529,362.0
sxk9r1,41.0092163085938,29.1412353515625,1706.2647887323944,25.14390039506764,319.0
sxk9r2,41.0037231445313,29.1522216796875,2505.8084507042254,27.163812717039875,399.0
sxk9r3,41.0092163085938,29.1522216796875,1499.8535211267606,23.6172735984667,247.0
sxk9r4,41.0147094726563,29.1412353515625,1842.0394366197183,25.818812829104836,276.0
sxk9r5,41.0202026367188,29.1412353515625,829.0957746478873,21.860908110698453,111.0
sxk9r6,41.0147094726563,29.1522216796875,1836.2985915492957,28.06271693596649,289.0
sxk9r7,41.0202026367188,29.1522216796875,906.8450704225352,21.591328302790753,168.0
sxk9r8,41.0037231445313,29.1632080078125,3479.450704225352,36.41489107014604,489.0
sxk9r9,41.0092163085938,29.1632080078125,2306.385915492958,33.091246557298525,302.0
sxk9rb,41.0037231445313,29.1741943359375,2832.301408450704,32.88191616766467,450.0
sxk9rc,41.0092163085938,29.1741943359375,2970.138028169014,28.286193270267034,460.0
sxk9rd,41.0147094726563,29.1632080078125,2563.6957746478874,28.451694002154916,327.0
sxk9re,41.0202026367188,29.1632080078125,1993.3830985915492,26.169499640890592,317.0
sxk9rf,41.0147094726563,29.1741943359375,2296.5154929577466,28.68370645277146,344.0
sxk9rg,41.0202026367188,29.1741943359375,3239.2090395480227,43.18474616858238,630.0
sxk9rh,41.0256958007813,29.1412353515625,383.05367231638417,27.314185512153827,74.0
sxk9rj,41.0311889648438,29.1412353515625,3597.036723163842,60.33025984911987,526.0
sxk9rk,41.0256958007813,29.1522216796875,735.4717514124294,23.683231304765336,142.0
sxk9rm,41.0311889648438,29.1522216796875,529.1045197740114,23.916111850865512,106.0
sxk9rn,41.0366821289063,29.1412353515625,3927.357746478873,65.0324395499162,563.0
sxk9rq,41.0366821289063,29.1522216796875,4615.552112676056,62.356954752214506,625.0
sxk9rs,41.0256958007813,29.1632080078125,982.8418079096045,26.20229967660798,196.0
sxk9rt,41.0311889648438,29.1632080078125,4146.206214689266,55.470250209505565,606.0
sxk9ru,41.0256958007813,29.1741943359375,5021.762711864407,52.9382183908046,798.0
sxk9rv,41.0311889648438,29.1741943359375,4961.69014084507,43.23865948533812,770.0
sxk9rw,41.0366821289063,29.1632080078125,3702.822033898305,58.339080459770116,585.0
sxk9ry,41.0366821289063,29.1741943359375,711.8389830508474,26.974657698774923,118.0
sxk9s0,41.0476684570313,29.0093994140625,2088.324858757062,28.7325748502994,250.0
sxk9s1,41.0531616210938,29.0093994140625,3004.053672316384,35.57837384744342,411.0
sxk9s2,41.0476684570313,29.0203857421875,983.4180790960452,25.060239520958085,119.0
sxk9s3,41.0531616210938,29.0203857421875,4646.146892655367,45.88505747126437,791.0
sxk9s4,41.0586547851563,29.0093994140625,2895.590395480226,31.720785440613028,405.0
sxk9s5,41.0641479492188,29.0093994140625,6992.712676056338,40.09110499221836,1181.0
sxk9s6,41.0586547851563,29.0203857421875,5797.254237288135,46.29199090147252,1003.0
sxk9s7,41.0641479492188,29.0203857421875,3583.228813559322,43.238294814992216,673.0
sxk9s8,41.0476684570313,29.0313720703125,5086.64406779661,51.217911877394634,871.0
sxk9s9,41.0531616210938,29.0313720703125,4528.593220338983,51.20560411926716,773.0
sxk9sb,41.0476684570313,29.0423583984375,285.2118644067797,26.975226586102718,46.0
sxk9sd,41.0586547851563,29.0313720703125,925.957627118644,26.463575365444523,118.0
sxk9se,41.0641479492188,29.0313720703125,696.0508474576271,29.509855769230768,109.0
sxk9sf,41.0586547851563,29.0423583984375,143.74858757062148,23.15166810291764,32.0
sxk9sg,41.0641479492188,29.0423583984375,485.5508474576271,31.057108578284343,64.0
sxk9sh,41.0696411132813,29.0093994140625,6756.935211267606,38.055302848934645,1160.0
sxk9sj,41.0751342773438,29.0093994140625,3379.361581920904,34.00658446067281,549.0
sxk9sk,41.0696411132813,29.0203857421875,4879.276836158192,41.16319444444444,860.0
sxk9sm,41.0751342773438,29.0203857421875,5237.605633802817,34.59923389992818,856.0
sxk9sn,41.0806274414063,29.0093994140625,5156.532394366197,30.731386162317452,850.0
sxk9sp,41.0861206054688,29.0093994140625,6681.507042253521,38.18240574506284,1096.0
sxk9sq,41.0806274414063,29.0203857421875,1440.8841807909605,25.89131216297184,266.0
sxk9sr,41.0861206054688,29.0203857421875,2218.1271186440677,44.909352173392406,451.0
sxk9ss,41.0696411132813,29.0313720703125,916.0310734463277,32.26094255905984,143.0
sxk9st,41.0751342773438,29.0313720703125,2134.084745762712,27.374730538922154,322.0
sxk9su,41.0696411132813,29.0423583984375,594.5338983050848,29.146744994604962,74.0
sxk9sv,41.0751342773438,29.0423583984375,610.9717514124294,27.909145391346037,77.0
sxk9sw,41.0806274414063,29.0313720703125,1577.5988700564972,23.951856287425148,231.0
sxk9sx,41.0861206054688,29.0313720703125,1158.9689265536724,25.993276503781967,211.0
sxk9sy,41.0806274414063,29.0423583984375,899.1016949152543,22.394059168762727,127.0
sxk9sz,41.0861206054688,29.0423583984375,825.0847457627119,24.634465378615143,158.0
sxk9t0,41.0476684570313,29.0533447265625,969.8107344632768,23.701281590609653,107.0
sxk9t1,41.0531616210938,29.0533447265625,506.80790960451975,23.777684261151858,63.0
sxk9t2,41.0476684570313,29.0643310546875,642.54802259887,24.603728202044497,90.0
sxk9t3,41.0531616210938,29.0643310546875,509.11581920903956,28.05085155211982,76.0
sxk9t4,41.0586547851563,29.0533447265625,369.90677966101697,32.640855279052914,48.0
sxk9t5,41.0641479492188,29.0533447265625,356.6242937853107,33.391857506361326,58.0
sxk9t6,41.0586547851563,29.0643310546875,545.5141242937854,27.654981327550896,93.0
sxk9t7,41.0641479492188,29.0643310546875,588.8248587570622,26.791039383355415,92.0
sxk9t8,41.0476684570313,29.0753173828125,1103.0395480225989,23.164949688548155,153.0
sxk9t9,41.0531616210938,29.0753173828125,1013.45197740113,25.760580266155138,134.0
sxk9tb,41.0476684570313,29.0863037109375,754.8305084745763,28.834840265220013,124.0
sxk9tc,41.0531616210938,29.0863037109375,797.8728813559322,32.87836215177714,122.0
sxk9td,41.0586547851563,29.0753173828125,809.8700564971751,22.929112099002765,122.0
sxk9te,41.0641479492188,29.0753173828125,661.8276836158192,28.097807757166947,106.0
sxk9tf,41.0586547851563,29.0863037109375,749.8474576271186,33.69077126699555,117.0
sxk9tg,41.0641479492188,29.0863037109375,962.7937853107345,32.587854056649064,129.0
sxk9th,41.0696411132813,29.0533447265625,360.62994350282486,38.128766791722136,53.0
sxk9tj,41.0751342773438,29.0533447265625,339.3785310734463,34.957968901846456,53.0
sxk9tk,41.0696411132813,29.0643310546875,506.090395480226,29.105587064076264,81.0
sxk9tm,41.0751342773438,29.0643310546875,1394.2429378531074,28.88622754491018,193.0
sxk9tn,41.0806274414063,29.0533447265625,355.43502824858757,31.784915193071093,51.0
sxk9tp,41.0861206054688,29.0533447265625,441.9632768361582,27.70178807152286,67.0
sxk9tq,41.0806274414063,29.0643310546875,1234.4887005649719,28.757575757575758,169.0
sxk9tr,41.0861206054688,29.0643310546875,381.7231638418079,35.05477613761132,84.0
sxk9ts,41.0696411132813,29.0753173828125,912.2259887005649,26.21314621566511,125.0
sxk9tt,41.0751342773438,29.0753173828125,1197.677966101695,26.812170579779586,189.0
sxk9tu,41.0696411132813,29.0863037109375,442.0957746478873,26.62080291970803,67.0
sxk9tv,41.0751342773438,29.0863037109375,93.3465909090909,43.480234889716414,24.0
sxk9tw,41.0806274414063,29.0753173828125,1604.5577464788732,34.521864142805796,215.0
sxk9tx,41.0861206054688,29.0753173828125,251.84463276836158,24.06575135407482,50.0
sxk9ty,41.0806274414063,29.0863037109375,895.7549295774647,50.82695766878523,178.0
sxk9tz,41.0861206054688,29.0863037109375,3213.2845070422536,45.3370826851741,643.0
sxk9u0,41.0916137695313,29.0093994140625,5173.892957746479,41.45271726119224,838.0
sxk9u1,41.0971069335938,29.0093994140625,7377.684507042253,50.532854578096945,1120.0
sxk9u2,41.0916137695313,29.0203857421875,4886.5282485875705,64.27574233716476,906.0
sxk9u3,41.0971069335938,29.0203857421875,3124.1101694915255,77.4762874251497,530.0
sxk9u4,41.1026000976563,29.0093994140625,6666.881690140845,50.79446971510654,954.0
sxk9u5,41.1080932617188,29.0093994140625,3676.0112994350284,45.03687297976775,617.0
sxk9u7,41.1080932617188,29.0203857421875,4473.64406779661,49.13097090865557,731.0
sxk9u8,41.0916137695313,29.0313720703125,8455.5395480226,60.32100095785441,1295.0
sxk9u9,41.0971069335938,29.0313720703125,538.5141242937854,38.439332096474956,175.0
sxk9ub,41.0916137695313,29.0423583984375,9332.525423728814,63.38429306835867,1356.0
sxk9uc,41.0971069335938,29.0423583984375,415.53954802259886,49.068806224167275,136.0
sxk9ud,41.1026000976563,29.0313720703125,3.8668730650154797,45.295801526717554,4.0
sxk9ue,41.1080932617188,29.0313720703125,1881.9237288135594,39.475335249042146,283.0
sxk9uf,41.1026000976563,29.0423583984375,470.6214689265537,41.50024777006938,117.0
sxk9uk,41.1135864257813,29.0203857421875,2510.4406779661017,49.08805182341651,475.0
sxk9um,41.1190795898438,29.0203857421875,2178.8192090395482,49.54443113772455,376.0
sxk9uq,41.1245727539063,29.0203857421875,2078.4858757062148,48.64643199233716,336.0
sxk9ur,41.1300659179688,29.0203857421875,1817.7598870056497,50.110392720306514,294.0
sxk9us,41.1135864257813,29.0313720703125,1137.1525423728813,39.038475368572456,217.0
sxk9ut,41.1190795898438,29.0313720703125,538.819209039548,50.51233442702637,127.0
sxk9uu,41.1135864257813,29.0423583984375,1035.9661016949153,40.19757967888809,168.0
sxk9uv,41.1190795898438,29.0423583984375,719.4293785310734,37.34107964173324,177.0
sxk9uw,41.1245727539063,29.0313720703125,247.24011299435028,36.05204366590505,65.0
sxk9ux,41.1300659179688,29.0313720703125,233.5084745762712,35.12899949212798,66.0
sxk9uy,41.1245727539063,29.0423583984375,691.5536723163842,32.818523913571255,192.0
sxk9uz,41.1300659179688,29.0423583984375,56.19491525423729,32.757263643351266,29.0
sxk9v0,41.0916137695313,29.0533447265625,8491.689265536723,70.82114210463307,1284.0
sxk9v1,41.0971069335938,29.0533447265625,1175.2288135593221,32.51682836267816,195.0
sxk9v2,41.0916137695313,29.0643310546875,8092.771186440678,71.08390185517653,1242.0
sxk9v3,41.0971069335938,29.0643310546875,292.53389830508473,34.02991295819542,58.0
sxk9v4,41.1026000976563,29.0533447265625,532.2146892655368,27.769804960269685,75.0
sxk9v5,41.1080932617188,29.0533447265625,772.0932203389831,33.872452649244785,106.0
sxk9v6,41.1026000976563,29.0643310546875,261.84180790960454,33.06210951855935,50.0
sxk9v7,41.1080932617188,29.0643310546875,188.80790960451978,32.492271835132485,43.0
sxk9v8,41.0916137695313,29.0753173828125,8308.861581920904,69.53901388224031,1242.0
sxk9vb,41.0916137695313,29.0863037109375,10639.593220338984,57.377692675921494,1449.0
sxk9vc,41.0971069335938,29.0863037109375,603.1694915254237,21.622425629290618,90.0
sxk9vd,41.1026000976563,29.0753173828125,73.4957507082153,46.13462581344903,20.0
sxk9ve,41.1080932617188,29.0753173828125,276.46045197740114,38.08377155435979,56.0
sxk9vg,41.1080932617188,29.0863037109375,692.4406779661017,35.518371757925074,105.0
sxk9vh,41.1135864257813,29.0533447265625,1123.4774011299435,26.584401581406492,139.0
sxk9vj,41.1190795898438,29.0533447265625,486.5310734463277,32.372264568477995,108.0
sxk9vk,41.1135864257813,29.0643310546875,413.85310734463275,31.197585998793,56.0
sxk9vm,41.1190795898438,29.0643310546875,457.9689265536723,29.567234505255527,55.0
sxk9vq,41.1245727539063,29.0643310546875,42.68079096045198,31.151598320955763,13.0
sxk9vr,41.1300659179688,29.0643310546875,341.0593220338983,38.13558498359859,45.0
sxk9vt,41.1190795898438,29.0753173828125,98.53107344632768,29.041577540106953,24.0
sxk9vu,41.1135864257813,29.0863037109375,267.8361581920904,37.91941347552108,48.0
sxk9vw,41.1245727539063,29.0753173828125,303.9830508474576,33.10857352222765,39.0
sxk9vx,41.1300659179688,29.0753173828125,1.0,29.647058823529413,1.0
sxk9w0,41.0476684570313,29.0972900390625,486.49717514124296,24.54820506663465,75.0
sxk9w1,41.0531616210938,29.0972900390625,345.6723163841808,26.69198312236287,57.0
sxk9w2,41.0476684570313,29.1082763671875,264.2316384180791,24.717415249051523,39.0
sxk9w3,41.0531616210938,29.1082763671875,116.5,30.071484579194983,28.0
sxk9w4,41.0586547851563,29.0972900390625,552.3050847457627,27.523029932803908,75.0
sxk9w5,41.0641479492188,29.0972900390625,730.9211267605634,36.30257094348775,106.0
sxk9w6,41.0586547851563,29.1082763671875,781.223163841808,40.15362423368193,105.0
sxk9w7,41.0641479492188,29.1082763671875,7571.597183098592,73.77098780196125,1176.0
sxk9w8,41.0476684570313,29.1192626953125,7557.264788732395,69.13395526850856,1306.0
sxk9w9,41.0531616210938,29.1192626953125,8057.904225352113,66.72966507177034,1235.0
sxk9wb,41.0476684570313,29.1302490234375,3655.6338028169016,87.69670855774984,835.0
sxk9wc,41.0531616210938,29.1302490234375,505.85593220338984,78.93026652062797,227.0
sxk9wd,41.0586547851563,29.1192626953125,6884.861971830986,68.00610193826274,1091.0
sxk9we,41.0641479492188,29.1192626953125,3857.2845070422536,75.71796099078617,854.0
sxk9wh,41.0696411132813,29.0972900390625,197.19263456090653,32.66065573770492,47.0
sxk9wj,41.0751342773438,29.0972900390625,7837.12676056338,73.53582964469435,1156.0
sxk9wk,41.0696411132813,29.1082763671875,8174.597183098592,75.50819476013878,1193.0
sxk9wm,41.0751342773438,29.1082763671875,2616.6028169014085,74.01544540229885,646.0
sxk9wn,41.0806274414063,29.0972900390625,8372.405633802817,72.14152410575427,1188.0
sxk9wp,41.0861206054688,29.0972900390625,8004.388732394366,63.85562200956938,1203.0
sxk9x0,41.0476684570313,29.1412353515625,3342.5971830985914,99.4872500897881,804.0
sxk9x2,41.0476684570313,29.1522216796875,3029.4028169014086,101.14261765058077,762.0
sxk9x3,41.0531616210938,29.1522216796875,370.1694915254237,106.29365463792686,140.0
sxk9x8,41.0476684570313,29.1632080078125,51.40395480225989,93.88895391367959,19.0
sxk9x9,41.0531616210938,29.1632080078125,3063.7408450704224,100.75541721537172,768.0
sxk9xc,41.0531616210938,29.1741943359375,989.1497175141243,97.55889754343919,391.0
sxk9xf,41.0586547851563,29.1741943359375,1.1666666666666667,102.95918367346938,1.0
sxk9y0,41.0916137695313,29.0972900390625,3275.774647887324,45.125164532727055,445.0
sxk9y1,41.0971069335938,29.0972900390625,2599.898591549296,44.230548240363895,367.0
sxk9y4,41.1026000976563,29.0972900390625,1498.7062146892656,69.07769663593919,195.0
sxk9y5,41.1080932617188,29.0972900390625,73.35310734463278,74.4877783813145,30.0
sxk9y6,41.1026000976563,29.1082763671875,16.60056657223796,69.63481404958678,8.0
sxk9y7,41.1080932617188,29.1082763671875,1451.6440677966102,71.34886227544911,206.0
sxk9ye,41.1080932617188,29.1192626953125,850.5282485875706,63.98526240115025,151.0
sxk9ys,41.1135864257813,29.1192626953125,1129.4632768361582,70.5541576803259,163.0
sxk9yt,41.1190795898438,29.1192626953125,1390.2994350282486,48.94094393866794,181.0
sxk9yv,41.1190795898438,29.1302490234375,1362.8028169014085,51.69282376901881,173.0
sxk9yy,41.1245727539063,29.1302490234375,766.728813559322,48.21597313826598,141.0
sxk9yz,41.1300659179688,29.1302490234375,460.05367231638417,67.90813869491933,71.0
sxk9zj,41.1190795898438,29.1412353515625,508.05915492957746,46.48786671495835,87.0
sxk9zn,41.1245727539063,29.1412353515625,673.687323943662,45.162829938532,108.0
sxk9zq,41.1245727539063,29.1522216796875,337.5734463276836,59.436350347179925,67.0
sxk9zr,41.1300659179688,29.1522216796875,404.28248587570624,56.47168432590428,67.0
sxkb3x,40.8663940429688,29.2510986328125,1553.8305084745762,50.24892189746047,396.0
sxkb3z,40.8663940429688,29.2620849609375,3452.5649717514125,47.51712574850299,655.0
sxkb5n,40.8169555664063,29.3170166015625,339.85310734463275,20.09380108135295,64.0
sxkb5p,40.8224487304688,29.3170166015625,968.0056497175141,42.91128162090877,134.0
sxkb5r,40.8224487304688,29.3280029296875,1531.042372881356,45.73188839659921,203.0
sxkb5z,40.8224487304688,29.3499755859375,3887.446327683616,65.21922892720306,785.0
sxkb6e,40.8444213867188,29.2950439453125,3747.7937853107346,40.3444683908046,451.0
sxkb6f,40.8389282226563,29.3060302734375,60.68838526912181,72.9569804082751,25.0
sxkb6g,40.8444213867188,29.3060302734375,5902.9152542372885,74.71815134099617,958.0
sxkb6j,40.8554077148438,29.2730712890625,1239.9519774011299,46.45046124356056,260.0
sxkb6m,40.8554077148438,29.2840576171875,7700.369014084507,48.562006224563085,1253.0
sxkb6n,40.8609008789063,29.2730712890625,7060.884507042254,53.08234590065829,1166.0
sxkb6p,40.8663940429688,29.2730712890625,14123.577464788732,45.277884155098135,2027.0
sxkb6q,40.8609008789063,29.2840576171875,7337.816901408451,55.68761220825853,1046.0
sxkb6r,40.8663940429688,29.2840576171875,11.410764872521247,53.617365467150876,5.0
sxkb6s,40.8499145507813,29.2950439453125,11007.632768361582,44.771818508320365,1506.0
sxkb6t,40.8554077148438,29.2950439453125,9292.647887323943,44.15737194830062,1433.0
sxkb6u,40.8499145507813,29.3060302734375,3070.6638418079096,42.65924329501916,521.0
sxkb6v,40.8554077148438,29.3060302734375,1.9669117647058822,71.73852295409182,3.0
sxkb6w,40.8609008789063,29.2950439453125,1099.056338028169,27.333692528735632,155.0
sxkb72,40.8279418945313,29.3280029296875,1679.8983050847457,46.089700598802395,252.0
sxkb73,40.8334350585938,29.3280029296875,6940.881690140845,61.84259037586785,1045.0
sxkb74,40.8389282226563,29.3170166015625,5646.909604519774,80.64124970074216,911.0
sxkb75,40.8444213867188,29.3170166015625,242.38418079096044,82.80658337337819,78.0
sxkb76,40.8389282226563,29.3280029296875,1857.1553672316384,75.01616960114984,390.0
sxkb78,40.8279418945313,29.3389892578125,4403.281690140845,75.10609507843373,798.0
sxkb79,40.8334350585938,29.3389892578125,2769.870056497175,79.60787835249042,606.0
sxkb7b,40.8279418945313,29.3499755859375,3179.4265536723165,70.70817866123818,698.0
sxkb7h,40.8499145507813,29.3170166015625,218.3728813559322,62.239513018322086,54.0
sxkb7j,40.8554077148438,29.3170166015625,2040.6977401129943,70.68375044904802,308.0
sxkb7n,40.8609008789063,29.3170166015625,1437.2570621468926,63.86895064686152,267.0
sxkb7q,40.8609008789063,29.3280029296875,2191.4406779661017,57.19925757394324,359.0
sxkb7r,40.8663940429688,29.3280029296875,2305.5960451977403,49.45198754789272,434.0
sxkb7x,40.8663940429688,29.3389892578125,3188.358757062147,48.16894157088122,548.0
sxkb7z,40.8663940429688,29.3499755859375,863.7514124293785,44.18597962852007,217.0
sxkb84,40.8828735351563,29.1851806640625,302.4406779661017,53.62827794561934,91.0
sxkb85,40.8883666992188,29.1851806640625,3235.143661971831,30.388769157088124,429.0
sxkb86,40.8828735351563,29.1961669921875,1857.1977401129943,55.49251586636331,293.0
sxkb87,40.8883666992188,29.1961669921875,2437.0028169014086,31.420668183451085,423.0
sxkb8c,40.8773803710938,29.2181396484375,2730.3022598870057,47.785654412645194,474.0
sxkb8d,40.8828735351563,29.2071533203125,2520.9887005649716,54.580958083832336,407.0
sxkb8e,40.8883666992188,29.2071533203125,1369.4322033898304,35.358126721763085,203.0
sxkb8f,40.8828735351563,29.2181396484375,757.3559322033898,54.710724985020974,211.0
sxkb8h,40.8938598632813,29.1851806640625,1578.405633802817,23.886467065868263,228.0
sxkb8j,40.8993530273438,29.1851806640625,1710.322033898305,23.998323554065383,241.0
sxkb8k,40.8938598632813,29.1961669921875,2228.318309859155,31.417115499700778,309.0
sxkb8m,40.8993530273438,29.1961669921875,1107.9211267605633,25.452999640761586,200.0
sxkb8n,40.9048461914063,29.1851806640625,1713.3813559322034,21.648545084421027,272.0
sxkb8p,40.9103393554688,29.1851806640625,2193.6084507042256,37.835109567716444,384.0
sxkb8q,40.9048461914063,29.1961669921875,906.3050847457627,23.077475751407018,159.0
sxkb8r,40.9103393554688,29.1961669921875,7184.4901408450705,63.27983243566727,1110.0
sxkb8s,40.8938598632813,29.2071533203125,2281.3661971830984,40.08093869731801,312.0
sxkb8t,40.8993530273438,29.2071533203125,3298.7971830985916,41.017121647509576,425.0
sxkb8v,40.8993530273438,29.2181396484375,7963.484507042253,57.38451412158928,1263.0
sxkb8w,40.9048461914063,29.2071533203125,10510.553672316384,47.04943739525976,1488.0
sxkb8x,40.9103393554688,29.2071533203125,7168.850704225352,57.154417045726596,1169.0
sxkb8y,40.9048461914063,29.2181396484375,7121.74011299435,53.53124251855399,1143.0
sxkb8z,40.9103393554688,29.2181396484375,4190.093220338983,53.9656410870346,732.0
sxkb90,40.8718872070313,29.2291259765625,2761.1267605633802,53.13478573138616,461.0
sxkb91,40.8773803710938,29.2291259765625,2165.7464788732395,27.99461335887,376.0
sxkb92,40.8718872070313,29.2401123046875,2179.9265536723165,49.699484968259675,514.0
sxkb93,40.8773803710938,29.2401123046875,3885.549295774648,34.77801724137931,618.0
sxkb95,40.8883666992188,29.2291259765625,1550.0422535211267,50.69585529468136,462.0
sxkb96,40.8828735351563,29.2401123046875,7952.560563380282,49.60845104141728,1241.0
sxkb97,40.8883666992188,29.2401123046875,10873.659154929577,48.64484862989111,1537.0
sxkb98,40.8718872070313,29.2510986328125,2631.1214689265535,54.7834471194155,539.0
sxkb99,40.8773803710938,29.2510986328125,1383.0564971751412,40.93964071856288,331.0
sxkb9b,40.8718872070313,29.2620849609375,9723.742937853107,50.883887957864495,1531.0
sxkb9c,40.8773803710938,29.2620849609375,9379.056497175141,44.80225041896097,1262.0
sxkb9d,40.8828735351563,29.2510986328125,10040.426553672316,46.39581089168163,1339.0
sxkb9f,40.8828735351563,29.2620849609375,3487.2937853107346,35.27678678319167,408.0
sxkb9g,40.8883666992188,29.2620849609375,2062.2542372881358,31.30411877394636,270.0
sxkb9h,40.8938598632813,29.2291259765625,9189.445070422535,56.46811056599258,1393.0
sxkb9j,40.8993530273438,29.2291259765625,5094.259154929578,55.82461391116964,1082.0
sxkb9k,40.8938598632813,29.2401123046875,2492.1977401129943,37.39727011494253,322.0
sxkb9s,40.8938598632813,29.2510986328125,2658.5593220338983,32.5955459770115,336.0
sxkb9t,40.8993530273438,29.2510986328125,2084.25988700565,28.513830678960602,267.0
sxkb9v,40.8993530273438,29.2620849609375,3000.036723163842,36.44755747126437,340.0
sxkbb0,40.9158325195313,29.1851806640625,5715.095774647887,65.92206392912726,1061.0
sxkbb1,40.9213256835938,29.1851806640625,1456.8418079096045,51.27376243557473,217.0
sxkbb2,40.9158325195313,29.1961669921875,1857.2570621468926,25.06563660318601,321.0
sxkbb3,40.9213256835938,29.1961669921875,2179.045197740113,36.647065868263475,304.0
sxkbb8,40.9158325195313,29.2071533203125,1556.370056497175,24.228263473053893,223.0
sxkbb9,40.9213256835938,29.2071533203125,4973.757062146893,44.07483237547893,808.0
sxkbbb,40.9158325195313,29.2181396484375,2532.183615819209,72.31009701760689,549.0
sxkbbc,40.9213256835938,29.2181396484375,1386.7429378531074,74.41638715860086,406.0
sxkbbd,40.9268188476563,29.2071533203125,4544.847457627118,66.71965525496768,748.0
sxkbbe,40.9323120117188,29.2071533203125,3527.6723163841807,81.74320603376033,595.0
sxkbbf,40.9268188476563,29.2181396484375,489.5960451977401,29.49580335731415,125.0
sxkbbp,40.9542846679688,29.1851806640625,76.9915014164306,34.36802557953637,23.0
sxkbbr,40.9542846679688,29.1961669921875,10.088068181818182,39.295171339563865,7.0
sxkbbs,40.9378051757813,29.2071533203125,3670.2118644067796,77.87881690815472,596.0
sxkbbt,40.9432983398438,29.2071533203125,1538.2372881355932,76.59166067577283,495.0
sxkbbv,40.9432983398438,29.2181396484375,4409.847457627118,66.41425149700599,834.0
sxkbbx,40.9542846679688,29.2071533203125,354.2853107344633,29.519020387866732,132.0
sxkbby,40.9487915039063,29.2181396484375,4761.994350282486,64.44755747126437,842.0
sxkbbz,40.9542846679688,29.2181396484375,3940.7570621468926,56.90924329501916,831.0
sxkbd0,40.8718872070313,29.2730712890625,8157.9350282485875,45.48234167365018,1249.0
sxkbd2,40.8718872070313,29.2840576171875,5572.166666666667,75.09745001795763,858.0
sxkbd8,40.8718872070313,29.2950439453125,6459.033898305085,60.3043218005507,985.0
sxkbd9,40.8773803710938,29.2950439453125,1316.319209039548,82.79005988023953,364.0
sxkbdc,40.8773803710938,29.3060302734375,5902.629943502825,80.67915718903387,921.0
sxkbdj,40.8993530273438,29.2730712890625,2934.4661016949153,39.850592601460555,350.0
sxkbdn,40.9048461914063,29.2730712890625,2222.7344632768363,45.640522093162495,304.0
sxkbdq,40.9048461914063,29.2840576171875,2891.25988700565,33.05579501915709,366.0
sxkbdw,40.9048461914063,29.2950439453125,834.542372881356,48.312769525634884,145.0
sxkbdx,40.9103393554688,29.2950439453125,2595.271186440678,36.145576439602536,334.0
sxkbe1,40.8773803710938,29.3170166015625,6190.183615819209,59.37112414701305,982.0
sxkbe2,40.8718872070313,29.3280029296875,3128.084745762712,29.77736526946108,485.0
sxkbe3,40.8773803710938,29.3280029296875,802.680790960452,40.78648454349389,191.0
sxkbe4,40.8828735351563,29.3170166015625,4488.406779661017,82.80581826888543,695.0
sxkbe5,40.8883666992188,29.3170166015625,72.51412429378531,84.32543443917851,26.0
sxkbe6,40.8828735351563,29.3280029296875,121.12146892655367,73.58355674709563,80.0
sxkbe7,40.8883666992188,29.3280029296875,4127.262711864407,74.17205459770115,643.0
sxkbe8,40.8718872070313,29.3389892578125,2184.9406779661017,56.17482936175308,397.0
sxkbe9,40.8773803710938,29.3389892578125,3377.7457627118642,51.127155172413794,583.0
sxkbed,40.8828735351563,29.3389892578125,184.38983050847457,57.28406838453915,98.0
sxkbef,40.8828735351563,29.3499755859375,2535.3954802259886,51.3746408045977,486.0
sxkbeg,40.8883666992188,29.3499755859375,1733.6478873239437,58.37040584221238,284.0
sxkbek,40.8938598632813,29.3280029296875,18.835227272727273,72.31858156028369,12.0
sxkbem,40.8993530273438,29.3280029296875,12.229299363057326,68.2152704135737,13.0
sxkbep,40.9103393554688,29.3170166015625,3836.076271186441,30.2998922542799,361.0
sxkbeq,40.9048461914063,29.3280029296875,3690.392655367232,75.58500957854406,698.0
sxkber,40.9103393554688,29.3280029296875,4391.573446327684,75.45833333333333,716.0
sxkbeu,40.8938598632813,29.3499755859375,2254.9154929577467,42.33548850574713,314.0
sxkbev,40.8993530273438,29.3499755859375,985.0338028169014,33.71252246854404,163.0
sxkbew,40.9048461914063,29.3389892578125,726.4366197183099,54.654680570538176,236.0
sxkbex,40.9103393554688,29.3389892578125,1245.205633802817,55.58227544910179,311.0
sxkbey,40.9048461914063,29.3499755859375,644.4209039548023,47.49175195665262,215.0
sxkbez,40.9103393554688,29.3499755859375,370.5282485875706,65.39794933655006,127.0
sxkbf8,40.9158325195313,29.2950439453125,1732.050704225352,23.370689655172413,212.0
sxkbfb,40.9158325195313,29.3060302734375,3508.5830985915495,30.799592960612955,507.0
sxkbfc,40.9213256835938,29.3060302734375,1912.0647887323944,57.320081427373964,250.0
sxkbff,40.9268188476563,29.3060302734375,558.8276836158192,45.79959247273163,130.0
sxkbfr,40.9542846679688,29.2840576171875,1.2253521126760563,35.473684210526315,2.0
sxkbft,40.9432983398438,29.2950439453125,1066.3276836158193,42.72561706206566,141.0
sxkbfu,40.9378051757813,29.3060302734375,1553.143661971831,52.6768438697318,270.0
sxkbfv,40.9432983398438,29.3060302734375,2293.737288135593,34.17229406130268,325.0
sxkbfw,40.9487915039063,29.2950439453125,1457.850704225352,31.029570214294264,178.0
sxkbfx,40.9542846679688,29.2950439453125,11588.042372881357,67.36430025140668,1441.0
sxkbfy,40.9487915039063,29.3060302734375,11201.49014084507,75.77426690604429,1509.0
sxkbfz,40.9542846679688,29.3060302734375,3539.5,74.95449646748892,743.0
sxkbg0,40.9158325195313,29.3170166015625,7344.350282485876,54.75086795163414,969.0
sxkbg1,40.9213256835938,29.3170166015625,4110.237288135593,60.41836246109648,618.0
sxkbg2,40.9158325195313,29.3280029296875,6110.949152542373,68.25380102957021,1037.0
sxkbg3,40.9213256835938,29.3280029296875,932.6468926553672,87.63435965017372,176.0
sxkbg4,40.9268188476563,29.3170166015625,4014.2676056338028,43.28333732343788,647.0
sxkbg6,40.9268188476563,29.3280029296875,4488.938028169014,49.04274425287356,716.0
sxkbg7,40.9323120117188,29.3280029296875,9296.38028169014,43.24174246050742,1295.0
sxkbg8,40.9158325195313,29.3389892578125,2826.357746478873,64.56669061302682,798.0
sxkbg9,40.9213256835938,29.3389892578125,4182.450704225352,58.0050281336047,967.0
sxkbgb,40.9158325195313,29.3499755859375,9855.9802259887,75.73227969348659,1538.0
sxkbgc,40.9213256835938,29.3499755859375,9325.80790960452,78.14258350293308,1355.0
sxkbgd,40.9268188476563,29.3389892578125,3493.923943661972,60.401077199281865,842.0
sxkbge,40.9323120117188,29.3389892578125,14953.304225352113,68.34597893729057,1915.0
sxkbgf,40.9268188476563,29.3499755859375,12459.05352112676,64.52495511669659,1755.0
sxkbgg,40.9323120117188,29.3499755859375,5818.062146892656,69.24137931034483,1172.0
sxkbgh,40.9378051757813,29.3170166015625,2671.0140845070423,51.15601053639847,357.0
sxkbgj,40.9432983398438,29.3170166015625,12341.166197183098,76.33560742070617,1468.0
sxkbgk,40.9378051757813,29.3280029296875,16025.949295774648,62.52973555103506,1943.0
sxkbgm,40.9432983398438,29.3280029296875,3638.4858757062148,75.5199329582186,890.0
sxkbgn,40.9487915039063,29.3170166015625,4954.274011299435,73.88685344827586,919.0
sxkbgp,40.9542846679688,29.3170166015625,3714.6553672316386,54.72242845168243,674.0
sxkbgr,40.9542846679688,29.3280029296875,1443.7042253521126,67.70402298850574,470.0
sxkbgs,40.9378051757813,29.3389892578125,3825.3785310734465,80.40574850299402,838.0
sxkbgt,40.9432983398438,29.3389892578125,1471.861581920904,77.76569238140873,404.0
sxkbgu,40.9378051757813,29.3499755859375,82.60281690140845,58.54537109887228,21.0
sxkbgv,40.9432983398438,29.3499755859375,2882.811267605634,69.05673249551167,618.0
sxkbgw,40.9487915039063,29.3389892578125,3505.943661971831,84.68725314183123,844.0
sxkbgx,40.9542846679688,29.3389892578125,2235.898591549296,84.92409003831418,626.0
sxkbhc,40.7894897460938,29.3939208984375,6.925925925925926,58.21151936444886,6.0
sxkbhd,40.7949829101563,29.3829345703125,2928.0732394366196,80.8916427203065,770.0
sxkbhe,40.8004760742188,29.3829345703125,5464.715492957746,68.23226038051932,1024.0
sxkbhf,40.7949829101563,29.3939208984375,7087.014084507042,80.81113105924597,1196.0
sxkbhj,40.8114624023438,29.3609619140625,4933.912429378531,51.53639846743295,1059.0
sxkbhk,40.8059692382813,29.3719482421875,6115.969014084507,80.29072411729503,1100.0
sxkbhm,40.8114624023438,29.3719482421875,5636.389830508475,74.20522030651341,1056.0
sxkbhn,40.8169555664063,29.3609619140625,9734.830508474577,64.38501137315934,1802.0
sxkbhp,40.8224487304688,29.3609619140625,6499.039548022599,74.22416477068614,1334.0
sxkbhq,40.8169555664063,29.3719482421875,1.032258064516129,56.4375,1.0
sxkbhs,40.8059692382813,29.3829345703125,2466.3098591549297,80.45887705016162,657.0
sxkbj1,40.7894897460938,29.4049072265625,6875.194366197183,74.67887054319215,1164.0
sxkbj2,40.7839965820313,29.4158935546875,3821.6591549295777,50.755866858237546,817.0
sxkbj3,40.7894897460938,29.4158935546875,7882.816901408451,68.29763044518909,1408.0
sxkbj4,40.7949829101563,29.4049072265625,951.3728813559322,75.99856184084372,284.0
sxkbj8,40.7839965820313,29.4268798828125,1521.4774011299435,56.64130825446268,504.0
sxkbj9,40.7894897460938,29.4268798828125,5598.794366197183,76.31083183722322,1127.0
sxkbjd,40.7949829101563,29.4268798828125,3928.675141242938,78.80040708812261,984.0
sxkbjf,40.7949829101563,29.4378662109375,6502.005633802817,69.07708881972708,1305.0
sxkbjz,40.8224487304688,29.4378662109375,862.4011299435028,95.22179640718564,191.0
sxkbk0,40.8279418945313,29.3609619140625,3241.505649717514,83.71425149700599,752.0
sxkbk2,40.8279418945313,29.3719482421875,2362.036723163842,85.57693689378517,677.0
sxkbk3,40.8334350585938,29.3719482421875,4429.1949152542375,87.89092432950191,849.0
sxkbk6,40.8389282226563,29.3719482421875,3562.4661016949153,91.60778443113773,789.0
sxkbk7,40.8444213867188,29.3719482421875,2800.4180790960454,95.03880704275961,648.0
sxkbkk,40.8499145507813,29.3719482421875,4542.463276836158,90.17231469285116,873.0
sxkbkm,40.8554077148438,29.3719482421875,4966.389830508475,80.7521551724138,888.0
sxkbkq,40.8609008789063,29.3719482421875,39.38135593220339,80.72910616327847,19.0
sxkbkt,40.8554077148438,29.3829345703125,209.680790960452,72.00279397473275,69.0
sxkbkw,40.8609008789063,29.3829345703125,5074.098870056498,75.56339039865917,963.0
sxkbkx,40.8663940429688,29.3829345703125,3714.5254237288136,64.893438697318,712.0
sxkbkz,40.8663940429688,29.3939208984375,8096.087323943662,76.32227942056745,1326.0
sxkbm3,40.8334350585938,29.4158935546875,695.867231638418,87.49862225949443,116.0
sxkbm6,40.8389282226563,29.4158935546875,5163.477401129943,89.73587164750958,608.0
sxkbm7,40.8444213867188,29.4158935546875,4621.518309859155,90.21189991619778,612.0
sxkbm8,40.8279418945313,29.4268798828125,506.7853107344633,95.15430693662394,109.0
sxkbm9,40.8334350585938,29.4268798828125,5428.692090395481,89.54897030651341,664.0
sxkbmb,40.8279418945313,29.4378662109375,4404.30985915493,93.69699509158386,662.0
sxkbmc,40.8334350585938,29.4378662109375,1.153061224489796,82.83035714285714,2.0
sxkbmh,40.8499145507813,29.4049072265625,711.2570621468926,86.63009103977001,139.0
sxkbmj,40.8554077148438,29.4049072265625,6993.267605633803,87.85190949359512,909.0
sxkbmk,40.8499145507813,29.4158935546875,5110.670422535211,88.26266012211181,662.0
sxkbmn,40.8609008789063,29.4049072265625,7327.371830985915,86.26469531904705,1014.0
sxkbmp,40.8663940429688,29.4049072265625,2594.1045197740114,84.6368099628787,656.0
sxkbs6,40.8828735351563,29.3719482421875,4174.8983050847455,85.46851053639847,843.0
sxkbs7,40.8883666992188,29.3719482421875,8337.110169491525,86.81312103435891,1113.0
sxkbs9,40.8773803710938,29.3829345703125,7675.014124293785,84.09183429118774,1049.0
sxkbsb,40.8718872070313,29.3939208984375,10553.532394366197,67.49431478156792,1395.0
sxkbsc,40.8773803710938,29.3939208984375,3698.039548022599,83.60711292060832,768.0
sxkbsd,40.8828735351563,29.3829345703125,7579.9915254237285,83.61594636657489,1087.0
sxkbsh,40.8938598632813,29.3609619140625,1946.0845070422536,30.316968027781105,304.0
sxkbsj,40.8993530273438,29.3609619140625,2937.7796610169494,52.09050640488447,469.0
sxkbsk,40.8938598632813,29.3719482421875,7587.757062146893,86.3631030767389,1003.0
sxkbsm,40.8993530273438,29.3719482421875,8409.200564971752,74.21898946360153,1265.0
sxkbsn,40.9048461914063,29.3609619140625,8510.545197740114,83.17993535256794,1138.0
sxkbsp,40.9103393554688,29.3609619140625,8991.627118644068,83.44360632183908,1239.0
sxkbsq,40.9048461914063,29.3719482421875,790.5621468926554,42.43131373725255,171.0
sxkbu0,40.9158325195313,29.3609619140625,1133.5169491525423,82.08540967896502,382.0
sxkbu5,40.9323120117188,29.3609619140625,875.7655367231638,58.52027837772978,272.0
sxkbu7,40.9323120117188,29.3719482421875,1619.1549295774648,97.11458333333333,494.0
sxkbue,40.9323120117188,29.3829345703125,2729.6704225352114,98.87172430297954,628.0
sxkbug,40.9323120117188,29.3939208984375,2593.261971830986,100.31876945175964,605.0
sxkbuh,40.9378051757813,29.3609619140625,4052.5971830985914,80.5537872442264,869.0
sxkbuj,40.9432983398438,29.3609619140625,120.48158640226629,76.37318990484071,68.0
sxkbuk,40.9378051757813,29.3719482421875,2843.5830985915495,91.48228393583912,752.0
sxkbum,40.9432983398438,29.3719482421875,1082.7570621468926,57.377353964255725,250.0
sxkbut,40.9432983398438,29.3829345703125,849.276836158192,72.10366806975345,240.0
sxkbuv,40.9432983398438,29.3939208984375,913.8531073446328,34.09648700673725,245.0
sxkbuy,40.9487915039063,29.3939208984375,848.4067796610169,55.503819570753,237.0
sxkbuz,40.9542846679688,29.3939208984375,122.29661016949153,21.712879409351928,42.0
sxkbv5,40.9323120117188,29.4049072265625,2388.780281690141,97.55219056739287,565.0
sxkbv6,40.9268188476563,29.4158935546875,157.06497175141243,54.58904859685147,114.0
sxkbv7,40.9323120117188,29.4158935546875,3221.569014084507,90.78106296384965,815.0
sxkbve,40.9323120117188,29.4268798828125,2422.087323943662,98.74691727523046,576.0
sxkbvf,40.9268188476563,29.4378662109375,1677.2338028169015,100.56870960019153,485.0
sxkbvg,40.9323120117188,29.4378662109375,1279.0732394366198,98.73275862068965,459.0
sxkbvh,40.9378051757813,29.4049072265625,539.4237288135594,74.50225637272838,246.0
sxkbvj,40.9432983398438,29.4049072265625,632.3474576271186,68.53778751369113,247.0
sxkbvk,40.9378051757813,29.4158935546875,340.5141242937853,45.27076124567474,122.0
sxkbvn,40.9487915039063,29.4049072265625,577.276836158192,51.109351988217966,212.0
sxkbvp,40.9542846679688,29.4049072265625,9.267806267806268,73.32933388498138,14.0
sxkbvr,40.9542846679688,29.4158935546875,70.88983050847457,64.46271510516253,37.0
sxkc00,40.9597778320313,29.1851806640625,1339.7401129943503,81.7116122840691,320.0
sxkc01,40.9652709960938,29.1851806640625,1062.1610169491526,75.32693230916946,332.0
sxkc02,40.9597778320313,29.1961669921875,105.55240793201133,41.59756468797565,22.0
sxkc03,40.9652709960938,29.1961669921875,2736.2655367231637,61.55438428366076,542.0
sxkc04,40.9707641601563,29.1851806640625,586.4322033898305,35.8385518590998,147.0
sxkc05,40.9762573242188,29.1851806640625,813.4802259887006,31.66226120389283,180.0
sxkc06,40.9707641601563,29.1961669921875,1715.725988700565,32.72458033573142,350.0
sxkc07,40.9762573242188,29.1961669921875,295.0593220338983,31.0527950310559,88.0
sxkc08,40.9597778320313,29.2071533203125,584.723163841808,37.52232415902141,156.0
sxkc09,40.9652709960938,29.2071533203125,748.228813559322,36.38451364674763,195.0
sxkc0b,40.9597778320313,29.2181396484375,4865.353107344633,49.715106535791236,802.0
sxkc0c,40.9652709960938,29.2181396484375,4274.079096045198,55.62702120014373,710.0
sxkc0d,40.9707641601563,29.2071533203125,2182.1553672316386,64.69293413173652,365.0
sxkc0e,40.9762573242188,29.2071533203125,4178.039548022599,53.853328544061306,763.0
sxkc0f,40.9707641601563,29.2181396484375,6271.0649717514125,51.49634861726326,871.0
sxkc0g,40.9762573242188,29.2181396484375,9165.347457627118,51.61264065118506,1521.0
sxkc0h,40.9817504882813,29.1851806640625,813.0677966101695,36.50607921030456,147.0
sxkc0j,40.9872436523438,29.1851806640625,4343.460451977401,53.301927451215136,1037.0
sxkc0k,40.9817504882813,29.1961669921875,6068.214689265536,50.83409145319607,1124.0
sxkc0m,40.9872436523438,29.1961669921875,11742.604519774011,61.68872666347535,1490.0
sxkc0n,40.9927368164063,29.1851806640625,10692.225988700566,63.79535662996649,1359.0
sxkc0p,40.9982299804688,29.1851806640625,1473.5521126760564,30.678207739307535,237.0
sxkc0q,40.9927368164063,29.1961669921875,1543.8474576271187,25.12988257848071,257.0
sxkc0r,40.9982299804688,29.1961669921875,1346.5790960451977,28.25266690638859,253.0
sxkc0s,40.9817504882813,29.2071533203125,12805.005633802817,69.01842766543018,1637.0
sxkc0t,40.9872436523438,29.2071533203125,2744.5649717514125,40.907088122605366,415.0
sxkc0u,40.9817504882813,29.2181396484375,12309.50985915493,57.84691801316577,1567.0
sxkc0v,40.9872436523438,29.2181396484375,1789.9295774647887,33.373398778881835,271.0
sxkc0y,40.9927368164063,29.2181396484375,1335.1610169491526,47.95904682074003,219.0
sxkc0z,40.9982299804688,29.2181396484375,1521.9237288135594,37.09361905902071,207.0
sxkc10,40.9597778320313,29.2291259765625,95.07062146892656,30.033671346853875,29.0
sxkc15,40.9762573242188,29.2291259765625,10386.661016949152,75.75424946133589,1314.0
sxkc16,40.9707641601563,29.2401123046875,1.7345132743362832,41.128686327077745,2.0
sxkc17,40.9762573242188,29.2401123046875,12681.160563380281,62.13918142651987,1609.0
sxkc1c,40.9652709960938,29.2620849609375,264.361581920904,33.66710700132101,46.0
sxkc1d,40.9707641601563,29.2510986328125,10346.045197740114,49.28585108929854,1415.0
sxkc1e,40.9762573242188,29.2510986328125,8479.72033898305,76.33353286244463,1223.0
sxkc1f,40.9707641601563,29.2620849609375,12102.811267605633,60.045601436265706,1534.0
sxkc1h,40.9817504882813,29.2291259765625,1565.9971830985914,38.58119760479042,217.0
sxkc1j,40.9872436523438,29.2291259765625,4431.166197183099,31.118984917404838,611.0
sxkc1k,40.9817504882813,29.2401123046875,824.9661971830986,50.57247244849066,156.0
sxkc1n,40.9927368164063,29.2291259765625,3367.084745762712,31.89178836485516,528.0
sxkc1p,40.9982299804688,29.2291259765625,1750.683615819209,31.273619925757394,303.0
sxkc1r,40.9982299804688,29.2401123046875,98.46327683615819,27.64148013973347,28.0
sxkc20,41.0037231445313,29.1851806640625,853.4338028169014,26.565405405405407,141.0
sxkc21,41.0092163085938,29.1851806640625,2207.324858757062,34.51963601532567,312.0
sxkc22,41.0037231445313,29.1961669921875,1182.7033898305085,22.20119760479042,205.0
sxkc23,41.0092163085938,29.1961669921875,2640.3954802259886,29.35735663833353,397.0
sxkc24,41.0147094726563,29.1851806640625,6903.543661971831,42.75990424895272,1042.0
sxkc25,41.0202026367188,29.1851806640625,3415.700564971751,64.54174152593124,592.0
sxkc26,41.0147094726563,29.1961669921875,6023.918079096045,49.24092923003233,959.0
sxkc27,41.0202026367188,29.1961669921875,898.9378531073446,82.6534486902187,296.0
sxkc28,41.0037231445313,29.2071533203125,1091.0141242937852,26.278902599736433,200.0
sxkc29,41.0092163085938,29.2071533203125,3916.646892655367,26.455459770114942,522.0
sxkc2b,41.0037231445313,29.2181396484375,1907.7796610169491,26.20045503532511,246.0
sxkc2c,41.0092163085938,29.2181396484375,2870.330508474576,24.684349179738952,416.0
sxkc2d,41.0147094726563,29.2071533203125,5557.369014084507,47.96779600143661,941.0
sxkc2e,41.0202026367188,29.2071533203125,3308.6084507042256,62.91931042739136,625.0
sxkc2g,41.0202026367188,29.2181396484375,4054.369014084507,56.647713670098156,739.0
sxkc2k,41.0256958007813,29.1961669921875,643.5819209039548,87.60678618698111,284.0
sxkc2m,41.0311889648438,29.1961669921875,752.1440677966102,88.02550529355149,331.0
sxkc2q,41.0366821289063,29.1961669921875,965.5451977401129,93.10216606498194,335.0
sxkc2r,41.0421752929688,29.1961669921875,921.6836158192091,90.93231362158257,322.0
sxkc2u,41.0256958007813,29.2181396484375,2394.553672316384,57.937604790419165,524.0
sxkc2x,41.0421752929688,29.2071533203125,2273.169014084507,106.58306383998084,642.0
sxkc2z,41.0421752929688,29.2181396484375,2409.4225352112676,104.94801772667385,639.0
sxkc31,41.0092163085938,29.2291259765625,2167.0254237288136,32.23811804142225,331.0
sxkc33,41.0092163085938,29.2401123046875,1414.7485875706216,33.69074140615643,208.0
sxkc38,41.0037231445313,29.2510986328125,1387.9519774011299,36.034978437949206,223.0
sxkc39,41.0092163085938,29.2510986328125,1154.1158192090395,37.49802324188331,189.0
sxkc3b,41.0037231445313,29.2620849609375,1753.8983050847457,38.62254432199329,306.0
sxkc3g,41.0202026367188,29.2620849609375,161.4915254237288,86.16812254715786,54.0
sxkc3h,41.0256958007813,29.2291259765625,3983.3107344632767,53.941577876212136,570.0
sxkc3k,41.0256958007813,29.2401123046875,3350.5,43.94622754491018,474.0
sxkc3p,41.0421752929688,29.2291259765625,927.8732394366198,106.5127590751168,353.0
sxkc3s,41.0256958007813,29.2510986328125,2823.367231638418,69.71733141693616,428.0
sxkc3u,41.0256958007813,29.2620849609375,1834.093220338983,81.14660438375853,368.0
sxkc3v,41.0311889648438,29.2620849609375,2470.132768361582,66.54222062522457,405.0
sxkc3x,41.0421752929688,29.2510986328125,269.4378531073446,92.19883959869455,76.0
sxkc40,40.9597778320313,29.2730712890625,693.8135593220339,60.99688436189335,158.0
sxkc41,40.9652709960938,29.2730712890625,11246.841807909605,60.1985153256705,1415.0
sxkc42,40.9597778320313,29.2840576171875,11203.949152542373,71.57895366934035,1399.0
sxkc43,40.9652709960938,29.2840576171875,1301.7033898305085,34.63687552414041,221.0
sxkc44,40.9707641601563,29.2730712890625,7105.4717514124295,66.37172273434695,1049.0
sxkc48,40.9597778320313,29.2950439453125,2596.4435028248586,43.16932103939648,527.0
sxkc4b,40.9597778320313,29.3060302734375,328.7231638418079,42.19770487713608,88.0
sxkc4r,40.9982299804688,29.2840576171875,2096.056338028169,93.88004309828804,504.0
sxkc4x,40.9982299804688,29.2950439453125,4943.152112676056,97.31461750269364,892.0
sxkc4z,40.9982299804688,29.3060302734375,5983.656338028169,92.63969355997128,1023.0
sxkc50,40.9597778320313,29.3170166015625,4024.2485875706216,81.19324712643679,737.0
sxkc51,40.9652709960938,29.3170166015625,3162.8192090395482,84.87917614656928,694.0
sxkc52,40.9597778320313,29.3280029296875,2861.7830985915493,65.59250837721397,675.0
sxkc53,40.9652709960938,29.3280029296875,3365.8647887323946,81.69135950215414,761.0
sxkc54,40.9707641601563,29.3170166015625,1333.7824858757062,93.54102287699126,315.0
sxkc56,40.9707641601563,29.3280029296875,5439.191549295775,90.65445840813884,1091.0
sxkc57,40.9762573242188,29.3280029296875,5654.132394366197,85.84330859468518,1157.0
sxkc58,40.9597778320313,29.3389892578125,1440.7542372881355,79.02754820936639,284.0
sxkc5e,40.9762573242188,29.3389892578125,362.409604519774,90.07944150216659,115.0
sxkc5k,40.9817504882813,29.3280029296875,4230.715492957746,90.7133963845325,902.0
sxkc5m,40.9872436523438,29.3280029296875,5277.732394366197,90.12339916217833,1117.0
sxkc5n,40.9927368164063,29.3170166015625,3295.019718309859,93.1462947444032,718.0
sxkc5p,40.9982299804688,29.3170166015625,5508.9521126760565,90.93583911898492,1047.0
sxkc5q,40.9927368164063,29.3280029296875,5894.369014084507,88.02465884606177,1185.0
sxkc5r,40.9982299804688,29.3280029296875,262.90677966101697,90.82966900217444,90.0
sxkc5s,40.9817504882813,29.3389892578125,1239.8276836158193,84.11024565608149,277.0
sxkc5t,40.9872436523438,29.3389892578125,1057.587570621469,73.4806470940683,257.0
sxkc60,41.0037231445313,29.2730712890625,2761.0,66.50586826347305,702.0
sxkc61,41.0092163085938,29.2730712890625,6122.904225352113,89.84897079942556,1271.0
sxkc62,41.0037231445313,29.2840576171875,5426.481690140845,93.9137146960268,1020.0
sxkc63,41.0092163085938,29.2840576171875,1799.9096045197741,73.64438054157681,292.0
sxkc64,41.0147094726563,29.2730712890625,6180.416901408451,91.53794589418243,1226.0
sxkc65,41.0202026367188,29.2730712890625,6131.059154929578,95.44399234083293,1238.0
sxkc68,41.0037231445313,29.2950439453125,1536.5988700564972,86.94115532118887,277.0
sxkc69,41.0092163085938,29.2950439453125,316.816384180791,87.39483216614344,106.0
sxkc6b,41.0037231445313,29.3060302734375,1062.2937853107344,85.15501738400671,218.0
sxkc6h,41.0256958007813,29.2730712890625,6732.991549295774,87.89873114675605,1327.0
sxkc6j,41.0311889648438,29.2730712890625,7454.078873239437,77.730069427819,1350.0
sxkc6n,41.0366821289063,29.2730712890625,7225.605633802817,65.94842029679272,1266.0
sxkc6p,41.0421752929688,29.2730712890625,6825.394366197183,72.36596457635233,1264.0
sxkc6r,41.0421752929688,29.2840576171875,800.1525423728814,59.93564237775647,143.0
sxkc81,41.0531616210938,29.1851806640625,862.5549295774648,108.54581434396738,330.0
sxkc82,41.0476684570313,29.1961669921875,2892.4478873239436,97.08750299257841,820.0
sxkc83,41.0531616210938,29.1961669921875,1507.2450704225353,105.24856252994729,509.0
sxkc84,41.0586547851563,29.1851806640625,147.04237288135593,111.80034275921166,64.0
sxkc88,41.0476684570313,29.2071533203125,772.6676056338029,106.387723294569,314.0
sxkc90,41.0476684570313,29.2291259765625,2294.008450704225,107.66387158600863,647.0
sxkc92,41.0476684570313,29.2401123046875,2681.8591549295775,107.24910179640719,668.0
sxkc98,41.0476684570313,29.2510986328125,2272.4140845070424,89.39588073284636,602.0
sxkc9b,41.0476684570313,29.2620849609375,2945.3830985915492,78.1569683908046,645.0
sxkcd0,41.0476684570313,29.2730712890625,5914.146478873239,88.79887532902609,1176.0
sxkcd1,41.0531616210938,29.2730712890625,5771.476056338028,90.3183776022972,1055.0
sxkcd2,41.0476684570313,29.2840576171875,1129.8305084745762,75.16269318317958,163.0
sxkcd3,41.0531616210938,29.2840576171875,902.7175141242938,79.91264230077891,147.0
sxkcd4,41.0586547851563,29.2730712890625,4045.9098591549296,94.62344348659003,666.0
sxkcd5,41.0641479492188,29.2730712890625,4862.315492957747,92.22602657727762,717.0
sxkcd9,41.0531616210938,29.2950439453125,971.1271186440678,76.49838226482925,162.0
sxkcdd,41.0586547851563,29.2950439453125,1011.8050847457627,85.05199472864503,155.0
sxkcdf,41.0586547851563,29.3060302734375,150.12994350282486,87.6443893366398,39.0
sxkcdg,41.0641479492188,29.3060302734375,1119.2090395480227,81.20936639118457,160.0
sxkcdh,41.0696411132813,29.2730712890625,5089.701408450705,90.21361895643848,724.0
sxkcdj,41.0751342773438,29.2730712890625,3296.143661971831,90.20926613192864,560.0
sxkcdm,41.0751342773438,29.2840576171875,3010.588732394366,91.23359674329502,577.0
sxkcdq,41.0806274414063,29.2840576171875,5132.081690140845,90.33859964093357,729.0
sxkcdr,41.0861206054688,29.2840576171875,4545.797183098592,90.12233660521906,679.0
sxkcdu,41.0696411132813,29.3060302734375,985.6610169491526,70.59039175751766,155.0
sxkcdv,41.0751342773438,29.3060302734375,874.9237288135594,75.45383693045564,145.0
sxkcej,41.0751342773438,29.3170166015625,935.1694915254237,76.59985623577333,147.0
sxkcen,41.0806274414063,29.3170166015625,1180.5,67.89362721609966,162.0
sxkceq,41.0806274414063,29.3280029296875,870.8757062146892,71.83223487118035,142.0
sxkcer,41.0861206054688,29.3280029296875,564.7146892655368,64.41082573211713,115.0
sxkcex,41.0861206054688,29.3389892578125,998.0084745762712,67.31423777564717,149.0
sxkcez,41.0861206054688,29.3499755859375,586.7259887005649,83.00420723644669,90.0
sxkcf2,41.0916137695313,29.2840576171875,4350.10985915493,89.76274838400766,650.0
sxkcf3,41.0971069335938,29.2840576171875,4222.4450704225355,86.98551592051712,667.0
sxkcf9,41.0971069335938,29.2950439453125,1514.4209039548023,91.66958083832336,290.0
sxkcfd,41.1026000976563,29.2950439453125,4331.395480225989,90.6011733716475,674.0
sxkcfe,41.1080932617188,29.2950439453125,3804.1915492957746,94.52824994014843,666.0
sxkcfk,41.1135864257813,29.2840576171875,388.0819209039548,88.58495553953377,108.0
sxkcfm,41.1190795898438,29.2840576171875,4481.628169014085,90.62312941458158,704.0
sxkcfq,41.1245727539063,29.2840576171875,4672.867605633803,92.20526630760024,714.0
sxkcfr,41.1300659179688,29.2840576171875,4556.748587570622,92.33069923371647,706.0
sxkcfs,41.1135864257813,29.2950439453125,4351.864788732394,85.7914073719483,692.0
sxkcft,41.1190795898438,29.2950439453125,149.32957746478874,76.9658924205379,47.0
sxkcfu,41.1135864257813,29.3060302734375,152.0310734463277,81.34456168831169,41.0
sxkcfv,41.1190795898438,29.3060302734375,130.3050847457627,91.66136680613668,35.0
sxkcgj,41.1190795898438,29.3170166015625,177.71875,81.87396441667798,45.0
sxkcgm,41.1190795898438,29.3280029296875,126.46610169491525,72.51333894973322,33.0
sxkcgn,41.1245727539063,29.3170166015625,40.65625,80.9772435309231,17.0
sxkcgq,41.1245727539063,29.3280029296875,150.24293785310735,85.11192584394023,40.0
sxkcgt,41.1190795898438,29.3389892578125,222.4845070422535,74.52596966850088,53.0
sxkcgv,41.1190795898438,29.3499755859375,7.706552706552706,87.78210116731518,6.0
sxkcgw,41.1245727539063,29.3389892578125,6.8917378917378915,96.27286983795086,5.0
sxkcgy,41.1245727539063,29.3499755859375,198.55649717514123,95.06254230404765,49.0
sxkcsp,41.0861206054688,29.3609619140625,201.0310734463277,74.82857142857142,45.0
sxkcsr,41.0861206054688,29.3719482421875,147.93785310734464,75.2336578581363,41.0
sxkcu0,41.0916137695313,29.3609619140625,504.9124293785311,73.37811484290357,80.0
sxkcu2,41.0916137695313,29.3719482421875,461.14689265536725,74.12176633377452,78.0
sxkcu8,41.0916137695313,29.3829345703125,401.97740112994353,77.26963855421687,73.0
sxkcu9,41.0971069335938,29.3829345703125,479.81073446327684,76.30901649211508,88.0
sxkcub,41.0916137695313,29.3939208984375,455.3502824858757,80.08479884365214,80.0
sxkcuc,41.0971069335938,29.3939208984375,425.0819209039548,79.47204819277108,79.0
sxkcue,41.1080932617188,29.3829345703125,189.8985915492958,95.90430752453653,45.0
sxkcuf,41.1026000976563,29.3939208984375,213.79886685552407,92.73018663781444,55.0
sxkcug,41.1080932617188,29.3939208984375,52.76487252124646,92.37841919785198,22.0
sxkcun,41.1245727539063,29.3609619140625,202.11581920903956,92.56776208582292,52.0
sxkcuq,41.1245727539063,29.3719482421875,212.15536723163842,94.46485536631522,51.0
sxkcus,41.1135864257813,29.3829345703125,182.48305084745763,99.55064935064935,43.0
sxkcut,41.1190795898438,29.3829345703125,164.75988700564972,96.76033627342889,44.0
sxkcuw,41.1245727539063,29.3829345703125,71.17613636363636,93.26777398323502,22.0
sxkcv1,41.0971069335938,29.4049072265625,456.49152542372883,81.56407474382158,82.0
sxkcv4,41.1026000976563,29.4049072265625,684.6864406779661,77.9996383363472,108.0
sxkcv6,41.1026000976563,29.4158935546875,600.2873239436619,73.5199710389767,98.0
sxkcv7,41.1080932617188,29.4158935546875,618.5408450704225,68.95147271849348,101.0
sxkcve,41.1080932617188,29.4268798828125,629.3746478873239,72.19312424607962,104.0
sxkcvs,41.1135864257813,29.4268798828125,494.9605633802817,70.61143340584965,95.0
sxkcvu,41.1135864257813,29.4378662109375,352.4,85.70323696565357,82.0
sxkcvv,41.1190795898438,29.4378662109375,367.4056338028169,83.06626282606008,86.0
sxkcvy,41.1245727539063,29.4378662109375,424.94350282485874,75.15753086419753,89.0
sxkcvz,41.1300659179688,29.4378662109375,376.27966101694915,78.90762554246746,74.0
sxkd00,41.1355590820313,28.8336181640625,1069.225988700565,23.550844412504492,131.0
sxkd19,41.1410522460938,28.8995361328125,1.4432432432432432,70.3969465648855,2.0
sxkd1c,41.1410522460938,28.9105224609375,4435.11581920904,72.3919291102862,500.0
sxkd1d,41.1465454101563,28.8995361328125,4108.838983050848,71.70095808383233,474.0
sxkd1e,41.1520385742188,28.8995361328125,4091.641242937853,70.8068494791043,477.0
sxkd1f,41.1465454101563,28.9105224609375,228.9632768361582,71.6636177638705,65.0
sxkd1g,41.1520385742188,28.9105224609375,717.3757062146892,39.8117109534688,113.0
sxkd1k,41.1575317382813,28.8885498046875,498.7005649717514,78.38550029958058,125.0
sxkd1m,41.1630249023438,28.8885498046875,4405.531073446327,82.6348502994012,538.0
sxkd1p,41.1740112304688,28.8775634765625,3880.539548022599,84.9286398467433,514.0
sxkd1q,41.1685180664063,28.8885498046875,4289.209039548023,85.04789845527482,542.0
sxkd1r,41.1740112304688,28.8885498046875,2692.74011299435,58.4073275862069,402.0
sxkd1s,41.1575317382813,28.8995361328125,3717.141242937853,71.24850299401197,469.0
sxkd1u,41.1575317382813,28.9105224609375,744.9011299435028,43.68792026897214,121.0
sxkd1v,41.1630249023438,28.9105224609375,780.6949152542373,42.20727316370619,145.0
sxkd1w,41.1685180664063,28.8995361328125,389.4689265536723,42.69740099009901,107.0
sxkd1x,41.1740112304688,28.8995361328125,684.1864406779661,39.13925890046016,124.0
sxkd1y,41.1685180664063,28.9105224609375,528.1751412429378,42.83475505727517,109.0
sxkd2c,41.1849975585938,28.8665771484375,3356.505649717514,88.7791881211831,436.0
sxkd2f,41.1904907226563,28.8665771484375,3628.0197740112994,89.9482696683032,450.0
sxkd2g,41.1959838867188,28.8665771484375,3324.6723163841807,87.6487845766974,424.0
sxkd2j,41.2069702148438,28.8336181640625,39.22096317280453,39.227655677655676,17.0
sxkd2k,41.2014770507813,28.8446044921875,61.05949008498584,23.19402751719825,23.0
sxkd2m,41.2069702148438,28.8446044921875,4388.271186440678,85.12908633696563,500.0
sxkd2n,41.2124633789063,28.8336181640625,7129.847887323944,64.15323835747635,978.0
sxkd2p,41.2179565429688,28.8336181640625,8909.36338028169,89.12030165190328,1093.0
sxkd2q,41.2124633789063,28.8446044921875,3142.1859154929575,79.11627350017962,443.0
sxkd2r,41.2179565429688,28.8446044921875,206.05099150141643,83.31159908392833,67.0
sxkd2s,41.2014770507813,28.8555908203125,2608.4576271186443,88.37401197604791,330.0
sxkd2t,41.2069702148438,28.8555908203125,2194.9406779661017,86.37592814371257,322.0
sxkd2u,41.2014770507813,28.8665771484375,2284.7090395480227,91.3392408094839,348.0
sxkd30,41.1795043945313,28.8775634765625,4379.672316384181,83.21539750957854,525.0
sxkd31,41.1849975585938,28.8775634765625,2262.771186440678,72.14966475095785,370.0
sxkd32,41.1795043945313,28.8885498046875,807.8050847457627,23.63316161495148,134.0
sxkd34,41.1904907226563,28.8775634765625,115.41359773371104,29.865121988645082,61.0
sxkd40,41.1355590820313,28.9215087890625,4165.765536723164,67.91593821099269,479.0
sxkd41,41.1410522460938,28.9215087890625,1948.1045197740114,70.14816145646185,324.0
sxkd42,41.1355590820313,28.9324951171875,5331.824858757062,69.00694527601485,600.0
sxkd43,41.1410522460938,28.9324951171875,551.3135593220339,43.6025313374711,103.0
sxkd44,41.1465454101563,28.9215087890625,1498.3050847457628,30.90377471539844,226.0
sxkd45,41.1520385742188,28.9215087890625,767.6920903954802,33.75863723608445,136.0
sxkd46,41.1465454101563,28.9324951171875,754.9548022598871,37.13946193750754,128.0
sxkd48,41.1355590820313,28.9434814453125,1526.1073446327684,68.95964071856288,274.0
sxkd49,41.1410522460938,28.9434814453125,685.9209039548023,44.32743470832316,128.0
sxkd4b,41.1355590820313,28.9544677734375,420.6779661016949,39.58974043547792,95.0
sxkd4c,41.1410522460938,28.9544677734375,499.64406779661016,52.01980198019802,101.0
sxkd4d,41.1465454101563,28.9434814453125,12.025568181818182,38.14368440101339,8.0
sxkd50,41.1355590820313,28.9654541015625,556.0960451977401,39.99608849773866,106.0
sxkd5t,41.1630249023438,28.9874267578125,20.55240793201133,42.512903975819576,12.0
sxkd5u,41.1575317382813,28.9984130859375,333.77966101694915,50.2942946708464,70.0
sxkd5v,41.1630249023438,28.9984130859375,356.3135593220339,50.849580778375675,83.0
sxkd5w,41.1685180664063,28.9874267578125,535.4943502824859,29.313127602253246,110.0
sxkd5x,41.1740112304688,28.9874267578125,530.2627118644068,36.57028949950932,99.0
sxkd5y,41.1685180664063,28.9984130859375,205.819209039548,38.91173039533376,47.0
sxkd78,41.1795043945313,28.9874267578125,437.316384180791,22.35682656826568,74.0
sxkd79,41.1849975585938,28.9874267578125,18.729344729344728,15.60524728588661,14.0
sxkd7b,41.1795043945313,28.9984130859375,282.7401129943503,30.167252195734,64.0
sxkd7c,41.1849975585938,28.9984130859375,305.82485875706215,37.68080553807426,62.0
sxkd7f,41.1904907226563,28.9984130859375,86.94900849858357,50.928264187595396,40.0
sxkd7z,41.2179565429688,28.9984130859375,554.2259887005649,89.12795016173476,121.0
sxkd80,41.2234497070313,28.8336181640625,5652.622535211268,82.84925766283524,769.0
sxkd81,41.2289428710938,28.8336181640625,4183.056338028169,90.44935344827586,608.0
sxkd82,41.2234497070313,28.8446044921875,3454.7062146892654,92.83245508982036,513.0
sxkd83,41.2289428710938,28.8446044921875,5043.160563380282,86.76436093824796,718.0
sxkd84,41.2344360351563,28.8336181640625,1894.6666666666667,93.77081586198634,397.0
sxkd85,41.2399291992188,28.8336181640625,1528.0762711864406,94.33353293413174,332.0
sxkd86,41.2344360351563,28.8446044921875,4572.552112676056,85.52262389274598,614.0
sxkd87,41.2399291992188,28.8446044921875,192.3342776203966,72.8986467031385,66.0
sxkd89,41.2289428710938,28.8555908203125,4580.557746478873,87.3984917404836,669.0
sxkd8c,41.2289428710938,28.8665771484375,3871.1661971830986,90.80179533213645,623.0
sxkd8d,41.2344360351563,28.8555908203125,290.2598870056497,82.48804230260787,50.0
sxkd8f,41.2344360351563,28.8665771484375,1954.9802816901408,92.25140668023465,393.0
sxkd8k,41.2454223632813,28.8446044921875,142.62322946175638,52.29626854488236,53.0
sxkd94,41.2344360351563,28.8775634765625,4471.5549295774645,92.92567324955117,649.0
sxkd96,41.2344360351563,28.8885498046875,4862.742937853107,92.00957739734227,656.0
sxkd9d,41.2344360351563,28.8995361328125,5026.988700564972,90.22647833373235,672.0
sxkd9f,41.2344360351563,28.9105224609375,3807.8361581920904,92.84197294385251,592.0
sxkdd3,41.2289428710938,28.9324951171875,4756.171830985915,91.47492519449432,681.0
sxkdd4,41.2344360351563,28.9215087890625,4269.540845070423,92.43440268135025,665.0
sxkdd6,41.2344360351563,28.9324951171875,967.0732394366197,91.87209580838324,216.0
sxkdd9,41.2289428710938,28.9434814453125,3957.0985915492956,94.57445535073019,632.0
sxkddd,41.2344360351563,28.9434814453125,921.1242937853108,99.47508385241974,231.0
sxkddf,41.2344360351563,28.9544677734375,4894.814084507042,93.34925194494315,688.0
sxkde1,41.2289428710938,28.9654541015625,2090.7881355932204,93.7372201604214,406.0
sxkde3,41.2289428710938,28.9764404296875,5094.347457627118,94.18613837682547,714.0
sxkde4,41.2344360351563,28.9654541015625,3919.419718309859,91.97162696037351,660.0
sxkde8,41.2234497070313,28.9874267578125,5156.929378531074,89.61982283935839,722.0
sxkde9,41.2289428710938,28.9874267578125,373.274011299435,92.58672428279918,68.0
sxkdeb,41.2234497070313,28.9984130859375,4924.087570621469,91.09695954033995,723.0
sxkdh2,41.1355590820313,29.0203857421875,1984.629943502825,49.749610825050894,293.0
sxkdh3,41.1410522460938,29.0203857421875,351.5960451977401,46.14731975509184,67.0
sxkdh4,41.1465454101563,29.0093994140625,349.864406779661,48.95890068707058,76.0
sxkdh5,41.1520385742188,29.0093994140625,354.2768361581921,53.263,76.0
sxkdh6,41.1465454101563,29.0203857421875,347.11299435028246,48.99149893736717,71.0
sxkdh7,41.1520385742188,29.0203857421875,403.6864406779661,53.39239893488259,92.0
sxkdh8,41.1355590820313,29.0313720703125,884.8107344632768,48.4018210135378,172.0
sxkdh9,41.1410522460938,29.0313720703125,2109.7175141242938,45.39379789272031,293.0
sxkdhb,41.1355590820313,29.0423583984375,588.6525423728814,38.61211975471925,97.0
sxkdhd,41.1465454101563,29.0313720703125,1112.0734463276835,56.59494429136217,161.0
sxkdhe,41.1520385742188,29.0313720703125,1504.6892655367233,55.720718562874254,211.0
sxkdhf,41.1465454101563,29.0423583984375,240.01129943502823,30.757105943152453,46.0
sxkdhg,41.1520385742188,29.0423583984375,497.04802259887003,32.61937342455888,78.0
sxkdhh,41.1575317382813,29.0093994140625,48.18926553672316,57.08828685258964,18.0
sxkdhj,41.1630249023438,29.0093994140625,164.34745762711864,49.19639121338912,60.0
sxkdhk,41.1575317382813,29.0203857421875,682.8305084745763,34.13854842585917,125.0
sxkdhm,41.1630249023438,29.0203857421875,140.07909604519773,56.40515993155193,51.0
sxkdhn,41.1685180664063,29.0093994140625,128.61864406779662,52.76807947019868,46.0
sxkdhs,41.1575317382813,29.0313720703125,1234.7711864406779,32.02335888835649,173.0
sxkdht,41.1630249023438,29.0313720703125,10.994318181818182,15.421789617486338,5.0
sxkdhu,41.1575317382813,29.0423583984375,600.861581920904,43.05249910104279,86.0
sxkdhv,41.1630249023438,29.0423583984375,450.8022598870057,33.461252399232244,66.0
sxkdhw,41.1685180664063,29.0313720703125,1.915057915057915,27.08613445378151,3.0
sxkdhx,41.1740112304688,29.0313720703125,348.138418079096,32.18494516450648,63.0
sxkdhz,41.1740112304688,29.0423583984375,775.4858757062146,42.10094940511958,125.0
sxkdj0,41.1355590820313,29.0533447265625,536.4406779661017,36.5167187875872,71.0
sxkdj1,41.1410522460938,29.0533447265625,403.49152542372883,27.068173576695273,58.0
sxkdj2,41.1355590820313,29.0643310546875,292.1779661016949,38.831989247311824,42.0
sxkdj4,41.1465454101563,29.0533447265625,256.638418079096,34.579720884278125,40.0
sxkdjj,41.1630249023438,29.0533447265625,509.56779661016947,35.21605086372361,66.0
sxkdjn,41.1685180664063,29.0533447265625,558.9604519774011,23.309463835912197,68.0
sxkdjp,41.1740112304688,29.0533447265625,682.4717514124294,24.92245828832073,82.0
sxkdk1,41.1849975585938,29.0093994140625,12.511363636363637,41.42621892153697,8.0
sxkdk3,41.1849975585938,29.0203857421875,51.22598870056497,37.430602682178055,24.0
sxkdk4,41.1904907226563,29.0093994140625,356.3587570621469,39.75103422339225,74.0
sxkdk5,41.1959838867188,29.0093994140625,261.1101694915254,38.08641659198566,48.0
sxkdk6,41.1904907226563,29.0203857421875,118.00847457627118,49.9575168073237,32.0
sxkdk8,41.1795043945313,29.0313720703125,268.909604519774,23.956576463184394,48.0
sxkdk9,41.1849975585938,29.0313720703125,1.297029702970297,31.677165354330707,2.0
sxkdkb,41.1795043945313,29.0423583984375,313.73728813559325,35.292486255345146,57.0
sxkdkc,41.1849975585938,29.0423583984375,908.2683615819209,28.389661789397937,143.0
sxkdkd,41.1904907226563,29.0313720703125,620.0056497175141,34.82524972920929,123.0
sxkdke,41.1959838867188,29.0313720703125,556.3248587570622,42.00024189646831,115.0
sxkdkf,41.1904907226563,29.0423583984375,598.7909604519774,32.358570052961,95.0
sxkdkg,41.1959838867188,29.0423583984375,150.96610169491527,46.859038557836755,49.0
sxkdkh,41.2014770507813,29.0093994140625,215.45197740112994,49.94940934771443,42.0
sxkdkk,41.2014770507813,29.0203857421875,246.13841807909606,40.44043967280164,47.0
sxkdkm,41.2069702148438,29.0203857421875,364.7542372881356,35.61842433308402,70.0
sxkdkp,41.2179565429688,29.0093994140625,129.0819209039548,87.08280413398083,37.0
sxkdkt,41.2069702148438,29.0313720703125,188.6129943502825,55.39560155239327,42.0
sxkdku,41.2014770507813,29.0423583984375,455.84180790960454,47.46704766536965,87.0
sxkdkv,41.2069702148438,29.0423583984375,399.3220338983051,43.014892578125,78.0
sxkdkw,41.2124633789063,29.0313720703125,695.4915254237288,37.25714631782946,103.0
sxkdkx,41.2179565429688,29.0313720703125,740.0225988700565,34.87525661152035,120.0
sxkdky,41.2124633789063,29.0423583984375,376.42090395480227,35.3603570555148,72.0
sxkdm0,41.1795043945313,29.0533447265625,215.32203389830508,25.56066584463625,36.0
sxkdm1,41.1849975585938,29.0533447265625,1.119047619047619,20.80851063829787,1.0
sxkdmy,41.2124633789063,29.0863037109375,692.7824858757062,105.09227082085081,221.0
sxkdmz,41.2179565429688,29.0863037109375,4234.387005649717,93.58996767628398,650.0
sxkdn8,41.1355590820313,29.1192626953125,551.3079096045198,59.87166225643493,83.0
sxkdn9,41.1410522460938,29.1192626953125,352.7683615819209,40.443399638336345,65.0
sxkdnb,41.1355590820313,29.1302490234375,531.3418079096045,67.54673403103573,77.0
sxkdp2,41.1355590820313,29.1522216796875,330.89830508474574,70.85591344971724,59.0
sxkdp3,41.1410522460938,29.1522216796875,67.3314447592068,72.38010456408082,26.0
sxkdp9,41.1410522460938,29.1632080078125,373.2090395480226,67.62059255631733,63.0
sxkdpd,41.1465454101563,29.1632080078125,119.35875706214689,57.42458317177201,40.0
sxkdpf,41.1465454101563,29.1741943359375,382.2231638418079,63.87865030674847,62.0
sxkdpg,41.1520385742188,29.1741943359375,329.6214689265537,65.32925018559763,53.0
sxkdpu,41.1575317382813,29.1741943359375,246.55084745762713,75.14415990006246,52.0
sxkdpv,41.1630249023438,29.1741943359375,404.9124293785311,59.548379174852656,75.0
sxkdpy,41.1685180664063,29.1741943359375,347.1327683615819,61.83764705882353,70.0
sxkdpz,41.1740112304688,29.1741943359375,219.79943502824858,74.7610874467552,59.0
sxkdqe,41.1959838867188,29.1192626953125,1578.6732394366197,94.59327107279694,334.0
sxkdqg,41.1959838867188,29.1302490234375,495.6704225352113,97.99017140117463,143.0
sxkdqj,41.2069702148438,29.0972900390625,2820.2485875706216,95.30575841015204,521.0
sxkdqk,41.2014770507813,29.1082763671875,3159.9887323943663,91.91729503291442,579.0
sxkdqm,41.2069702148438,29.1082763671875,3410.1605633802815,92.13849652860905,597.0
sxkdqn,41.2124633789063,29.0972900390625,1790.9887005649719,100.62591306430367,404.0
sxkdqs,41.2014770507813,29.1192626953125,4192.552112676056,91.85084989226718,666.0
sxkdr5,41.1959838867188,29.1412353515625,4309.904225352113,92.78692841752454,683.0
sxkdr7,41.1959838867188,29.1522216796875,4894.219718309859,92.83241560928896,726.0
sxkdre,41.1959838867188,29.1632080078125,5121.872881355932,92.6569683908046,744.0
sxkdrg,41.1959838867188,29.1741943359375,4649.516949152542,94.6901711959775,721.0
sxkdrk,41.2014770507813,29.1522216796875,490.01129943502826,84.00958543014617,86.0
sxkds0,41.2234497070313,29.0093994140625,4643.754237288135,93.56475939669619,678.0
sxkds2,41.2234497070313,29.0203857421875,4337.67323943662,92.55099353603065,699.0
sxkds3,41.2289428710938,29.0203857421875,1175.2485875706216,82.15918074020841,185.0
sxkds6,41.2344360351563,29.0203857421875,134.41359773371104,77.54104046242774,45.0
sxkds8,41.2234497070313,29.0313720703125,3214.656338028169,81.69603735184964,533.0
sxkds9,41.2289428710938,29.0313720703125,1280.864406779661,78.4414759793938,191.0
sxkdsb,41.2234497070313,29.0423583984375,3380.9718309859154,93.51879339238688,573.0
sxkdsc,41.2289428710938,29.0423583984375,473.68926553672316,54.20194174757282,76.0
sxkdsd,41.2344360351563,29.0313720703125,406.5593220338983,53.82560841384371,71.0
sxkdse,41.2399291992188,29.0313720703125,349.7881355932203,75.61204996326231,63.0
sxkdsf,41.2344360351563,29.0423583984375,534.271186440678,37.7921715947649,81.0
sxkdsg,41.2399291992188,29.0423583984375,447.12994350282486,55.34881746513038,81.0
sxkdss,41.2454223632813,29.0313720703125,15.105113636363637,17.403389830508473,7.0
sxkdsu,41.2454223632813,29.0423583984375,160.18926553672316,35.62501654533422,30.0
sxkdt0,41.2234497070313,29.0533447265625,932.4293785310734,93.73271834191925,247.0
sxkdt1,41.2289428710938,29.0533447265625,4498.09014084507,92.81477490421456,674.0
sxkdt2,41.2234497070313,29.0643310546875,5.679190751445087,81.3875305623472,5.0
sxkdt3,41.2289428710938,29.0643310546875,4393.87323943662,94.45206463195692,654.0
sxkdt8,41.2234497070313,29.0753173828125,3900.0169491525426,95.20974500179577,610.0
sxkdt9,41.2289428710938,29.0753173828125,384.4491525423729,99.50587670904294,90.0
sxkdtb,41.2234497070313,29.0863037109375,1108.8672316384182,93.56612362242453,234.0
sxkf0p,41.1740112304688,29.1851806640625,300.361581920904,70.27813825804841,59.0
sxkf0r,41.1740112304688,29.1961669921875,222.22033898305085,66.32549317147193,55.0
sxkf1g,41.1520385742188,29.2620849609375,815.1355932203389,93.45316243411595,171.0
sxkf1r,41.1740112304688,29.2401123046875,4915.264788732395,92.02729558242548,750.0
sxkf1t,41.1630249023438,29.2510986328125,2500.5225988700563,89.50413025260386,511.0
sxkf1u,41.1575317382813,29.2620849609375,5058.632768361582,92.70800909852747,745.0
sxkf1v,41.1630249023438,29.2620849609375,3422.1158192090397,86.70669220639292,602.0
sxkf1w,41.1685180664063,29.2510986328125,5159.090395480226,91.59691128935712,754.0
sxkf1x,41.1740112304688,29.2510986328125,1304.230985915493,91.03964071856288,261.0
sxkf22,41.1795043945313,29.1961669921875,342.5593220338983,64.92415590863952,66.0
sxkf23,41.1849975585938,29.1961669921875,344.9491525423729,59.05011163483007,68.0
sxkf24,41.1904907226563,29.1851806640625,4184.302259887006,93.8036398467433,685.0
sxkf25,41.1959838867188,29.1851806640625,2969.991525423729,91.90565134099617,583.0
sxkf26,41.1904907226563,29.1961669921875,4216.538028169014,92.96815515383695,712.0
sxkf27,41.1959838867188,29.1961669921875,112.37677053824362,61.924799782815256,38.0
sxkf29,41.1849975585938,29.2071533203125,152.12429378531073,72.48239783357951,44.0
sxkf2c,41.1849975585938,29.2181396484375,5321.991549295774,92.3655733780225,783.0
sxkf2d,41.1904907226563,29.2071533203125,5264.715492957746,88.31449778522686,798.0
sxkf2e,41.1959838867188,29.2071533203125,76.16949152542372,76.42316715542522,24.0
sxkf2f,41.1904907226563,29.2181396484375,360.24225352112677,90.49232613908873,73.0
sxkf2g,41.1959838867188,29.2181396484375,184.9322033898305,72.59609207708779,43.0
sxkf2u,41.2014770507813,29.2181396484375,221.01129943502823,55.90443731622561,46.0
sxkf2v,41.2069702148438,29.2181396484375,109.03966005665723,60.003429253019235,33.0
sxkf2y,41.2124633789063,29.2181396484375,118.25779036827196,65.9565925925926,34.0
sxkf2z,41.2179565429688,29.2181396484375,126.43626062322946,42.521719858156025,33.0
sxkf30,41.1795043945313,29.2291259765625,2657.1352112676054,93.90911268111603,577.0
sxkf31,41.1849975585938,29.2291259765625,4585.324858757062,92.98000239492276,751.0
sxkf32,41.1795043945313,29.2401123046875,4102.740845070422,92.87274033281456,685.0
sxkf42,41.1355590820313,29.2840576171875,4247.081920903955,93.05387931034483,715.0
sxkf43,41.1410522460938,29.2840576171875,4107.319209039548,92.25556886227545,678.0
sxkf44,41.1465454101563,29.2730712890625,785.6779661016949,95.76090081456637,232.0
sxkf45,41.1520385742188,29.2730712890625,4389.647887323944,92.09255268199233,707.0
sxkf46,41.1465454101563,29.2840576171875,155.71671388101984,101.02489939637827,66.0
sxkf8b,41.2234497070313,29.2181396484375,20.705382436260624,25.045769421078674,14.0
sxkfjb,41.1355590820313,29.4378662109375,334.57909604519773,74.63926883859736,72.0
sxkfn0,41.1355590820313,29.4488525390625,433.12112676056336,79.30137495354887,81.0
sxkfn1,41.1410522460938,29.4488525390625,1.0,36.5,1.0
sxkfn2,41.1355590820313,29.4598388671875,111.62711864406779,85.00406173842404,36.0
sxkfn3,41.1410522460938,29.4598388671875,426.01408450704224,83.65269016697589,87.0
sxkfn9,41.1410522460938,29.4708251953125,364.319209039548,76.81198808637379,74.0
sxkfnc,41.1410522460938,29.4818115234375,406.15774647887326,76.27990520144692,75.0
sxkfnd,41.1465454101563,29.4708251953125,319.76901408450703,76.87026420737787,70.0
sxkfnf,41.1465454101563,29.4818115234375,176.90140845070422,82.63229220443985,48.0
sxkfp4,41.1465454101563,29.4927978515625,335.5367231638418,80.70366662495307,71.0
sxkfp5,41.1520385742188,29.4927978515625,401.07909604519773,81.72788521522146,78.0
sxkfph,41.1575317382813,29.4927978515625,383.23098591549297,83.2688319800125,77.0
sxkfpj,41.1630249023438,29.4927978515625,98.7605633802817,82.0699290977339,29.0
sxkfpm,41.1630249023438,29.5037841796875,364.33521126760564,79.48599649912478,74.0
sxkfpq,41.1685180664063,29.5037841796875,410.319209039548,73.72940589116325,80.0
sxkfpr,41.1740112304688,29.5037841796875,304.0141242937853,72.72277477023795,68.0
sxkfpw,41.1685180664063,29.5147705078125,339.95762711864404,79.08428589373194,74.0
sxkfpx,41.1740112304688,29.5147705078125,282.70621468926555,74.48565989847715,69.0
sxkfpy,41.1685180664063,29.5257568359375,397.94617563739376,80.16838401608445,81.0
sxm40n,41.1685180664063,29.5367431640625,420.6271186440678,72.87798773620322,80.0
sxm40q,41.1685180664063,29.5477294921875,355.75141242937855,83.2711821729825,78.0
sxm40t,41.1630249023438,29.5587158203125,8.398860398860398,79.67651067696501,10.0
sxm40u,41.1575317382813,29.5697021484375,37.34090909090909,80.65961327982488,19.0
sxm40v,41.1630249023438,29.5697021484375,444.8474576271187,66.176625,83.0
sxm40w,41.1685180664063,29.5587158203125,424.3305084745763,77.66508135168961,82.0
sxm40y,41.1685180664063,29.5697021484375,5.431884057971015,75.25180802103878,6.0
sxm415,41.1520385742188,29.5806884765625,108.7090395480226,75.24328440875104,44.0
sxm417,41.1520385742188,29.5916748046875,407.33898305084745,58.119193689745835,82.0
sxm41e,41.1520385742188,29.6026611328125,236.5367231638418,79.97077162899454,57.0
sxm41g,41.1520385742188,29.6136474609375,156.7316384180791,79.18079174797882,36.0
sxm41h,41.1575317382813,29.5806884765625,371.3954802259887,80.0678824721378,75.0
sxm41j,41.1630249023438,29.5806884765625,1.0,65.0,1.0
sxm41s,41.1575317382813,29.6026611328125,260.78248587570624,72.6763035622096,61.0
sxm41u,41.1575317382813,29.6136474609375,225.95197740112994,57.11122674645505,60.0
sxm445,41.1520385742188,29.6246337890625,162.03389830508473,72.5163043478261,35.0
sxm44h,41.1575317382813,29.6246337890625,165.54237288135593,69.91398747390397,34.0
sxm44k,41.1575317382813,29.6356201171875,199.20056497175142,55.576552098899604,39.0
