GEOHASH,TOTAL_VEHICLES,TOTAL_WEIGHTED_SUM,UNIQUE_DAYS,LATITUDE,LONGITUDE,MEAN_DAILY_VEHICLES,MEAN_SPEED,V_NORM,INV_SPEED,S_NORM,FINAL_DEMAND_SCORE
sx7chk,202266,16627947,354,40.9817504882813,27.9656982421875,571.3728813559322,82.20831479339088,0.03559280412240208,0.012149440825148532,0.04238214026048116,0.0376296049638258
sx7chm,334893,22695002,354,40.9872436523438,27.9656982421875,946.0254237288135,67.76791990277492,0.05897213191045737,0.014734501977260585,0.07649210829098049,0.0642281248246143
sx7cht,307682,10912058,354,40.9872436523438,27.9766845703125,869.1581920903955,35.46537659011577,0.05417540961076898,0.02811723355343065,0.2530776973208403,0.11384609592379036
sx7chw,379557,25135456,354,40.9927368164063,27.9766845703125,1072.1949152542372,66.2231390805597,0.06684544802501702,0.015077694057655286,0.08102053922617114,0.07109797538536325
sx7chx,378190,26459600,354,40.9982299804688,27.9766845703125,1068.3333333333333,69.96377482217933,0.06660447491180273,0.014272710862895742,0.0703987591511027,0.06774276018359271
sx7ck8,358517,26813018,354,41.0037231445313,27.9766845703125,1012.7598870056497,74.78869342318495,0.06313654217130184,0.013353150579743029,0.05826513057723741,0.06167511869308251
sx7ck9,384386,22179842,354,41.0092163085938,27.9766845703125,1085.8361581920904,57.70200267439501,0.06769669832765915,0.017300438630701243,0.11034972792432579,0.08049260720665914
sx7ckc,122785,8842441,354,41.0092163085938,27.9876708984375,346.8502824858757,72.0156452335383,0.021581989190884193,0.013866616554030878,0.06504033121548852,0.03461949179826549
sx7ckf,299229,22338466,354,41.0147094726563,27.9876708984375,845.2796610169491,74.6534126037249,0.05268532495385575,0.013377315699299203,0.05858399013490816,0.054454924508171465
sx7ckg,246458,16703248,354,41.0202026367188,27.9876708984375,696.2090395480226,67.77320273636887,0.043382916645566594,0.014733355134045627,0.0764769756565489,0.05331113434886128
sx7cm5,206914,15091015,354,41.0202026367188,27.9986572265625,584.5028248587571,72.93375508665436,0.03641214796308973,0.013692298839262786,0.06274020316125223,0.04431056452253848
sx7cmh,337046,24904297,354,41.0256958007813,27.9986572265625,952.1073446327683,73.88990523548715,0.0593516601568,0.013515357220925032,0.060405452611991726,0.059667797893357515
sx7cmj,110181,7677398,354,41.0311889648438,27.9986572265625,311.2457627118644,69.6798722102722,0.01936017125456166,0.014330780041938678,0.07116498390330772,0.03490161504918548
sx7cmm,353569,28757718,354,41.0311889648438,28.0096435546875,998.7824858757062,81.33551866820903,0.062264314692015585,0.012279654091407933,0.04410030864718497,0.0568151128785664
sx7cmq,213557,17427176,354,41.0366821289063,28.0096435546875,603.2683615819209,81.60433045978357,0.03758316800045807,0.0122392533464578,0.043567219471506685,0.039378383441772656
sx7cmw,351286,29645874,354,41.0366821289063,28.0206298828125,992.3333333333334,84.39241529693754,0.06186187020228024,0.011835381868131368,0.03823812185890677,0.0547747456992682
sx7cmx,172797,15198251,354,41.0421752929688,28.0206298828125,488.1271186440678,87.95436842074804,0.030398044302861554,0.011356619983028263,0.031920842833709995,0.030854883862116083
sx7cmz,351154,27807569,354,41.0421752929688,28.0316162109375,991.9604519774011,79.18909936950739,0.06183860140129685,0.01261207414325323,0.04848660230676665,0.05783300167293779
sx7cqp,136831,9610113,354,41.0421752929688,28.0426025390625,386.5282485875706,70.23344856063319,0.024058001150070667,0.014217986185305818,0.06967666520700139,0.03774360036714988
sx7ctr,122874,9348999,354,41.0861206054688,28.0096435546875,347.10169491525426,76.08606377264515,0.021597678003668446,0.013125760151938094,0.05526470630621742,0.03169778649443314
sx7ctx,311032,22649903,354,41.0861206054688,28.0206298828125,878.6214689265537,72.82177718048304,0.05476594357512002,0.013713324587865948,0.06301763861460125,0.05724145208696438
sx7ctz,309720,26562681,354,41.0861206054688,28.0316162109375,874.9152542372881,85.76353157690818,0.05453466579564881,0.011646387955802837,0.03574434088888285,0.048897568323619016
sx7cu3,256055,20301934,354,41.0971069335938,27.9656982421875,723.319209039548,79.28739528616899,0.04507466424433582,0.012596458120275699,0.04828054836328762,0.04603642948002136
sx7cu9,306080,25992428,354,41.0971069335938,27.9766845703125,864.632768361582,84.9203737584945,0.05389301098065245,0.01176188666072629,0.03726835014850298,0.0489056127310076
sx7cuc,301806,26684868,354,41.0971069335938,27.9876708984375,852.5593220338983,88.41728792668138,0.05313959540941773,0.011297228184716835,0.03113716607619054,0.04653886660944957
sx7cv0,309709,16773980,354,41.0916137695313,27.9986572265625,874.8841807909605,54.16045384538389,0.054532726728900194,0.018429628378146587,0.12524942426391117,0.07574773598940349
sx7cv1,253856,16657694,354,41.0971069335938,27.9986572265625,717.1073446327683,65.6186735787218,0.04468702717340808,0.015216375278818427,0.08285044255996288,0.056136051789374516
sx7cv2,318127,23920507,354,41.0916137695313,28.0096435546875,898.6638418079096,75.19169073986176,0.056016641627976926,0.013281678099846005,0.05732204882369507,0.056408263786692364
sx7cw0,432720,22777468,354,41.0476684570313,28.0426025390625,1222.3728813559321,52.6378905527824,0.07621695762107501,0.018961698875671867,0.13227011220614074,0.09303290399659472
sx7cw2,341343,26733251,354,41.0476684570313,28.0535888671875,964.2457627118644,78.31785330298263,0.06010913014032728,0.012752198101321463,0.0503355426020898,0.057177053878856035
sx7cw3,329792,27825601,354,41.0531616210938,28.0535888671875,931.6158192090395,84.37318370366776,0.058072933775485835,0.011838076371171279,0.03827367591629314,0.05213315641772802
sx7cw9,367386,31395197,354,41.0531616210938,28.0645751953125,1037.8135593220338,85.45561616392568,0.06469995880707179,0.011688303408206271,0.036297416679874066,0.05617919616891247
sx7cwd,128836,11044031,354,41.0586547851563,28.0645751953125,363.94350282485874,85.72162283833711,0.022648652181417962,0.011652075163897893,0.035819383789181994,0.026599871663747172
sx7cwf,402772,35008751,354,41.0586547851563,28.0755615234375,1137.774011299435,86.91952519043032,0.07093776025857206,0.011491673826208968,0.03370288279416747,0.05976729701925068
sx7cwn,258799,22425648,354,41.0806274414063,28.0426025390625,731.0706214689266,86.65276140943358,0.045558373258717685,0.011527010596013824,0.034169152649083656,0.042141607075827474
sx7cwp,214800,17879089,354,41.0861206054688,28.0426025390625,606.7796610169491,83.23598230912476,0.03780228254305161,0.011999618559611151,0.040405230474976975,0.03858316692262922
sx7cwq,331150,27014160,354,41.0806274414063,28.0535888671875,935.45197740113,81.5768080930092,0.05831232037954217,0.012243377567610786,0.043621638707030036,0.053905115877788526
sx7cwt,1208,93004,339,41.0751342773438,28.0645751953125,3.5634218289085546,76.99006622516556,0.00015996442681940096,0.012971839939522018,0.05323372397511455,0.016082092291307942
sx7cwv,320831,25598732,354,41.0751342773438,28.0755615234375,906.3022598870057,79.78883586685825,0.05649329949054564,0.012517393565060677,0.04723728892297356,0.05371649632027401
sx7cww,307783,26881782,354,41.0806274414063,28.0645751953125,869.4435028248588,87.34004802084586,0.05419321376909718,0.011436407259995996,0.03297363861163053,0.04782734122185718
sx7cwy,22435,1896555,354,41.0806274414063,28.0755615234375,63.37570621468927,84.53554713617116,0.0038924120796523256,0.011815366401437542,0.037974017109011736,0.014116893588460149
sx7cx4,373891,32371472,354,41.0586547851563,28.0865478515625,1056.1892655367233,86.5799711680677,0.0658466523706848,0.011536690500981536,0.03429687931764512,0.05638172045477289
sx7cx5,63280,5215340,354,41.0641479492188,28.0865478515625,178.75706214689265,82.4168773704172,0.011092519474851783,0.012118732941274704,0.04197694870964889,0.020357848245290914
sx7cx7,435007,35908397,354,41.0641479492188,28.0975341796875,1228.8333333333333,82.54671074258574,0.07662010722599168,0.012099695087861803,0.041725743599567516,0.06615179813806442
sx7cxe,26730,2061554,354,41.0641479492188,28.1085205078125,75.50847457627118,77.12510288065843,0.004649529505588956,0.012949157239005207,0.05293442498605904,0.019134998149729982
sx7cxj,418750,24064256,354,41.0751342773438,28.0865478515625,1182.9096045197741,57.46688,0.07375434285033353,0.017371099493319768,0.11128210036083709,0.0850126701034846
sx7cxk,394874,31604788,354,41.0696411132813,28.0975341796875,1115.4632768361582,80.03765251700543,0.06954551033306623,0.012478528738882106,0.04672446624665936,0.06269919710714417
sx7cxm,132148,10581493,354,41.0751342773438,28.0975341796875,373.2994350282486,80.07304688682386,0.023232487551546513,0.01247301978446258,0.04665177540954784,0.03025827390894691
sx7cxs,816220,56418284,354,41.0696411132813,28.1085205078125,2305.7062146892654,69.12141824508099,0.14381987562961931,0.014446395716127386,0.07269053657628005,0.12248107391361752
sx7cxt,59744,3749470,354,41.0751342773438,28.1085205078125,168.7683615819209,62.758938136047135,0.010469197654569613,0.015908636538461335,0.09198485294552781,0.03492389424185707
sx7cxu,480489,33394342,354,41.0696411132813,28.1195068359375,1357.3135593220338,69.50074195246926,0.08463761939513016,0.014367662929267418,0.07165165483046469,0.08074183002573052
sx7cxv,637172,50508319,354,41.0751342773438,28.1195068359375,1799.9209039548023,79.26952063179174,0.11225750988361191,0.012599294943951653,0.048317980346208385,0.09307565102239085
sx7cxw,47535,3777062,354,41.0806274414063,28.1085205078125,134.27966101694915,79.45854633428,0.0083170098424019,0.012569359874906644,0.047922986112790805,0.02019880272351857
sx7cxx,46906,3664104,354,41.0861206054688,28.1085205078125,132.50282485875707,78.11589135718245,0.008206130480140168,0.012785125664979993,0.05077002290163592,0.02097529820658889
sx7cz8,50723,3889523,354,41.0916137695313,28.1085205078125,143.28531073446328,76.68164343591664,0.008878986641909696,0.013023946287820972,0.05392126897698471,0.0223916713424322
sx7cz9,54358,4135487,354,41.0971069335938,28.1085205078125,153.5536723163842,76.0787188638287,0.009519760062929405,0.013127025695818332,0.05528140519988222,0.02324825360401525
sx7czd,51870,4003536,354,41.1026000976563,28.1085205078125,146.52542372881356,77.18403701561596,0.009081178420151678,0.012939282659340644,0.05280412957838651,0.022198063767622126
sx7cze,48817,3201148,354,41.1080932617188,28.1085205078125,137.90112994350284,65.57445152303501,0.008542999258013254,0.01522662126305318,0.08298563866331342,0.030875791079603303
sx7czs,45348,3406904,354,41.1135864257813,28.1085205078125,128.10169491525423,75.1279880038811,0.007931488117018102,0.013292924967611907,0.057470451618586306,0.022793177167488562
sx7czt,42710,3638114,354,41.1190795898438,28.1085205078125,120.64971751412429,85.18178412549754,0.007466464654941076,0.011725833485477236,0.03679262729988159,0.01626431344842323
sx7czw,43668,3596392,354,41.1245727539063,28.1085205078125,123.35593220338983,82.35760740130073,0.00763533974086594,0.012127443804344796,0.04209188883808496,0.017972304470031647
sx7czx,44219,3470612,354,41.1300659179688,28.1085205078125,124.91242937853107,78.48689477373979,0.007732469357092036,0.012724767951184593,0.04997360085712334,0.020404808807101424
sx7fkq,351172,33684981,354,41.2124633789063,27.9656982421875,992.0112994350283,95.92160251956307,0.06184177441961277,0.010414323170624693,0.019487204998849993,0.04913540359338394
sx7fkw,561327,52786978,355,41.2124633789063,27.9766845703125,1581.2028169014084,94.03962039951757,0.09860891212417539,0.010622519994834446,0.02223436903094417,0.07569654919620603
sx7fky,516294,48086503,355,41.2124633789063,27.9876708984375,1454.349295774648,93.13783038346368,0.0906929107200269,0.010725260292815184,0.023590030685873963,0.07056204670978102
sx7fme,261677,23961121,355,41.1959838867188,28.0206298828125,737.1183098591549,91.56754701406696,0.04593576530399692,0.010908986141480843,0.026014299380346363,0.03995932552690175
sx7fmg,475279,45137595,354,41.1959838867188,28.0316162109375,1342.59604519774,94.97073297999701,0.0837192068714678,0.01051848417125806,0.020861612872615818,0.0648619286718122
sx7fmj,589112,52685062,354,41.2069702148438,27.9986572265625,1664.1581920903955,89.43131696519508,0.1037855509801161,0.011169276113616712,0.0294488342349513,0.08148453595656666
sx7fmk,364582,32950145,354,41.2014770507813,28.0096435546875,1029.8926553672316,90.37787109621429,0.0642056730649702,0.011052426277101488,0.02790699674896111,0.05331607017016747
sx7fmm,507215,45039178,354,41.2069702148438,28.0096435546875,1432.8107344632767,88.79701507250377,0.08934884647908416,0.011248971623899939,0.030500419148412318,0.0716943182798826
sx7fmn,317376,29039983,355,41.2124633789063,27.9986572265625,894.0169014084507,91.50024891611211,0.05572666003030134,0.010917000901556548,0.02612005440657893,0.04684467834318461
sx7fms,422926,38412372,354,41.2014770507813,28.0206298828125,1194.7062146892656,90.82527912684489,0.07449048309962604,0.010998041574389392,0.02718938878469992,0.06030015480514821
sx7fp8,36768,2820271,354,41.1355590820313,28.1085205078125,103.86440677966101,76.70449847693646,0.006419016053098128,0.013020070696774213,0.05387013042399682,0.020654350364367732
sx7fp9,33974,2732532,354,41.1410522460938,28.1085205078125,95.97175141242938,80.430093600989,0.00592649309894983,0.012417718088778168,0.04592206769246482,0.017925165477004325
sx7fpd,32961,2751509,353,41.1465454101563,28.1085205078125,93.37393767705383,83.4777160887109,0.005764382524530694,0.011964911782688365,0.03994727339712965,0.016019249786310377
sx7fpe,32438,2561947,354,41.1520385742188,28.1085205078125,91.63276836158192,78.979807633023,0.005655728869324995,0.012645453117951304,0.04892703899001956,0.018637121905533363
sx7fpm,17104,1360600,354,41.1630249023438,28.0975341796875,48.31638418079096,79.54864359214218,0.0029526698217551945,0.012555141618239134,0.04773537574234291,0.01638748159793151
sx7fpp,22565,1765471,353,41.1740112304688,28.0865478515625,63.92351274787536,78.2393529802792,0.003926596682865425,0.012764976502317242,0.05050415402897648,0.017899863886698744
sx7fpq,25565,2117885,354,41.1685180664063,28.0975341796875,72.21751412429379,82.84314492470175,0.004444164709031057,0.012056451451266163,0.04115514237390804,0.015457458008494152
sx7fpr,12335,1011583,354,41.1740112304688,28.0975341796875,34.844632768361585,82.00916092419943,0.0021119962468327757,0.012178909012639506,0.0427709739762378,0.014309689565654283
sx7fps,37714,2678737,354,41.1575317382813,28.1085205078125,106.53672316384181,71.02765551254176,0.006585775793479049,0.0140592290409976,0.06758185939842609,0.02488460087496316
sx7fpt,32238,2440868,354,41.1630249023438,28.1085205078125,91.0677966101695,75.71400210931199,0.005620473110259262,0.013190175589967611,0.056114670157193354,0.02076873222433949
sx7fpy,555654,50575296,355,41.1685180664063,28.1195068359375,1565.2225352112675,91.01940416158257,0.0976116995030812,0.010974610832909907,0.026880219370218894,0.07639225546322251
sx7fpz,527269,48849370,355,41.1740112304688,28.1195068359375,1485.2647887323944,92.6460118080145,0.09262212075290345,0.010782134784081212,0.024340491493058395,0.07213763197494993
sx7fq5,340354,30667862,354,41.1959838867188,28.0426025390625,961.45197740113,90.1057781016236,0.059934790411747235,0.011085764360609193,0.028346893871594687,0.05045842144970147
sx7fqf,20485,1474326,354,41.1904907226563,28.0755615234375,57.867231638418076,71.97100317305345,0.003548668428761422,0.013875205782814592,0.06515366637546327,0.022030167812771975
sx7fqg,540994,46754432,354,41.1959838867188,28.0755615234375,1528.231638418079,86.42319877854467,0.09530336790649124,0.011557593964590824,0.034572701216425715,0.07708416789947158
sx7fqk,235404,20287394,354,41.2014770507813,28.0535888671875,664.9830508474577,86.18117788992541,0.04143433084200349,0.011590013308299592,0.035000475536801995,0.039504174250443044
sx7fqs,405131,36998049,354,41.2014770507813,28.0645751953125,1144.4378531073446,91.32366814684633,0.07135360193675239,0.010938086605689264,0.02639828097513801,0.05786700564826807
sx7fqu,881763,58783469,355,41.2014770507813,28.0755615234375,2483.8394366197185,66.66583764571659,0.15493586848816907,0.01497771967314119,0.07970137389158767,0.13236552010919464
sx7fqv,421753,33043283,355,41.2069702148438,28.0755615234375,1188.0366197183098,78.34747589228766,0.07407428240857522,0.012747382737630085,0.05027200371774507,0.06693359880132617
sx7fqx,328749,26328940,355,41.2179565429688,28.0645751953125,926.0535211267605,80.08827403277272,0.057725831392843936,0.012470651252467449,0.046620522550957964,0.05439423874027814
sx7fqy,377302,33015854,355,41.2124633789063,28.0755615234375,1062.8225352112677,87.50511261535851,0.06626058626539567,0.011414858906587203,0.03268930737045919,0.05618920259691473
sx7fqz,105983,9103750,354,41.2179565429688,28.0755615234375,299.38700564971754,85.8982100902975,0.01862015287177191,0.01162814899228725,0.03550367715761373,0.023685210157524457
sx7fr0,38778,2773835,354,41.1795043945313,28.0865478515625,109.54237288135593,71.5311516839445,0.006773336431708752,0.013960406561830296,0.0662778934932724,0.024624703550177846
sx7fr1,38031,2866413,354,41.1849975585938,28.0865478515625,107.4322033898305,75.37043464542084,0.006641656171598237,0.013250221821276803,0.05690698217992252,0.021721253974095522
sx7fr3,32267,2934036,355,41.1849975585938,28.0975341796875,90.89295774647887,90.92992840983048,0.005609562694228383,0.010985398071476549,0.027022557342512087,0.012033461088713494
sx7fr4,563578,48103629,354,41.1904907226563,28.0865478515625,1592.0282485875707,85.35398649344013,0.0992844482201939,0.011702204204092514,0.03648083814473607,0.08044336519755654
sx7fr5,190639,16468990,354,41.1959838867188,28.0865478515625,538.5282485875706,86.38835705180996,0.033543210569115654,0.011562249926900107,0.03463413679422282,0.033870488436647805
sx7fr6,626893,56860856,354,41.1904907226563,28.0975341796875,1770.8841807909605,90.70264941545048,0.11044554014642853,0.011012894518360227,0.027385373875261527,0.08552749026507843
sx7fr8,323180,29030210,355,41.1795043945313,28.1085205078125,910.3661971830986,89.82675289312458,0.05674690012422531,0.011120161329392956,0.0288007630207255,0.04836305899317536
sx7fr9,747226,68918513,355,41.1849975585938,28.1085205078125,2104.861971830986,92.23248789522849,0.13128665389198568,0.01083042407711054,0.02497767032347022,0.09939395882143104
sx7frb,263483,23870377,355,41.1795043945313,28.1195068359375,742.2056338028169,90.59551090582694,0.04625322802102426,0.01102590403882661,0.0275570349312632,0.04064437009409594
sx7frd,26235,2367521,354,41.1904907226563,28.1085205078125,74.11016949152543,90.24284352963598,0.004562271501901265,0.011068945374427595,0.028124966788557984,0.011631080087898281
sx7ftv,4,201,4,41.2509155273438,28.0316162109375,1.0,50.25,0.0,0.019860973187686197,0.14413606671495247,0.04324082001448574
sx7fty,227243,16692223,354,41.2564086914063,28.0316162109375,641.9293785310734,73.45538916490277,0.03999571959332623,0.013595196916953487,0.06145894006116498,0.04643468573367785
sx7ftz,220839,15913501,354,41.2619018554688,28.0316162109375,623.8389830508474,72.05928753526325,0.038866830188041435,0.013858229954270457,0.06492966975222726,0.04668568205729718
sx7fv7,381513,15121522,354,41.2838745117188,28.0096435546875,1077.7203389830509,39.63566641241583,0.0671902493486799,0.025166307508750863,0.2141401298431204,0.11127521349701205
sx7fv9,13,679,11,41.2728881835938,28.0206298828125,1.1818181818181819,52.23076923076923,1.1345944281154292e-05,0.01910921652212259,0.1342166124660118,0.040272925900800345
sx7fvb,333312,21682808,354,41.2673950195313,28.0316162109375,941.5593220338983,65.05258736559139,0.05869343513504275,0.015348584613972269,0.08459494914223334,0.06646388933719993
sx7fvc,372321,22463186,354,41.2728881835938,28.0316162109375,1051.7542372881355,60.33284719368502,0.06556989466201876,0.016547292514533317,0.10041193982836778,0.07602250821192347
sx7fvd,331719,18488718,354,41.2783813476563,28.0206298828125,937.0593220338983,55.73608385410543,0.05841262301408418,0.017909565481220142,0.11838717701164927,0.0764049892133537
sx7fve,242089,13941562,354,41.2838745117188,28.0206298828125,683.867231638418,57.58858105903201,0.042612754588775635,0.01733445305192569,0.11079854934566581,0.06306849301584269
sx7fvf,44029,2473446,354,41.2783813476563,28.0316162109375,124.37570621468926,56.177655636058056,0.007698976385979589,0.0177690415263013,0.11653295874455535,0.040349171093552315
sx7fvk,202440,14298317,354,41.2893676757813,28.0096435546875,571.8644067796611,70.62990021734835,0.035623476632789274,0.014138292248781147,0.06862510105933695,0.045523963960753575
sx7fvm,216870,17349026,354,41.2948608398438,28.0096435546875,612.6271186440678,79.99735325310094,0.03816717964938195,0.012484807042750635,0.04680730867538347,0.04075921835718241
sx7fvp,340199,24948400,355,41.3058471679688,27.9986572265625,958.3070422535211,73.33472467585149,0.05973853798750786,0.013617535905719045,0.061753703762211,0.0603430877199188
sx7fvq,153524,11248898,354,41.3003540039063,28.0096435546875,433.683615819209,73.27126703316745,0.027000623080492128,0.013629313496084925,0.06190910945949142,0.03747316899419191
sx7fvr,367315,14094189,354,41.3058471679688,28.0096435546875,1037.6129943502824,38.37085063229109,0.06468744301260346,0.025993706496331925,0.22505768705131218,0.11279851622421608
sx7fw3,240894,19979148,354,41.2289428710938,28.0535888671875,680.4915254237288,82.93750778350643,0.04240210142835788,0.012042750639953912,0.04097435971216291,0.04197377891349939
sx7fw4,21864,1926699,354,41.2344360351563,28.0426025390625,61.76271186440678,88.12198133918771,0.003791756887519656,0.011335043543799958,0.031636140999214434,0.012145072121028088
sx7fw5,241295,21318937,354,41.2399291992188,28.0426025390625,681.6242937853108,88.35217057958101,0.04247278922528468,0.01130554505839168,0.031246907501429517,0.03910502470812813
sx7fw6,244002,20790661,354,41.2344360351563,28.0535888671875,689.271186440678,85.20692863173252,0.04294997592423938,0.011722377256330144,0.03674702224113199,0.04108908981930716
sx7fw8,318304,23326616,355,41.2234497070313,28.0645751953125,896.6309859154929,73.28408062732483,0.05588978594469855,0.013626933681685268,0.06187770772919792,0.05768616248004836
sx7fw9,231745,17686224,354,41.2289428710938,28.0645751953125,654.6468926553672,76.31760771537681,0.040789326729895894,0.013085989340631758,0.054739929125956995,0.04497450744871422
sx7fwh,239371,20862334,354,41.2454223632813,28.0426025390625,676.1892655367232,87.15480989760664,0.04213362882307232,0.011460686249543129,0.03329400068762587,0.03948174038243838
sx7fwj,310411,24366617,354,41.2509155273438,28.0426025390625,876.867231638418,78.49791727741606,0.054656474443220915,0.01272298344077541,0.049950054182818324,0.05324454836510013
sx7fwn,102789,7738659,354,41.2564086914063,28.0426025390625,290.364406779661,75.28684003152088,0.01805711839949214,0.013264914666563531,0.057100854763013215,0.02977023930854846
sx7ghb,559137,25048001,355,41.3113403320313,27.9876708984375,1575.0338028169015,44.79760953040132,0.09822394902877679,0.022272900728108353,0.17596153097078393,0.12154522361137893
sx7ghc,565621,36194137,355,41.3168334960938,27.9876708984375,1593.2985915492957,63.990087001720234,0.09936372104273318,0.015603037018395046,0.0879524570963695,0.09594034185882407
sx7ghd,432457,19863777,354,41.3223266601563,27.9766845703125,1221.629943502825,45.932374779457845,0.07617059629790358,0.021723841205043684,0.16871667227052628,0.1039344190896904
sx7ghe,240768,4522484,354,41.3278198242188,27.9766845703125,680.1355932203389,18.783575890483785,0.04237989030014647,0.05295607176307859,0.5808269950709584,0.20391402173139003
sx7ghf,222530,13318665,354,41.3223266601563,27.9876708984375,628.6158192090395,59.851098728261356,0.039164917630942216,0.016680261433283678,0.1021664691415019,0.05806538308411012
sx7ghk,186202,9901772,355,41.3333129882813,27.9656982421875,524.512676056338,53.177581336398106,0.032668601091572526,0.01876962082204774,0.1297356358889648,0.061788711530790213
sx7ghm,190923,13685538,355,41.3388061523438,27.9656982421875,537.8112676056338,71.68092896088999,0.033498469024621294,0.013931276934920312,0.065893527095662,0.043216986445933504
sx7ghq,91302,6966631,355,41.3442993164063,27.9656982421875,257.1887323943662,76.30315874789162,0.015986866957633142,0.013088464094785814,0.05477258358947296,0.027622581947185088
sx7ghs,9168,141101,354,41.3333129882813,27.9766845703125,25.89830508474576,15.390597731239092,0.0015537213020268825,0.0645552881399374,0.7338790416232204,0.22125131739838494
sx7gj0,187113,14338476,355,41.3113403320313,27.9986572265625,527.0788732394366,76.63003639511953,0.03282873870796893,0.013032705925623746,0.05403685268964361,0.03919117290247133
sxhzvq,117397,7090258,354,40.7730102539063,29.4158935546875,331.62994350282486,60.39556377079482,0.020632199041653327,0.016530137710407875,0.10018558161637336,0.044498213814069335
sxhzvr,373111,22143088,354,40.7785034179688,29.4158935546875,1053.9858757062148,59.347186226082854,0.06570915491032843,0.016821654034169294,0.10403214922106872,0.07720605320355052
sxhzvt,317081,10009926,354,40.7675170898438,29.4268798828125,895.7090395480226,31.568987104241504,0.05583225400806313,0.03157663352820234,0.2987245952473222,0.12869995637984086
sxhzvw,371936,17824976,354,40.7730102539063,29.4268798828125,1050.6666666666667,47.924847285554506,0.06550202732581724,0.02082255450088213,0.15682416418028358,0.09289866838215713
sxk18j,304365,23817695,354,41.0751342773438,28.1304931640625,859.7881355932203,78.25372496837679,0.05359069284666379,0.012762635093655031,0.050473259063668174,0.052655462711765105
sxk18m,299074,23928818,354,41.0751342773438,28.1414794921875,844.8418079096045,80.00968990952072,0.05265800174057981,0.01248288441921873,0.04678193959382253,0.050895183096552624
sxk18n,342393,31624338,354,41.0806274414063,28.1304931640625,967.2118644067797,92.36268848954272,0.06029422287542239,0.010815173302181208,0.024776435840156416,0.04963888676484259
sxk18p,162236,15110927,354,41.0861206054688,28.1304931640625,458.29378531073445,93.14163934022042,0.028536363945395486,0.010724822161815459,0.02358424953273506,0.027050729621597356
sxk18r,269589,24682341,354,41.0861206054688,28.1414794921875,761.5508474576271,91.55544551150084,0.04746042146031402,0.010910426482783514,0.026033304731824008,0.04103228644176701
sxk18t,388490,32254311,354,41.0751342773438,28.1524658203125,1097.4293785310736,83.02481659759582,0.06842014650368802,0.012030101730521263,0.04080745693076609,0.06013633963181144
sxk18v,463714,30310204,355,41.0751342773438,28.1634521484375,1306.2366197183098,65.36400453727944,0.08145028078575363,0.015275570247624179,0.08363152214559702,0.08210465319370663
sxk19j,420675,33250935,355,41.0751342773438,28.1744384765625,1185.0,79.04186129434837,0.07388478915887672,0.012635538053379237,0.04879620938264364,0.0663582152260068
sxk19m,189399,15525775,354,41.0751342773438,28.1854248046875,535.0254237288135,81.97390165734771,0.0333246248629081,0.012184141119243045,0.04284001179719344,0.036179240943193705
sxk19q,417963,33869068,355,41.0806274414063,28.1854248046875,1177.3605633802817,81.0336513040628,0.0734080677366297,0.012325341999613972,0.04470316211818124,0.06479659605109515
sxk19w,458051,34059421,355,41.0806274414063,28.1964111328125,1290.2845070422536,74.35726807713552,0.08045482598701287,0.013430522309306726,0.05928605312668113,0.07410419412891334
sxk19y,564632,38868731,355,41.0806274414063,28.2073974609375,1590.512676056338,68.83905092166225,0.09918987241198012,0.014505566679998735,0.07347129941600497,0.09147430051318756
sxk1b2,332986,30208236,354,41.0916137695313,28.1414794921875,940.638418079096,90.71923744541813,0.0586359682477656,0.011010883025757562,0.02735883216335099,0.04925282742244122
sxk1b8,28618,2574340,354,41.0916137695313,28.1524658203125,80.84180790960453,89.95527290516458,0.004982343871169482,0.011104291483887682,0.02859135988053612,0.012065048673979471
sxk1b9,356792,32338104,354,41.0971069335938,28.1524658203125,1007.8870056497175,90.6357317428642,0.06283246124935989,0.011021016536615344,0.027492544176745046,0.05223048612757543
sxk1bd,364502,33058031,355,41.1026000976563,28.1524658203125,1026.7661971830985,90.69368892351757,0.06401057365302028,0.011013981388534351,0.027399715163421153,0.05302731610614054
sxk1bf,13446,1158126,353,41.1026000976563,28.1634521484375,38.09065155807365,86.13163766175815,0.002314556562612867,0.01159667179141929,0.035088334443411986,0.012146689926852602
sxk1bg,415916,32539188,355,41.1080932617188,28.1634521484375,1171.594366197183,78.23499937487377,0.07304824150088497,0.012765685938343848,0.05051351506098434,0.06628782356891477
sxk1bu,267450,14732893,354,41.1135864257813,28.1634521484375,755.5084745762712,55.086532062067675,0.047083361117105996,0.018120363114596715,0.1211686588073527,0.06930895042418
sxk1bx,495474,44211317,354,41.1300659179688,28.1524658203125,1399.6440677966102,89.230347101967,0.08727915714313027,0.011194404056871516,0.029780398283404577,0.07002952948521256
sxk1by,377323,35406694,354,41.1245727539063,28.1634521484375,1065.8841807909605,93.83656442888454,0.06645164119625277,0.010645481938580566,0.022537352643714162,0.053277354630491186
sxk1bz,538142,49797574,354,41.1300659179688,28.1634521484375,1520.1751412429378,92.53612243608565,0.09480062078221388,0.010794925064895183,0.024509259674541928,0.07371321244991229
sxk1ch,272083,23394030,355,41.1135864257813,28.1744384765625,766.430985915493,85.98122631696945,0.04776495524496398,0.011616934874019876,0.03535570649344672,0.0440421806195088
sxk1cj,434945,40630496,355,41.1190795898438,28.1744384765625,1225.1971830985915,93.41525020404879,0.0763932016572046,0.010693443024726084,0.02317020077335901,0.06042630139205092
sxk1cm,545822,49992454,355,41.1190795898438,28.1854248046875,1537.5267605633803,91.59113044179237,0.09588340856520036,0.010906180294448686,0.025977276135272575,0.07491156883622202
sxk1cn,183214,17373421,354,41.1245727539063,28.1744384765625,517.5536723163842,94.82583754516577,0.032234340513800294,0.010534539656015144,0.021073465528917923,0.028886078018335582
sxk1cq,80485,7727397,354,41.1245727539063,28.1854248046875,227.35875706214688,96.01039945331428,0.01412539614848152,0.010404701319400416,0.019360244351367382,0.01569585060934728
sxk1ct,308879,28963081,355,41.1190795898438,28.1964111328125,870.0816901408451,93.76837208097669,0.054233038376601844,0.010653215538214916,0.02263939774855543,0.044754946188187913
sxk1cv,536937,48537370,354,41.1190795898438,28.2073974609375,1516.7711864406779,90.39676908091639,0.09458820483384284,0.011050118254562927,0.027876542314666717,0.07457470607809
sxk1cw,275059,26052655,354,41.1245727539063,28.1964111328125,777.0028248587571,94.7166062553852,0.04842466647076184,0.010546675730056559,0.021233601430240882,0.040267346958605545
sxk1cy,437431,29503866,354,41.1245727539063,28.2073974609375,1235.680790960452,67.44804552032207,0.07704740702586838,0.014804277345066136,0.07741279659393191,0.07715702389628744
sxk1cz,47365,2782104,353,41.1300659179688,28.2073974609375,134.17847025495752,58.737548822970545,0.008310695266291615,0.016995949355551564,0.10633198179383299,0.03771708122455403
sxk1dn,661485,46447986,355,41.0806274414063,28.2183837890625,1863.338028169014,70.21774643415951,0.11621490925154208,0.014221161096741465,0.06971855826917561,0.10226600395683214
sxk1dq,674900,49813151,355,41.0806274414063,28.2293701171875,1901.1267605633802,73.80819528819084,0.1185730279386527,0.01353029925978698,0.06060261331261,0.10118190355083989
sxk1dt,411824,20096952,355,41.0751342773438,28.2403564453125,1160.0676056338027,48.799856249271535,0.07232894059386621,0.020449957867000827,0.15190773918214412,0.09620258017034958
sxk1dv,643749,36565281,355,41.0751342773438,28.2513427734375,1813.3774647887324,56.80052473867921,0.11309723552551945,0.01757453036843843,0.1139663775358837,0.11335797812862872
sxk1dw,973121,46037293,355,41.0806274414063,28.2403564453125,2741.1859154929575,47.30890916956884,0.17099498194452767,0.021093081817665758,0.16039378113860084,0.1678146217027496
sxk1dx,224241,10783734,354,41.0861206054688,28.2403564453125,633.4491525423729,48.08993003063668,0.039466530649749566,0.020751223323301184,0.15588294691550977,0.07439145552947762
sxk1dz,203851,8120989,354,41.0861206054688,28.2513427734375,575.8502824858757,39.837866873353576,0.03587220601299802,0.025038893618707436,0.21245889931885523,0.08884821400475518
sxk1ej,568598,36622700,355,41.0751342773438,28.2623291015625,1601.6845070422535,64.40877386132206,0.0998870247573458,0.015501767281296545,0.08661619954127657,0.09590577719252502
sxk1ek,629258,38559713,355,41.0696411132813,28.2733154296875,1772.5577464788732,61.27806559471632,0.11054997515318103,0.016292465236735713,0.09704948540756085,0.10649982822949497
sxk1em,342219,20704503,355,41.0751342773438,28.2733154296875,963.9971830985916,60.500740753727875,0.06009361810289835,0.016501448456939606,0.09980702596099864,0.07200764046032843
sxk1es,685392,45155831,355,41.0696411132813,28.2843017578125,1930.6816901408451,65.88321865443424,0.12041733515185915,0.015155368598145787,0.08204545737588301,0.1089057718190663
sxk1eu,739388,46089989,355,41.0696411132813,28.2952880859375,2082.7830985915493,62.33532191488096,0.12990887273137644,0.016016574742151814,0.09340910113948009,0.11895894125380753
sxk1fb,301207,14849117,354,41.0916137695313,28.2513427734375,850.867231638418,49.29871151732861,0.05303400441101585,0.020243442982297407,0.14918276839787442,0.08187863360707343
sxk1fc,189329,13263284,354,41.0971069335938,28.2513427734375,534.8276836158192,70.0541596902746,0.0333122853472351,0.014254322258507916,0.0701561209035387,0.04436543601412618
sxk1ff,77614,5027283,354,41.1026000976563,28.2513427734375,219.24858757062148,64.77288891179427,0.013619299727092917,0.015414759798344578,0.08546813290483317,0.03517394968041499
sxk1fj,294302,25560606,354,41.1190795898438,28.2183837890625,831.361581920904,86.8516218034536,0.0518167993292714,0.01150064805301057,0.033821298015815515,0.04641814893523463
sxk1fn,6062,373383,352,41.1245727539063,28.2183837890625,17.22159090909091,61.5940283734741,0.0010122709663342342,0.016209024217811636,0.09594847838279194,0.029493133191271545
sxk1fp,513604,42161608,354,41.1300659179688,28.2183837890625,1450.8587570621469,82.08971892742268,0.09047509170243902,0.012166971891983793,0.04261346327146785,0.07611660317314767
sxk1fq,593410,52421925,354,41.1245727539063,28.2293701171875,1676.2994350282486,88.34014425102374,0.10454319724243873,0.011307082416799931,0.03126719299684768,0.08256039596876141
sxk1fr,414698,37649412,354,41.1300659179688,28.2293701171875,1171.4632768361582,90.7875417773898,0.07304006117166176,0.011002608063152295,0.02724964375607148,0.05930293594698467
sxk1ft,157344,14610215,355,41.1190795898438,28.2403564453125,443.2225352112676,92.85524074639008,0.02759587734407808,0.010757865742377038,0.024020260679182344,0.026523192344609356
sxk1fu,101702,8441901,354,41.1135864257813,28.2513427734375,287.29378531073445,83.0062437316867,0.01786550334896988,0.012032790258558163,0.04084293214778865,0.024758731988615508
sxk1fv,787107,70846000,355,41.1190795898438,28.2513427734375,2217.2028169014084,90.00809292764517,0.1382970252196531,0.011097782313548443,0.02850547116103905,0.10535955900206886
sxk1fw,659949,60577227,355,41.1245727539063,28.2403564453125,1859.0112676056337,91.79077019587878,0.11594490773805705,0.01088248578032758,0.025664626231997053,0.08886082328623904
sxk1g4,171563,10127071,354,41.1026000976563,28.2623291015625,484.6412429378531,59.02829281371858,0.03018051626942598,0.016912377347853787,0.10522924636783088,0.05269513529894745
sxk1g5,182624,11784875,354,41.1080932617188,28.2623291015625,515.8870056497175,64.53081194147538,0.03213033602455637,0.015472496321189994,0.08622996824742855,0.04836022569141803
sxk1g7,576636,53149873,355,41.1080932617188,28.2733154296875,1624.3267605633803,92.17231147552356,0.10129996236502341,0.010837487259276725,0.025070869247482256,0.07843123442976105
sxk1ge,514801,46682279,355,41.1080932617188,28.2843017578125,1450.143661971831,90.6802414913724,0.09043046784266155,0.011015612908399659,0.027421243122402426,0.07152770042658381
sxk1gg,529771,46007188,355,41.1080932617188,28.2952880859375,1492.312676056338,86.84353805700954,0.09306192790572869,0.011501717348381802,0.03383540740386542,0.0752939717551697
sxk1gh,535570,45304534,354,41.1135864257813,28.2623291015625,1512.9096045197741,84.59124670911365,0.09434723172062856,0.01180759569444843,0.03787148237138806,0.0774045069158564
sxk1gx,74506,5779147,354,41.1300659179688,28.2843017578125,210.4689265536723,77.56619601105952,0.013071425231211414,0.012875614506182355,0.05196402617618427,0.02473920551470327
sxk1qx,659261,35960692,354,41.0421752929688,28.4161376953125,1862.319209039548,54.54697305012734,0.11615133219362686,0.018299275223948926,0.12352941005120126,0.11836475555089918
sxk1qy,337447,19098311,354,41.0366821289063,28.4271240234375,953.2401129943503,56.59647589102882,0.05942234795372679,0.017637780554862172,0.11480096585309789,0.07603593332353811
sxk1qz,589929,40672256,354,41.0421752929688,28.4271240234375,1666.4661016949153,68.94432380845831,0.10392957075589963,0.014483449831070612,0.07317946685751509,0.09470453958638426
sxk1rg,514109,35631242,354,41.0202026367188,28.4710693359375,1452.2853107344633,69.30678513700403,0.09056411249408,0.014407813271081087,0.07218143992841448,0.08504931072438035
sxk1rm,459985,29686156,354,41.0311889648438,28.4490966796875,1299.3926553672316,64.53722621389828,0.08102319897571116,0.015470960908668762,0.08620970842805445,0.08257915181141415
sxk1rn,722368,36838489,354,41.0366821289063,28.4381103515625,2040.587570621469,50.99684509834323,0.12727575813043315,0.019570679913316687,0.1403056372877326,0.13118472187762298
sxk1rq,413894,29257159,354,41.0366821289063,28.4490966796875,1169.1920903954801,70.68756493208406,0.07289833302021749,0.014126774963363033,0.06847313009451508,0.07157077214250676
sxk1rs,564269,36718682,354,41.0256958007813,28.4600830078125,1593.9802259887006,65.07300950433215,0.099406256867766,0.015343775093484498,0.08453148735915487,0.09494382601518266
sxk1rt,751177,46936105,354,41.0311889648438,28.4600830078125,2121.968926553672,62.483416025783534,0.13235417394505675,0.015978673960335008,0.09290899906063915,0.12052062147973146
sxk1ru,647607,46511721,354,41.0256958007813,28.4710693359375,1829.3983050847457,71.82090527125247,0.11409697911286656,0.013904163139054793,0.06553575965584621,0.09952861327576046
sxk1rw,143865,10123982,354,41.0366821289063,28.4600830078125,406.39830508474574,70.37140374656796,0.02529794619641252,0.014190152981714959,0.06930940515828071,0.03850138388497298
sxk1rx,4692,341744,353,41.0421752929688,28.4600830078125,13.291784702549576,72.83546462063086,0.0007670404739308968,0.013710751075645242,0.06298368103510545,0.019432032642283263
sxk1ry,285,13995,191,41.0366821289063,28.4710693359375,1.4921465968586387,49.10526315789474,3.0711273263647995e-05,0.020323029200984062,0.1502329112050773,0.045091371252807745
sxk1rz,138960,9434251,354,41.0421752929688,28.4710693359375,392.54237288135596,67.89184657455382,0.024433298705325405,0.014707645848439914,0.07613774077640637,0.03994463132664969
sxk1s5,444307,35762446,355,41.0641479492188,28.3062744140625,1251.569014084507,80.49039515470159,0.07803887494447478,0.01240842656349304,0.045799465706754985,0.06836705217315885
sxk1s7,591525,42223451,355,41.0641479492188,28.3172607421875,1666.2676056338028,71.38067030133976,0.10391718406702787,0.01398979606352764,0.06666568894736047,0.09274173553112765
sxk1se,590414,43484337,355,41.0641479492188,28.3282470703125,1663.138028169014,73.6505858600914,0.1037218900035631,0.013559214321321471,0.06098414851294196,0.09090056755637677
sxk1sf,194176,15169724,354,41.0586547851563,28.3392333984375,548.5197740112994,78.1235786090969,0.03416670866819315,0.01278386923458532,0.0507534442607168,0.03914272934595024
sxk1sg,533221,41839602,355,41.0641479492188,28.3392333984375,1502.030985915493,78.46578060503994,0.09366837661765799,0.012728187670241907,0.0500187241640219,0.08057348088156716
sxk1sh,478600,38401211,355,41.0696411132813,28.3062744140625,1348.1690140845071,80.23654617634769,0.08406697514105206,0.012447634950659796,0.04631682168175496,0.07274192910326292
sxk1t4,591873,41589105,355,41.0586547851563,28.3502197265625,1667.2478873239436,70.26694071194328,0.10397835628492683,0.01421121893153828,0.06958737106806916,0.09366106071986953
sxk1t6,422168,31039149,355,41.0586547851563,28.3612060546875,1189.205633802817,73.52321587614409,0.07414723203624207,0.013582672097376108,0.06129367464954284,0.0702911648202323
sxk1t9,613994,27139992,355,41.0531616210938,28.3721923828125,1729.5605633802818,44.20237331309426,0.10786683511292339,0.022572154158261182,0.17991018995209682,0.1294798415646754
sxk1tc,609226,38870944,355,41.0531616210938,28.3831787109375,1716.1295774647888,63.8038166460394,0.10702870541481356,0.015648517607938173,0.08855257499070125,0.10148586628757986
sxk1td,580837,32467917,354,41.0586547851563,28.3721923828125,1640.7824858757062,55.898499923386424,0.10232684394877138,0.017857621210713433,0.11770177063164784,0.10693932195363431
sxk1te,133066,6882744,354,41.0641479492188,28.3721923828125,375.8926553672316,51.724287195827635,0.02339431148565823,0.019295972103220937,0.1366808585808773,0.057380275614223944
sxk1tg,203692,15349933,354,41.0641479492188,28.3831787109375,575.4011299435028,75.35854623647468,0.03584417768454076,0.01325230937879673,0.056934527570950653,0.04217128265046373
sxk1tr,339660,30379634,355,41.0861206054688,28.3612060546875,956.7887323943662,89.44130601189424,0.05964379136265861,0.011168030091801038,0.029432392935578856,0.050580371834534676
sxk1tt,555073,48776349,354,41.0751342773438,28.3721923828125,1568.002824858757,87.8737553438917,0.09778519706592358,0.01136702640567035,0.03205815592719076,0.07806708472430374
sxk1tu,648967,55656630,354,41.0696411132813,28.3831787109375,1833.2401129943503,85.76188003396166,0.11433671827451355,0.011646611972675905,0.0357472967989867,0.09075989183185548
sxk1tv,106902,9518311,354,41.0751342773438,28.3831787109375,301.9830508474576,89.03772614169988,0.01878215308467895,0.011218594452480498,0.030099591359434266,0.022177384567105544
sxk1tw,533056,46901268,354,41.0806274414063,28.3721923828125,1505.8079096045199,87.98563002761436,0.09390406682917228,0.011352589516434242,0.03186766069271588,0.07529314498823535
sxk1tx,353096,31697610,355,41.0861206054688,28.3721923828125,994.6366197183098,89.77051566712736,0.0620056014767114,0.01112711986324763,0.0288925811067805,0.052071695365732126
sxk1u4,444938,38863227,354,41.1026000976563,28.3062744140625,1256.8870056497176,87.34526383451177,0.07837073194240068,0.011435725117056974,0.03296463771282268,0.06474890367352727
sxk1u5,198243,16953837,355,41.1080932617188,28.3062744140625,558.430985915493,85.52048243821976,0.034785194987323464,0.01167944832267862,0.03618057353130532,0.03520380855051802
sxk1u6,552549,49459602,354,41.1026000976563,28.3172607421875,1560.8728813559321,89.51170303448201,0.09734026938651401,0.011159256728054888,0.02931662810863981,0.07693317700315173
sxk1uc,448757,39888419,354,41.0971069335938,28.3392333984375,1267.6751412429378,88.88645525306569,0.07904394066176086,0.011237665295871517,0.030351231773376064,0.06443612799524542
sxk1ud,498689,44337729,355,41.1026000976563,28.3282470703125,1404.7577464788733,88.90857628702457,0.08759826446683402,0.011234872432689133,0.030314379850632626,0.0704130990819736
sxk1uf,42639,3608298,354,41.1026000976563,28.3392333984375,120.44915254237289,84.62435798212904,0.007453948860472741,0.011802981147534109,0.03781059327110734,0.01656094218366312
sxk1v1,683112,59036698,355,41.0971069335938,28.3502197265625,1924.2591549295776,86.42316047734485,0.12001655165527979,0.011557599080789925,0.034572768724843314,0.09438341677614884
sxk1v2,663831,61025281,354,41.0916137695313,28.3612060546875,1875.2288135593221,91.92894125161374,0.11695692628827889,0.01086614695768289,0.02544903492282782,0.08950455887864356
sxk1v3,233942,21398061,354,41.0971069335938,28.3612060546875,660.8531073446328,91.46737652922519,0.04117661124323298,0.010920920068959648,0.026171767951040613,0.03667515825557527
sxk1w0,558225,43506308,354,41.0476684570313,28.3941650390625,1576.906779661017,77.93686775045904,0.09834082782879953,0.012814455895356175,0.051157036268666474,0.08418569036075961
sxk1w1,174780,13008710,354,41.0531616210938,28.3941650390625,493.728813559322,74.42905366746767,0.0307476051539983,0.013417586173330219,0.05911536038146837,0.03925793172223932
sxk1w2,575324,43246715,354,41.0476684570313,28.4051513671875,1625.2090395480227,75.16932198204837,0.10135501895012444,0.013285625187888615,0.057374130781925346,0.08816075249966471
sxk1w5,366617,33197253,354,41.0641479492188,28.3941650390625,1035.6412429378531,90.55022816726994,0.06456440041346405,0.011031411836656126,0.02762971050713101,0.05348399344156413
sxk1w6,197569,17248232,355,41.0586547851563,28.4051513671875,556.5323943661972,87.3023196959037,0.03466671776070308,0.011441343930907902,0.033038778148791824,0.0341783358771297
sxk1w7,867807,79960480,355,41.0641479492188,28.4051513671875,2444.5267605633803,92.14085620420208,0.15248265161173852,0.010841182976296403,0.025119634356689822,0.11427374643522391
sxk1w8,5,318,5,41.0476684570313,28.4161376953125,1.0,63.6,0.0,0.015698587127158554,0.08921324396501713,0.02676397318950514
sxk1wc,498641,45577862,354,41.0531616210938,28.4271240234375,1408.5903954802259,91.40416050826146,0.08783743208793615,0.010928464830948479,0.02627132133685762,0.0693675988626126
sxk1wd,992752,86063623,355,41.0586547851563,28.4161376953125,2796.4845070422534,86.69196637226618,0.1744457630065231,0.011521803708315839,0.03410044759242704,0.13234216838229426
sxk1wf,435327,39009018,355,41.0586547851563,28.4271240234375,1226.2732394366196,89.6085425438808,0.07646035047110518,0.011147210417679581,0.029157676641881864,0.06226954832233818
sxk1wh,470194,42101865,354,41.0696411132813,28.3941650390625,1328.231638418079,89.5414764969353,0.08282282919722152,0.011155550299689546,0.029267721662869322,0.06675629693691586
sxk1x1,775017,70748246,354,41.0531616210938,28.4381103515625,2189.313559322034,91.28605695100882,0.1365566604256922,0.010942588326533121,0.026457681331659846,0.10352696669748249
sxk1x3,1033990,91056273,354,41.0531616210938,28.4490966796875,2920.875706214689,88.06301124769098,0.1822081088883434,0.011342625278423557,0.031736182240179045,0.1370665308938941
sxk1x9,326736,29125790,354,41.0531616210938,28.4600830078125,922.9830508474577,89.14166176974683,0.05753422577696143,0.011205528675386038,0.029927187995350782,0.04925211444247823
sxk1xb,116633,6792854,354,41.0476684570313,28.4710693359375,329.4717514124294,58.24126962351993,0.020497522042022227,0.017140525162600437,0.1082396643847812,0.046820164744849915
sxk1xc,102343,8444721,354,41.0531616210938,28.4710693359375,289.1045197740113,82.51390910956295,0.017978498056775555,0.012104499239635247,0.04178913454228156,0.025121689002427353
sxk1xd,763616,68783243,354,41.0586547851563,28.4600830078125,2157.107344632768,90.0756964233332,0.13454690588015003,0.011089462456773967,0.028395690373701064,0.10270154122821534
sxk1xf,657921,59558852,354,41.0586547851563,28.4710693359375,1858.5338983050847,90.52584124841736,0.11591511860788645,0.011034380329324264,0.02766887986679054,0.08944124698555767
sxk1zz,337167,13354967,354,41.1300659179688,28.4710693359375,952.4491525423729,39.609353821696665,0.05937298989103477,0.025182983447431802,0.21436016940961988,0.1058691437466103
sxk323,215839,16753862,354,41.0092163085938,28.4930419921875,609.7146892655368,77.62203308947873,0.0379854362113981,0.012866364404656452,0.05184197077835755,0.042142396581485934
sxk324,355424,25337800,354,41.0147094726563,28.4820556640625,1004.0225988700565,71.2889394075808,0.06259131185735027,0.014007772188499693,0.06690288451529047,0.06388478365473232
sxk325,694586,51036249,354,41.0202026367188,28.4820556640625,1962.1073446327684,73.47722096327884,0.12237838063861207,0.01359116295652269,0.061405711818878175,0.1040865799926919
sxk326,680073,51118614,354,41.0147094726563,28.4930419921875,1921.1101694915253,75.16636302279313,0.1198200464820071,0.013286147487917904,0.057381022548213666,0.10108833930186907
sxk329,695679,55834082,354,41.0092163085938,28.5040283203125,1965.1949152542372,80.25839791053058,0.12257105336190631,0.012444250084644295,0.04627215826190436,0.09968138483190572
sxk32c,809869,57790492,354,41.0092163085938,28.5150146484375,2287.7655367231637,71.35782700658996,0.14270032900048693,0.013994268254305836,0.06672469965368202,0.11990764019644545
sxk331,830707,57467830,354,41.0092163085938,28.5260009765625,2346.629943502825,69.17942186595273,0.14637362653754574,0.014434300591232973,0.07253094100031611,0.12422082087637684
sxk333,677561,40434751,354,41.0092163085938,28.5369873046875,1914.0141242937852,59.67691617433707,0.1193772341481415,0.016728865655825043,0.10280780347731779,0.11440640494689437
sxk336,888834,53134400,354,41.0147094726563,28.5369873046875,2510.830508474576,59.77989140829446,0.15662018407361522,0.016700097085705162,0.10242820123608239,0.14036258922235537
sxk33d,1158037,67299323,354,41.0147094726563,28.5479736328125,3271.2909604519773,58.115002370390584,0.20407496461247873,0.0171777026416239,0.10873022245916517,0.17547154196648465
sxk33f,1445160,65990107,354,41.0147094726563,28.5589599609375,4082.3728813559323,45.66283802485538,0.254688661163632,0.021851791609971073,0.17040498212656077,0.2294035574525106
sxk33g,1636762,70971383,354,41.0202026367188,28.5589599609375,4623.6214689265535,43.36084476545766,0.2884640309061955,0.02300921681105454,0.1856772462176425,0.25762799549962956
sxk33t,150662,10326395,354,41.0311889648438,28.5479736328125,425.59887005649716,68.54014283628254,0.02649611316826148,0.014568734251983656,0.07430479763294638,0.040838718507666946
sxk33u,824575,40789300,354,41.0256958007813,28.5589599609375,2329.30790960452,49.46705878786041,0.14529268496459036,0.02017468908695693,0.1482755584581328,0.14618754701265307
sxk33v,503266,28150284,354,41.0311889648438,28.5589599609375,1421.6553672316384,55.93519927831405,0.08865272151633125,0.017845925648148908,0.11754744729393929,0.09732113924961366
sxk33w,572513,30990384,354,41.0366821289063,28.5479736328125,1617.268361581921,54.13044594620559,0.10085949925645556,0.018439826236943718,0.12538398535050885,0.10821684508467154
sxk33x,452392,33970428,354,41.0421752929688,28.5479736328125,1277.9435028248588,75.09069125890821,0.07968471408278058,0.013299518640633926,0.057557455353798095,0.07304653646408582
sxk35q,100778,2760997,354,40.9927368164063,28.6248779296875,284.683615819209,27.39682271924428,0.01770262174208619,0.03636783821209012,0.3619447006833064,0.12097524542445225
sxk35r,418717,13164563,354,40.9982299804688,28.6248779296875,1182.816384180791,31.44024006667988,0.07374852565008767,0.03170552912361729,0.30042537692333166,0.14175158103206087
sxk365,1794400,110294670,354,41.0202026367188,28.5699462890625,5068.926553672316,61.466044360231834,0.3162522676442161,0.016242719674320075,0.09639309105407706,0.2502945146671744
sxk367,1682257,95663131,355,41.0202026367188,28.5809326171875,4738.752112676057,56.86594319417306,0.29564849318588954,0.01755434815836224,0.11370007260150286,0.24106396701057353
sxk36k,622470,39892295,354,41.0256958007813,28.5809326171875,1758.3898305084747,64.08709656690283,0.10966585903468984,0.0155794552719438,0.08764129516625493,0.10305848987415936
sxk36s,1606595,91957681,355,41.0256958007813,28.5919189453125,4525.619718309859,57.23762429236989,0.28234845769545625,0.017440555173700724,0.11219857037756971,0.23130349150009027
sxk36u,1544860,75954542,355,41.0256958007813,28.6029052734375,4351.718309859155,49.165971026500785,0.27149654139662854,0.020297986199482143,0.14990246796588344,0.235018319367405
sxk372,481738,12704401,354,41.0037231445313,28.6248779296875,1360.8418079096045,26.372013418082027,0.08485779161049568,0.03777574392270963,0.3805220634431593,0.17355707316029476
sxk373,616276,17196219,354,41.0092163085938,28.6248779296875,1740.8926553672316,27.90343774542575,0.10857398817642405,0.03570990137321072,0.3532632021733279,0.18198075237549521
sxk376,897422,28929473,354,41.0147094726563,28.6248779296875,2535.090395480226,32.23619768626131,0.15813406636789784,0.030925095451926624,0.29012752862309155,0.19773210504445593
sxk377,3086220,120146269,355,41.0202026367188,28.6248779296875,8693.577464788732,38.92991069982049,0.542440247663107,0.02562137555709548,0.22014476790286397,0.44575160373503403
sxk37c,449768,26204729,354,41.0092163085938,28.6468505859375,1270.5310734463276,58.26276880525071,0.07922215852383814,0.017134211081329526,0.10815634987204066,0.0879024159282989
sxk37d,1969181,97651503,355,41.0147094726563,28.6358642578125,5546.988732394366,49.589907174607106,0.3460846352791079,0.0201248111912559,0.14761741796253922,0.28654447008413725
sxk37e,2261319,101256274,355,41.0202026367188,28.6358642578125,6369.912676056338,44.777527628786565,0.39743730594739857,0.02228286745811177,0.17609304230524786,0.33103402685475336
sxk37f,2591216,123872434,355,41.0147094726563,28.6468505859375,7299.2,47.80475035658934,0.45542733803996127,0.020874756523231713,0.15751297160443944,0.36605302810930473
sxk37h,1475578,71568548,354,41.0256958007813,28.6138916015625,4168.299435028249,48.50204326711295,0.2600507095599394,0.020575266650911767,0.15356119276085375,0.22810385452021373
sxk37k,2338746,113275022,354,41.0256958007813,28.6248779296875,6606.627118644068,48.434084761662874,0.4122089247661954,0.02060407659711142,0.15394134096084028,0.33472864962458887
sxk37m,1008244,49712543,354,41.0311889648438,28.6248779296875,2848.146892655367,49.306063809950764,0.17766963502381153,0.020240430483324443,0.1491430183735565,0.16911165002873502
sxk37q,1117138,45690638,354,41.0366821289063,28.6248779296875,3155.7570621468926,40.89972590673668,0.19686533816233154,0.024390406957225285,0.20390209621449193,0.19897636557797962
sxk37r,1247894,48836924,354,41.0421752929688,28.6248779296875,3525.124293785311,39.13547464768642,0.2199148483243269,0.025487139099997263,0.21837351337899838,0.21945244784072832
sxk384,471014,43191395,355,41.0586547851563,28.4820556640625,1326.8,91.69874993099992,0.08273349110374896,0.010893394526087176,0.025808567495749626,0.06565601402134916
sxk386,675343,62168635,355,41.0586547851563,28.4930419921875,1902.374647887324,92.05490395251006,0.11865089946890914,0.010851294473871162,0.02525305590408096,0.09063154639946067
sxk387,216234,19865225,355,41.0641479492188,28.4930419921875,609.1098591549296,91.86910939075261,0.03794769318335828,0.010873216089885817,0.025542312357772917,0.03422607893568266
sxk38e,808122,73275265,355,41.0641479492188,28.5040283203125,2276.4,90.67351835490186,0.14199108889536158,0.011016428779264113,0.027432008565641874,0.10762336479644566
sxk38s,670079,59613428,355,41.0696411132813,28.5040283203125,1887.5464788732395,88.96477579509282,0.11772558178206975,0.011227783274284028,0.030220838169282567,0.0914741586982336
sxk38t,848403,75943560,355,41.0751342773438,28.5040283203125,2389.8676056338027,89.51354486016669,0.1490717731171657,0.0111590273720385,0.029313601748361933,0.11314432170652458
sxk38w,542363,49914825,355,41.0806274414063,28.5040283203125,1527.7830985915493,92.03213530421507,0.09527537781315298,0.010853976158243342,0.025288440818719518,0.07427929671482293
sxk38x,980431,82907498,355,41.0861206054688,28.5040283203125,2761.7774647887322,84.56229760176902,0.17227995008487645,0.011811633139272434,0.03792475659035931,0.1319733920365213
sxk38y,473051,36956928,354,41.0806274414063,28.5150146484375,1336.3022598870057,78.12461658468115,0.08332645771547553,0.012783699603275928,0.050751205969937645,0.07355388219181416
sxk38z,937690,50379331,354,41.0861206054688,28.5150146484375,2648.8418079096045,53.72706438161866,0.16523246089819266,0.01857801482373779,0.12720738835738726,0.15382493913595102
sxk392,8306,670584,354,41.0476684570313,28.5369873046875,23.463276836158194,80.73489044064532,0.0014017689804535706,0.01237089571778749,0.04530424494722751,0.014572511770485753
sxk393,432124,36251974,354,41.0531616210938,28.5369873046875,1220.6892655367233,83.89252621932593,0.07611189545905914,0.011905821208291137,0.03916757129919415,0.06502859821109963
sxk395,283513,22671970,355,41.0641479492188,28.5260009765625,798.6281690140845,79.9680085216551,0.04977414619492106,0.012489382694332174,0.04686768455045221,0.048902207701580394
sxk396,469854,28480421,355,41.0586547851563,28.5369873046875,1323.5323943661972,60.61546991193009,0.08252958371075245,0.01647026699209501,0.09939558549347843,0.08758938424557024
sxk397,341066,24708679,355,41.0641479492188,28.5369873046875,960.7492957746479,72.44544750869333,0.059890941185549225,0.01378446248994697,0.06395630560271405,0.06111055051069867
sxk398,388718,31444932,354,41.0476684570313,28.5479736328125,1098.0734463276835,80.89394368153778,0.06846033806902295,0.012346602159933419,0.044983690641936726,0.06141734384089708
sxk399,8202,649506,354,41.0531616210938,28.5479736328125,23.16949152542373,79.18873445501097,0.0013834359857393891,0.012612132188430976,0.04848736821482094,0.015514615654463854
sxk39h,464977,39845092,355,41.0696411132813,28.5260009765625,1309.794366197183,85.69260845160083,0.08167229374899035,0.011656015804253598,0.035871380669968735,0.06793201982528387
sxk39j,471314,39254173,354,41.0751342773438,28.5260009765625,1331.3954802259886,83.28666876010473,0.08302026144798963,0.011992324610986703,0.04030898657985953,0.0702068789875506
sxk39n,86534,7040714,354,41.0806274414063,28.5260009765625,244.4463276836158,81.3635565211362,0.015191706581424637,0.012275427721358374,0.044044541553567976,0.023847557073067637
sxk3b8,636696,44049826,354,41.0916137695313,28.5040283203125,1798.5762711864406,69.18502079485343,0.11217360117703547,0.014433134154075064,0.07251554982315446,0.10027618577087116
sxk3b9,573,33559,276,41.0971069335938,28.5040283203125,2.0760869565217392,58.56719022687609,6.715072457704903e-05,0.01704530242769133,0.10698319722504974,0.03214196467471886
sxk3bb,1574751,118776152,354,41.0916137695313,28.5150146484375,4448.449152542373,75.42535423060535,0.2775328065290694,0.013240586690221273,0.056779846304624064,0.21130691846173583
sxk3bc,1758240,146690985,355,41.0971069335938,28.5150146484375,4952.788732394366,83.43058114933115,0.3090049547738676,0.011971663386517782,0.040036361034606935,0.22831437665208937
sxk3bd,682702,59305083,354,41.1026000976563,28.5040283203125,1928.5367231638418,86.86818406859801,0.12028348343492618,0.011498457863754275,0.03379239839560655,0.09433615792313028
sxk3be,723307,56668422,354,41.1080932617188,28.5040283203125,2043.2401129943503,78.34629279130438,0.12744128391924675,0.012747574989430835,0.05027454048666136,0.10429126088947113
sxk3bf,306125,27213758,354,41.1026000976563,28.5150146484375,864.7598870056497,88.89753532053899,0.053900943526442244,0.011236266222410977,0.030332770952450273,0.046830491754244655
sxk3bk,80317,6030257,354,41.1135864257813,28.4930419921875,226.88418079096044,75.08070520562272,0.014095781310866305,0.013301285180352507,0.05758076490424187,0.027141276388878977
sxk3bm,280102,18070484,354,41.1190795898438,28.4930419921875,791.2485875706215,64.51394134993681,0.04931364043560431,0.015476536163986504,0.08628327410772692,0.06040453053724109
sxk3bn,274071,16511380,354,41.1245727539063,28.4820556640625,774.2118644067797,60.24490004414914,0.04825050302097711,0.01657140867361428,0.1007301533509369,0.06399439811996505
sxk3bp,133028,7567571,354,41.1300659179688,28.4820556640625,375.7853107344633,56.88705385332411,0.023387612891435743,0.017547845210139232,0.11361426598303676,0.050455608818916045
sxk3bq,388759,32341831,354,41.1245727539063,28.4930419921875,1098.1892655367233,83.19249457890363,0.06846756549963143,0.012005883664015997,0.040487898736338,0.06007366547064339
sxk3br,335863,32496116,354,41.1300659179688,28.4930419921875,948.7655367231638,96.75408127718742,0.05914312234192618,0.010324810135136097,0.018306077513206433,0.04689200889331025
sxk3bs,686700,54625233,354,41.1135864257813,28.5040283203125,1939.8305084745762,79.54744866754041,0.12098824605865019,0.012555329978919224,0.04773786116779245,0.09901313059139287
sxk3bt,348263,32284748,354,41.1190795898438,28.5040283203125,983.7937853107345,92.70220494281621,0.06132897940400167,0.01077560603884563,0.024254344482151892,0.050206588927446734
sxk3bw,266807,24534694,354,41.1245727539063,28.5040283203125,753.6920903954802,91.95671028121451,0.046970013851709666,0.010862869169941046,0.025405784404365733,0.04050074501750648
sxk3c4,974740,86991229,355,41.1026000976563,28.5260009765625,2745.7464788732395,89.24557215257401,0.17127957338354613,0.011192496459615436,0.02975522747405378,0.12882226961069843
sxk3c6,179922,16164300,355,41.1026000976563,28.5369873046875,506.8225352112676,89.84059759229,0.031564688653625855,0.011118449585281867,0.028778176500148252,0.030728735007582574
sxk3c7,901535,79953832,354,41.1080932617188,28.5369873046875,2546.7090395480227,88.68633164547134,0.15885910105308465,0.011262994894226,0.030685456667588304,0.12040700773743573
sxk3ce,802107,72009905,355,41.1080932617188,28.5479736328125,2259.456338028169,89.77593388413267,0.14093375874978048,0.011126449059090635,0.028883729823579292,0.10731875007192013
sxk3cg,692525,63577032,354,41.1080932617188,28.5589599609375,1956.2853107344633,91.80467419948738,0.12201507004143969,0.01088083939919541,0.025642902178104377,0.09310341968243908
sxk3e2,1033800,42472405,354,41.0476684570313,28.6248779296875,2920.3389830508477,41.08377345714838,0.182174615917231,0.024281407847207045,0.20246384932619785,0.18826138593992103
sxk3e3,1089948,45745373,354,41.0531616210938,28.6248779296875,3078.9491525423728,41.97023435980432,0.19207231771734504,0.02376977488281934,0.19571283531465086,0.19316447299653677
sxk3e6,1258136,47828992,354,41.0586547851563,28.6248779296875,3554.0564971751414,38.01575664316099,0.22172029574608312,0.026235869049169913,0.22825303000431704,0.22368011602355328
sxk3e7,1062705,46751907,354,41.0641479492188,28.6248779296875,3001.991525423729,43.99330670317727,0.18726995449620615,0.02267917910379677,0.18132238767426762,0.1854856844496246
sxk3eg,1291120,61946110,354,41.0641479492188,28.6468505859375,3647.231638418079,47.9785844847884,0.2275346755312039,0.02079928123333977,0.1565170726396496,0.2062293946637376
sxk3ek,1096014,44445751,354,41.0696411132813,28.6248779296875,3096.084745762712,40.55217451601896,0.19314162488980874,0.024598930116418515,0.2066535662475658,0.19719520729713585
sxk3em,1171221,41116338,354,41.0751342773438,28.6248779296875,3308.5338983050847,35.10553345611119,0.2063990242500919,0.02840462568893169,0.2568698461240313,0.22154027081227373
sxk3eq,1253719,61789372,354,41.0806274414063,28.6248779296875,3541.5790960451977,49.28486526885211,0.2209416723071164,0.020249118724045955,0.14925765999934937,0.19943646861478628
sxk3er,1699988,59036435,354,41.0861206054688,28.6248779296875,4802.225988700565,34.72755984159888,0.29960943401964585,0.028712893023460567,0.26093744387390905,0.2880078369759248
sxk3eu,872045,82020365,354,41.0696411132813,28.6468505859375,2463.4039548022597,94.05519783956103,0.15366063937884222,0.010620762559534782,0.02221117961361134,0.11422580144927295
sxk3ev,952618,87211190,355,41.0751342773438,28.6468505859375,2683.430985915493,91.54896296311848,0.16739091877331422,0.0109111982031092,0.02604348760723341,0.12498668942348998
sxk3ew,264171,22724826,355,41.0806274414063,28.6358642578125,744.143661971831,86.0231668124056,0.046374166198939436,0.0116112776272871,0.0352810589343211,0.04304623401955393
sxk3ex,1559387,80442400,355,41.0861206054688,28.6358642578125,4392.639436619718,51.58591164348555,0.2740501299294392,0.019347632037482677,0.13736251313465295,0.23304384489100333
sxk3ey,314142,27894718,355,41.0806274414063,28.6468505859375,884.9070422535211,88.79652513831324,0.05515818028120587,0.0112490336202018,0.030501237191680953,0.04776109735434839
sxk3ez,668870,26382043,354,41.0861206054688,28.6468505859375,1889.4632768361582,39.44270635549509,0.11784519513794005,0.025289113775113017,0.21576056261939558,0.14721980538237672
sxk3f5,920349,82318127,355,41.1080932617188,28.5699462890625,2592.532394366197,89.44229525973299,0.16171860182106879,0.011167906709330225,0.029430764899765652,0.12203225074467784
sxk3f6,100996,8683886,354,41.1026000976563,28.5809326171875,285.2994350282486,85.98247455344766,0.017741050519467838,0.011616766422985566,0.03535348377643659,0.023024780496558463
sxk3f7,674870,59105146,354,41.1080932617188,28.5809326171875,1906.412429378531,87.58004652747937,0.11890286790991204,0.011405103436921592,0.032560583623191315,0.09300018262389581
sxk3fd,716711,65449750,354,41.1026000976563,28.5919189453125,2024.6073446327684,91.31958348623085,0.12627854898525886,0.010938575323421977,0.02640472962190413,0.09631640317625245
sxk3ff,651830,57521883,354,41.1026000976563,28.6029052734375,1841.3276836158193,88.24675605602688,0.11484140446553953,0.01131903472908309,0.03142490415564792,0.08981645437257205
sxk3g1,506514,40198382,354,41.0971069335938,28.6138916015625,1430.8305084745762,79.36282511440947,0.08922527504355876,0.012584500973382382,0.04812277341164526,0.0768945245539847
sxk3g2,499390,43709952,354,41.0916137695313,28.6248779296875,1410.7062146892656,87.52668655760027,0.08796946490563734,0.011412048535495668,0.03265222443027119,0.0713742927630275
sxk3g3,583504,49582574,355,41.0971069335938,28.6248779296875,1643.6732394366197,84.97383736872412,0.10250723475735109,0.011754495047235665,0.03717081756222237,0.08290630959881246
sxk3g4,534074,43637406,354,41.1026000976563,28.6138916015625,1508.683615819209,81.70666611742942,0.09408351864281686,0.012223942711032247,0.04336519512695082,0.07886802158805704
sxk3g8,1710836,77605494,354,41.0916137695313,28.6358642578125,4832.870056497175,45.36115326074504,0.30152170639137127,0.02199680228665654,0.17231840283685276,0.2627607153250157
sxk3g9,891102,39670783,354,41.0971069335938,28.6358642578125,2517.237288135593,44.51879021705708,0.15701998438142065,0.022412082334265424,0.17779803690124227,0.1632534001373671
sxk3gb,588871,25888922,354,41.0916137695313,28.6468505859375,1663.4774011299435,43.96365587709362,0.1037430677904419,0.022694440125197314,0.18152375736011042,0.12707727466134244
sxk3gc,292476,11178804,354,41.0971069335938,28.6468505859375,826.2033898305085,38.22126943749231,0.05149491424900125,0.02609516894087104,0.2263964873875046,0.10396538619055225
sxk3gd,1146916,47507058,354,41.1026000976563,28.6358642578125,3239.875706214689,41.42156705460557,0.2021145681296286,0.02408386944271363,0.19985732349737514,0.20143739473995256
sxk3ge,920277,52578033,355,41.1080932617188,28.6358642578125,2592.3295774647886,57.132833918483236,0.16170594550012418,0.017472487932788733,0.11261992419766319,0.14698013910938587
sxk3gk,416577,19899845,354,41.1135864257813,28.6248779296875,1176.7711864406779,47.76990808421972,0.07337128902808432,0.020889950284438696,0.15771345378978727,0.0986739384565952
sxk3gm,1265044,48631326,355,41.1190795898438,28.6248779296875,3563.504225352113,38.44239884146322,0.22230985943221987,0.025945453061012327,0.22442098136457495,0.22294319601192636
sxk3gq,1056247,54136739,355,41.1245727539063,28.6248779296875,2975.343661971831,51.253862969551626,0.1856070560395524,0.019472731790263043,0.1390132085406302,0.17162890178987575
sxk3gr,865117,55812966,355,41.1300659179688,28.6248779296875,2436.949295774648,64.51493381820032,0.15200979739866902,0.015476298448491585,0.08628013744385132,0.13229089941222372
sxk3gs,948753,56266100,355,41.1135864257813,28.6358642578125,2672.543661971831,59.30531971967414,0.16671152043371806,0.01683350926682775,0.10418857941098655,0.1479546381268986
sxk3hd,312214,10229983,354,40.9707641601563,28.6798095703125,881.9604519774011,32.765932981865,0.05497430511119851,0.030426642704827127,0.28355042801779745,0.12354714198317819
sxk3he,805236,20709178,354,40.9762573242188,28.6798095703125,2274.677966101695,25.71814722640319,0.1418836293417292,0.03873244626079674,0.3931457826693731,0.21726227534002235
sxk3hf,4477,140599,350,40.9707641601563,28.6907958984375,12.791428571428572,31.404735313826222,0.0007358169036165161,0.031741260164186755,0.300896849194123,0.09078412659076847
sxk3hg,11574,202756,350,40.9762573242188,28.6907958984375,33.06857142857143,17.518230516675306,0.002001165235326333,0.056759389034756906,0.6310118931886683,0.19070438362132894
sxk3hs,730961,41521275,354,40.9817504882813,28.6798095703125,2064.861581920904,56.80368036051171,0.12879052181869238,0.017573555764135593,0.11395351759963615,0.1243394205529755
sxk3ht,757096,45965995,354,40.9872436523438,28.6798095703125,2138.6892655367233,60.71356208459694,0.13339756813460713,0.016443700479325866,0.09904503947235355,0.12309180953593105
sxk3hv,591631,34992824,355,40.9872436523438,28.6907958984375,1666.5661971830987,59.146366569703076,0.10393581698397411,0.016878672193737055,0.10478450573628123,0.10419042360966624
sxk3hw,1368300,84659876,354,40.9927368164063,28.6798095703125,3865.2542372881358,61.872305780896,0.24113987295467054,0.016136240009134318,0.0949880883242898,0.1972943375655563
sxk3hx,1645813,97160094,354,40.9982299804688,28.6798095703125,4649.189265536723,59.034710504777884,0.29005953028271525,0.01691054190447425,0.10520502763128507,0.2346031794872862
sxk3hy,545023,32184499,354,40.9927368164063,28.6907958984375,1539.6129943502824,59.0516345181763,0.09601359517287045,0.01690570358952155,0.10514118590428251,0.09875187239229406
sxk3hz,2558619,122068761,354,40.9982299804688,28.6907958984375,7227.737288135593,47.70884645193364,0.4509678723314957,0.02091663100479503,0.15806550678383027,0.36309716266719605
sxk3j5,67776,1443185,354,40.9762573242188,28.7017822265625,191.45762711864407,21.293451959395657,0.011885068938649476,0.04674327461963501,0.4988489297668954,0.15797422718712326
sxk3j6,234159,5178809,354,40.9707641601563,28.7127685546875,661.4661016949152,22.11663442361814,0.0412148637418193,0.045011318138129704,0.4759957062885669,0.17164911650584358
sxk3j7,503029,10977996,355,40.9762573242188,28.7127685546875,1416.9830985915494,21.823783519439235,0.08836115936821756,0.04561256496230801,0.4839291781657817,0.2070315650074868
sxk3jd,299125,7630704,354,40.9707641601563,28.7237548828125,844.9858757062146,25.510084412870874,0.05266699195914156,0.03904711846624876,0.3972978929044774,0.15605626224274233
sxk3je,352229,6476362,354,40.9762573242188,28.7237548828125,994.9971751412429,18.386793818794022,0.062028101106275164,0.05409266797703889,0.5958244199829752,0.22216699676928514
sxk3jf,264987,7038420,355,40.9707641601563,28.7347412109375,746.4422535211268,26.56137848271802,0.046517604502978364,0.03750743798368125,0.37698175763833386,0.145656850443585
sxk3jg,2819800,113359838,355,40.9762573242188,28.7347412109375,7943.098591549296,40.201375274842185,0.49560834452333746,0.02481304901334824,0.20947887222651007,0.4097695028342892
sxk3jh,623555,20099058,354,40.9817504882813,28.7017822265625,1761.454802259887,32.23301553190978,0.10985712152762143,0.030928139041441708,0.2901676888881486,0.16395029173577957
sxk3jj,987900,30276119,355,40.9872436523438,28.7017822265625,2782.8169014084506,30.64694705941897,0.17359286760064455,0.03252355422694435,0.3112192454164753,0.21488078094539376
sxk3jk,622236,12858673,354,40.9817504882813,28.7127685546875,1757.7288135593221,20.665266876233456,0.10962460979658292,0.04815733917412511,0.5175075586768194,0.23198949446065387
sxk3jm,2324918,88242747,355,40.9872436523438,28.7127685546875,6549.064788732394,37.955208312723286,0.4086168803329034,0.026277612036239004,0.22880383010947547,0.354672965265875
sxk3jn,1764382,63131177,355,40.9927368164063,28.7017822265625,4970.09014084507,35.78090062129403,0.31008460926333703,0.027869980482221668,0.24981518480832562,0.29200378192683357
sxk3jp,3068139,136691622,355,40.9982299804688,28.7017822265625,8642.645070422535,44.55196521409232,0.5392619290658914,0.022395430866375316,0.1775783202276431,0.4307568464144169
sxk3jq,2938802,132566858,355,40.9927368164063,28.7127685546875,8278.315492957747,45.109149238363116,0.5165267820934856,0.022119416464299005,0.17393630099607166,0.4137496377642614
sxk3jr,524550,19709158,354,40.9982299804688,28.7127685546875,1481.7796610169491,37.57345915546659,0.09240463939610663,0.02654388586599687,0.23231732216477124,0.13437844422670603
sxk3js,3095357,93239959,355,40.9817504882813,28.7237548828125,8719.315492957747,30.122521893274346,0.5440463699474253,0.033087907208118786,0.3186659018060347,0.4764322295050081
sxk3jt,2860859,118176233,355,40.9872436523438,28.7237548828125,8058.757746478873,41.30795435916276,0.5028257873242375,0.024149949338869475,0.20072924992878394,0.4121968261056015
sxk3ju,2459659,83917642,355,40.9817504882813,28.7347412109375,6928.616901408451,34.117591910098106,0.43230195450509656,0.029224733366022916,0.2676911942473798,0.3829187264277815
sxk3jv,39957,907096,353,40.9872436523438,28.7347412109375,113.19263456090651,22.701804439772754,0.007001122592661726,0.04385617825296839,0.46075359701721946,0.14312686492002902
sxk3jw,356074,14022610,354,40.9927368164063,28.7237548828125,1005.8587570621469,39.381167959469096,0.0627058930743139,0.02532853133996918,0.2162806787009766,0.10877832876231269
sxk3k1,3083239,136348281,355,41.0092163085938,28.6578369140625,8685.18028169014,44.22241707503051,0.541916240819553,0.02256194643688239,0.1797754987284055,0.4332740181922088
sxk3k2,3126767,121046354,355,41.0037231445313,28.6688232421875,8807.794366197184,38.712943433265096,0.5495676899595121,0.025764600969246203,0.222034631988139,0.4513077725681002
sxk3k3,1657329,66511091,355,41.0092163085938,28.6688232421875,4668.532394366197,40.13149531565549,0.29126659362328844,0.02485614795458186,0.21004756419204676,0.26690088479391594
sxk3k8,5115363,238418027,354,41.0037231445313,28.6798095703125,14450.177966101695,46.608232299447764,0.9016676246152965,0.0214095021534742,0.16456895801200191,0.6805380246343081
sxk3k9,2571648,147459651,354,41.0092163085938,28.6798095703125,7264.542372881356,57.34052677504853,0.4532646087558329,0.017409311093476737,0.11178630369803223,0.3508211172384927
sxk3kb,2393132,110607558,354,41.0037231445313,28.6907958984375,6760.25988700565,46.21874514234902,0.4217960233289404,0.02158953134258606,0.1669444491604976,0.34534055107840755
sxk3kd,2066724,141010558,355,41.0147094726563,28.6798095703125,5821.757746478873,68.22902235615399,0.36323096186105575,0.014635069630993133,0.07518009516912097,0.2768157018534753
sxk3ke,2402098,147659057,355,41.0202026367188,28.6798095703125,6766.47323943662,61.47087129667482,0.42218375325658564,0.01624144630309959,0.09637628887839693,0.32444151394312903
sxk3kf,953144,32364887,354,41.0147094726563,28.6907958984375,2692.497175141243,33.95592586219921,0.1679566734012019,0.029363465378868532,0.2695217677791141,0.19842620171457553
sxk3kg,727717,26369700,354,41.0202026367188,28.6907958984375,2055.6977401129943,36.236201710280234,0.1282186734066462,0.02752076312139912,0.24520725009714084,0.16331524641379458
sxk3ks,3300136,165453706,355,41.0256958007813,28.6798095703125,9296.157746478873,50.13542047964084,0.5800428803184893,0.019906273112718843,0.14473380073504913,0.4494501564434572
sxk3kt,1164985,34027424,355,41.0311889648438,28.6798095703125,3281.6478873239435,29.20846534504736,0.204721264746152,0.03411983494280717,0.332282222646742,0.24298955211632897
sxk3ku,1322013,52551675,354,41.0256958007813,28.6907958984375,3734.5,39.75125433713587,0.23298045635529246,0.025093313037028747,0.21317696535673666,0.22703940905572573
sxk3kv,2164100,136189294,354,41.0311889648438,28.6907958984375,6113.276836158192,62.931146435007626,0.3814225382772248,0.015865172324465257,0.09141134119372042,0.29441917915217347
sxk3kw,849319,25620976,355,41.0366821289063,28.6798095703125,2392.4478873239436,30.166493390587046,0.14923278964473882,0.03303983672951695,0.318031610239284,0.19987243582310238
sxk3kx,826301,23412545,355,41.0421752929688,28.6798095703125,2327.6084507042256,28.334160312041252,0.14518663415164068,0.035168965393239396,0.34612553389484496,0.20546830407460195
sxk3ky,2659668,158129599,355,41.0366821289063,28.6907958984375,7492.0225352112675,59.45463832327945,0.46745998361358,0.016791303383822377,0.10363167137852625,0.35831148994306383
sxk3kz,2742372,147632648,355,41.0421752929688,28.6907958984375,7724.991549295774,53.833924792114274,0.48199787760529045,0.018541205815346316,0.12672169226526903,0.37541502200328397
sxk3m0,852240,19610272,354,41.0037231445313,28.7017822265625,2407.4576271186443,23.01026940767859,0.15016943783735798,0.043270806685954996,0.45302959968722334,0.24102748639231758
sxk3m1,945927,24198579,354,41.0092163085938,28.7017822265625,2672.1101694915255,25.58186731111386,0.16668446933531492,0.03893797860902617,0.3958577888521326,0.2354364651903602
sxk3m2,529604,16531691,354,41.0037231445313,28.7127685546875,1496.0564971751412,31.21519286108111,0.09329555242769771,0.0319333814878979,0.30343189646153884,0.15633645563785004
sxk3m4,340988,7169733,354,41.0147094726563,28.7017822265625,963.2429378531074,21.026349900876276,0.06004655116798561,0.047334253417743596,0.5066469146980127,0.19402666022699372
sxk3n4,48482,1470507,354,40.9707641601563,28.7457275390625,136.954802259887,30.33098882059321,0.008483945861578149,0.032861239110418966,0.31567500870481807,0.10064126471455012
sxk3n5,2882337,118899488,354,40.9762573242188,28.7457275390625,8142.1949152542375,41.251070919188145,0.5080324913977016,0.0241831705387821,0.20116760476848614,0.4159730254089369
sxk3ne,12291,456123,352,40.9762573242188,28.7677001953125,34.91761363636363,37.11032462777642,0.002116550449573454,0.026874261646551968,0.23667664159656826,0.07248457779367189
sxk3ng,260308,8706474,354,40.9762573242188,28.7786865234375,735.3333333333334,33.446816847734226,0.04582437796086865,0.029809087536945868,0.2754017670020652,0.1146975946732276
sxk3nh,1976513,82079225,354,40.9817504882813,28.7457275390625,5583.370056497175,41.52728820908337,0.3483549278979059,0.024022703448210513,0.19905023616199416,0.30356352037713236
sxk3nk,2642770,122332155,355,40.9817504882813,28.7567138671875,7444.422535211268,46.28936873053652,0.4644896154007739,0.021556663247752593,0.16651075355407957,0.37509595684676555
sxk3ns,941843,43327849,354,40.9817504882813,28.7677001953125,2660.5734463276835,46.00326062836375,0.16596454673519262,0.021690439816414584,0.1682759398347067,0.16665796466504684
sxk3nt,2757219,113156511,355,40.9872436523438,28.7677001953125,7766.814084507042,41.04008821932534,0.48460771645341055,0.024307191435001717,0.2028040646261993,0.4000666209052472
sxk3nu,242805,7464622,354,40.9817504882813,28.7786865234375,685.8898305084746,30.743279586499455,0.042738970206230964,0.03242197371377181,0.3098788871607311,0.122880945292581
sxk3nv,2788225,122482912,355,40.9872436523438,28.7786865234375,7854.154929577465,43.92863273229384,0.49005802044241925,0.022712492710829205,0.18176196182899448,0.3975692028583918
sxk3nw,476624,11485280,354,40.9927368164063,28.7677001953125,1346.3954802259886,24.097149954681257,0.08395630185118487,0.0413271811710427,0.42738339626075694,0.1869844301740565
sxk3nx,391902,9033440,354,40.9982299804688,28.7677001953125,1107.0677966101696,23.05025235900812,0.06902160975334944,0.043196073394460625,0.45204349141601124,0.18392817425214797
sxk3ny,570006,10194976,354,40.9927368164063,28.7786865234375,1610.1864406779662,17.88573453612769,0.10041756831656658,0.055599619686997725,0.6157086980040988,0.2550049072228262
sxk3nz,539603,10324358,354,40.9982299804688,28.7786865234375,1524.3022598870057,19.133247961927566,0.09505816410218908,0.05199329837474728,0.5681231681344987,0.23697766531188194
sxk3p3,610300,23863422,354,40.9652709960938,28.8006591796875,1724.0112994350281,39.101133868589216,0.10752054609553993,0.025509466214732945,0.21866812040182457,0.14086481838742532
sxk3p4,310898,11447491,354,40.9707641601563,28.7896728515625,878.2429378531074,36.82072898506906,0.05474232221654598,0.0270850556716907,0.23945807578145314,0.11015704828601813
sxk3p5,214607,6347143,354,40.9762573242188,28.7896728515625,606.2344632768362,29.57565689842363,0.03776826073555318,0.03369765338044193,0.32671152286519956,0.12445123937444709
sxk3p6,581573,24849583,354,40.9707641601563,28.8006591796875,1642.861581920904,42.72822672304251,0.10245658514213328,0.023349087191181287,0.190161847207126,0.12876816376163108
sxk3p7,451595,17805090,354,40.9762573242188,28.8006591796875,1275.6920903954801,39.42711943223463,0.07954421988290362,0.025299086155630486,0.2158921485125807,0.12044859847180674
sxk3p9,709085,33782520,354,40.9652709960938,28.8116455078125,2003.0649717514125,47.642412404718755,0.12493424689208243,0.02094573670728801,0.1584495574979612,0.13498884007384607
sxk3pb,202905,3631872,354,40.9597778320313,28.8226318359375,573.1779661016949,17.89937162711614,0.0357054462726171,0.05555749504574344,0.615152861959251,0.20953967097860726
sxk3pc,722147,34670203,354,40.9652709960938,28.8226318359375,2039.9632768361582,48.00989687695164,0.1272368005166655,0.0207857439927101,0.15633844829851093,0.1359672948512191
sxk3ph,181898,3803222,354,40.9817504882813,28.7896728515625,513.8361581920904,20.90854214999615,0.03200235761914776,0.047599685540302146,0.5101493003987698,0.17544644045303437
sxk3pj,2866667,132274457,355,40.9872436523438,28.7896728515625,8075.118309859155,46.142247076482896,0.5038467305471028,0.02162524667856297,0.16741571420866702,0.4029174256455721
sxk3pk,404912,19130777,354,40.9817504882813,28.8006591796875,1143.819209039548,47.246752380764214,0.0713149968805754,0.021120772803126294,0.1607591646143535,0.09814824720070882
sxk3pm,646814,21531660,354,40.9872436523438,28.8006591796875,1827.1581920903955,33.28879708849839,0.11395719002817092,0.029950165540539198,0.27726329595987864,0.16294902180768323
sxk3pn,2775002,113828166,355,40.9927368164063,28.7896728515625,7816.9070422535215,41.01912935558244,0.4877336519444943,0.024319581072653165,0.20296754630780478,0.40230382025348743
sxk3pp,521163,8730188,354,40.9982299804688,28.7896728515625,1472.2118644067796,16.75135802042739,0.09180758311632842,0.0593423983270541,0.6650947868605471,0.263793744239594
sxk3pq,526945,20548332,355,40.9927368164063,28.8006591796875,1484.3521126760563,38.99521202402528,0.09256516730865269,0.025578579785817953,0.21958007627499887,0.13066963999855655
sxk3pr,3013143,131126449,355,40.9982299804688,28.8006591796875,8487.72676056338,43.51816326009087,0.5295946092510323,0.022926229012374892,0.18458221944909914,0.42609089231045233
sxk3pu,303479,15131371,354,40.9817504882813,28.8226318359375,857.2853107344632,49.85969704658312,0.05343450983400259,0.020016134186474067,0.14618342126357137,0.08125918326287322
sxk3pv,1112185,64927561,354,40.9872436523438,28.8226318359375,3141.7655367231637,58.37838219360987,0.19599222928906862,0.017100336269379103,0.10770937059972284,0.16950737168226487
sxk3pw,1196593,62802638,355,40.9927368164063,28.8116455078125,3370.6845070422537,52.484544034604916,0.21027738964083648,0.01901699479112947,0.13299974365293843,0.18709409584446704
sxk3px,2872867,161419200,355,40.9982299804688,28.8116455078125,8092.583098591549,56.18749493102187,0.5049365804062221,0.01776593542181014,0.11649197359230612,0.3884031983620473
sxk3py,4314367,204009757,355,40.9927368164063,28.8226318359375,12153.14647887324,47.28613884725152,0.7583266726514658,0.021103217614405857,0.1605275233142882,0.5789869278503125
sxk3pz,2661690,144841788,355,40.9982299804688,28.8226318359375,7497.718309859155,54.41722664923413,0.4678154152934412,0.01834282595543675,0.12410406340419482,0.3647020097266672
sxk3q8,314194,10863100,354,41.0037231445313,28.7677001953125,887.5536723163842,34.57449855821562,0.05532333712594927,0.028839638396531746,0.2626098532944519,0.11750929197650006
sxk3q9,308668,8799978,354,41.0092163085938,28.7677001953125,871.9435028248588,28.50952479686913,0.05434922050296305,0.03495339426642397,0.3432810656941739,0.1410287740603263
sxk3qb,481201,9469425,354,41.0037231445313,28.7786865234375,1359.3248587570622,19.67873092533058,0.08476312989740419,0.05055936115290906,0.5492023187168038,0.22409488654322407
sxk3qc,532953,10942104,354,41.0092163085938,28.7786865234375,1505.5169491525423,20.53108623086839,0.09388591011325342,0.04847054531252903,0.5216403241083781,0.22221223431179082
sxk3qd,435413,22425849,354,41.0147094726563,28.7677001953125,1229.9802259887006,51.504775925385786,0.07669167641689512,0.019378051392876468,0.13776389754257803,0.0950133427546
sxk3qe,620490,20009407,354,41.0202026367188,28.7677001953125,1752.7966101694915,32.24775097100679,0.10931682701993907,0.030914050281155483,0.28998178722676626,0.16351631508198722
sxk3qf,504970,18570514,354,41.0147094726563,28.7786865234375,1426.4689265536724,36.7754797314692,0.08895310058357131,0.027118291267858655,0.23989662058022407,0.13423615658256713
sxk3qg,676221,28332791,354,41.0202026367188,28.7786865234375,1910.2288135593221,41.8987150650453,0.11914102056240108,0.023810252252985716,0.19624693556261047,0.14227279506246387
sxk3qp,11110,521617,354,41.0421752929688,28.7457275390625,31.384180790960453,46.95022502250225,0.0018960547225551566,0.021253883472857775,0.16251556433640632,0.0500819076067105
sxk3qq,249212,9109174,354,41.0366821289063,28.7567138671875,703.9887005649717,36.55190761279553,0.043868388447901745,0.027283709501954828,0.24207931969048388,0.10333166782067638
sxk3qr,557108,21316432,354,41.0421752929688,28.7567138671875,1573.7514124293784,38.262656432864006,0.0981439244144174,0.026067016546417607,0.22602501560471755,0.13650825177150744
sxk3qs,533391,24207684,354,41.0256958007813,28.7677001953125,1506.7542372881355,45.38450030090497,0.09396312022560738,0.0219855114024437,0.17216941924347762,0.11742500993096844
sxk3qt,875162,28877433,354,41.0311889648438,28.7677001953125,2472.2090395480227,32.996671473395786,0.1542101003838817,0.030214518725964135,0.2807514450492099,0.19217250378348016
sxk3qu,370989,11789506,354,41.0256958007813,28.7786865234375,1047.9915254237287,31.77858642709083,0.06533509130664099,0.03136901952309238,0.295985121532668,0.13453010037444907
sxk3qv,275753,7400346,354,41.0311889648438,28.7786865234375,778.9632768361582,26.836864875450132,0.04854700395471993,0.03712384513282336,0.37192023719081924,0.14555897392554973
sxk3qw,959532,34751280,354,41.0366821289063,28.7677001953125,2710.5423728813557,36.216905741549006,0.16908274234576143,0.027535385506588798,0.24540019295690338,0.191977977529104
sxk3qx,169191,5439133,354,41.0421752929688,28.7677001953125,477.9406779661017,32.14788611687383,0.029762382966906375,0.031009784529000373,0.29124500381672785,0.1082071692218528
sxk3qy,499855,15079644,354,41.0366821289063,28.7786865234375,1412.0197740112994,30.168036730651888,0.08805143454546516,0.033038152057854424,0.3180093809405676,0.15703881846399587
sxk3qz,614056,22776646,354,41.0421752929688,28.7786865234375,1734.6214689265537,37.092131662258815,0.10818264925079442,0.02688740750546338,0.23685010164289458,0.14678288496842445
sxk3r0,484171,8150755,354,41.0037231445313,28.7896728515625,1367.7146892655367,16.834455182156717,0.08528667791953032,0.05905120591382634,0.6612524932661354,0.2580764225235118
sxk3r1,1117575,23717302,354,41.0092163085938,28.7896728515625,3156.991525423729,21.22211216249469,0.19694237199589018,0.04689966886859298,0.5009125570925979,0.28813342752490245
sxk3r2,764788,13401631,354,41.0037231445313,28.8006591796875,2160.4180790960454,17.523328033389646,0.13475350462827526,0.05674297148106034,0.6307952630206465,0.28356603214598664
sxk3r3,1192117,25212984,354,41.0092163085938,28.8006591796875,3367.562146892655,21.149756273922776,0.21008254595727974,0.047059363275012124,0.5030197301059544,0.2979637012018821
sxk3r4,987561,25835638,354,41.0147094726563,28.7896728515625,2789.7203389830506,26.161055367719058,0.17402366070002867,0.03807920077839798,0.384526186764462,0.23717441851935867
sxk3r5,738597,15714189,354,41.0202026367188,28.7896728515625,2086.4322033898306,21.275728171113613,0.13013658669982212,0.046782032031608814,0.49936033510919886,0.2409037112226351
sxk3r6,646345,13820442,354,41.0147094726563,28.8006591796875,1825.8333333333333,21.382453643178177,0.11387451527316178,0.04654961749760615,0.496293617589508,0.22860024596806566
sxk3r7,605617,12675995,354,41.0202026367188,28.8006591796875,1710.7824858757062,20.930711984637156,0.10669503249701578,0.04754950763105384,0.5094872012144241,0.2275326831122383
sxk3r8,2595433,142732510,354,41.0037231445313,28.8116455078125,7331.7316384180795,54.99371781124768,0.4574573999027253,0.018150889787943204,0.12157145927923922,0.3566916177156795
sxk3r9,3497135,143588325,355,41.0092163085938,28.8116455078125,9851.084507042253,41.05884531194821,0.6146718048985939,0.02429611405327022,0.2026578982051789,0.49106763289056937
sxk3rb,679561,14315498,354,41.0037231445313,28.8226318359375,1919.6638418079096,21.065802775615435,0.11972979173879883,0.04724602277557238,0.5054827084349185,0.2354556667476347
sxk3rc,1187475,27021131,355,41.0092163085938,28.8226318359375,3345.0,22.755115686646036,0.20867460721898967,0.0437538804751834,0.4594037744310163,0.2838933573825977
sxk3rd,2578042,140962399,355,41.0147094726563,28.8116455078125,7262.09014084507,54.678084763553116,0.453111582871568,0.01825547578591786,0.1229514750070833,0.3540635505122226
sxk3re,2672063,147971992,354,41.0202026367188,28.8116455078125,7548.200564971751,55.37743384044463,0.4709656439887611,0.018025347078526394,0.11991491904568578,0.36565042650583846
sxk3rf,1550385,33522606,355,41.0147094726563,28.8226318359375,4367.281690140845,21.62211708704612,0.27246773824689213,0.04603602844017193,0.4895167928650397,0.3375824546323364
sxk3rg,998318,23131609,354,41.0202026367188,28.8226318359375,2820.107344632768,23.170581918787402,0.17591989170137914,0.042972711361062024,0.4490962219433997,0.2578727907739853
sxk3rh,1080174,34727561,354,41.0256958007813,28.7896728515625,3051.3389830508477,32.149969356788816,0.19034936877180264,0.031007781400868024,0.2912185724742818,0.22061012988254636
sxk3rj,1189083,42474801,354,41.0311889648438,28.7896728515625,3358.991525423729,35.72063598588156,0.2095477160922526,0.027916868935385253,0.25043387951003615,0.22181356511758765
sxk3rk,489812,8637695,354,41.0256958007813,28.8006591796875,1383.6497175141244,17.63471495185908,0.08628106660397936,0.056386584318637314,0.6260927225384617,0.24822456338432405
sxk3rm,1353629,35147170,354,41.0311889648438,28.8006591796875,3823.8107344632767,25.965142590768963,0.23855368674840363,0.03836541451931871,0.38830278661190437,0.28347841670745383
sxk3rn,1065736,26999240,354,41.0366821289063,28.7896728515625,3010.553672316384,25.333891320176853,0.1878042555248473,0.03931761708860862,0.40086713123891704,0.25172311823906823
sxk3rp,498652,17419222,354,41.0421752929688,28.7896728515625,1408.6214689265537,34.93262234985521,0.08783937115468478,0.028544822880041495,0.258719752731778,0.13910348562781275
sxk3rq,579621,13250231,355,41.0366821289063,28.8006591796875,1632.7352112676056,22.860163796687836,0.10182467233751877,0.04355369625648128,0.4567623369955573,0.20830597173493032
sxk3rr,684985,21577749,355,41.0421752929688,28.8006591796875,1929.5352112676057,31.501053307736665,0.12034579178207504,0.031644514828724934,0.29962029126936895,0.1741281416282632
sxk3rs,4724627,169679540,355,41.0256958007813,28.8116455078125,13308.808450704226,35.913848860449725,0.8304430925228038,0.027767096037829942,0.2484576211367002,0.6558474511069727
sxk3rt,4102696,179149216,355,41.0311889648438,28.8116455078125,11556.890140845071,43.666217531106376,0.7211186711144261,0.022848673164165046,0.18355886744798508,0.5598507300144937
sxk3ru,608810,13467048,354,41.0256958007813,28.8226318359375,1719.8022598870057,22.120280547297185,0.10725789069050022,0.04500393223530372,0.4758982490546964,0.21784999819975906
sxk3rv,910719,19850228,354,41.0311889648438,28.8226318359375,2572.6525423728813,21.79621595684289,0.16047804550938313,0.04566999165385402,0.48468692527405843,0.2577407094387857
sxk3rw,3507003,188587759,355,41.0366821289063,28.8116455078125,9878.881690140845,53.77462152156699,0.616406423996947,0.018561615316400538,0.1269909963116778,0.4695817956913662
sxk3rx,3811930,158579724,355,41.0421752929688,28.8116455078125,10737.830985915492,41.600901380665434,0.6700071736730243,0.023980296993379828,0.19849068157761626,0.5285522260444019
sxk3ry,543947,9655164,354,41.0366821289063,28.8226318359375,1536.5734463276835,17.750192573908855,0.0958239191890968,0.05602180457490823,0.6212794416663218,0.2534605759322643
sxk3rz,617085,13425532,354,41.0421752929688,28.8226318359375,1743.177966101695,21.756373919314196,0.10871659772184494,0.04575324359345412,0.48578543739084773,0.22183724962254575
sxk3s1,440571,27512965,355,41.0531616210938,28.6578369140625,1241.0450704225352,62.44842488497881,0.07738215251323773,0.015987612827004265,0.09302694770416278,0.08207559107051524
sxk3s2,675604,24255559,354,41.0476684570313,28.6688232421875,1908.4858757062148,35.902035807958505,0.1190322565456833,0.027776207027129917,0.2485778409440709,0.15789593186519957
sxk3s3,3242138,175234510,354,41.0531616210938,28.6688232421875,9158.581920903955,54.049059602028045,0.5714577782357517,0.018467541400525946,0.12574968785738283,0.43774535112224106
sxk3s4,2473316,133884768,355,41.0586547851563,28.6578369140625,6967.087323943662,54.13168717624436,0.4347026124931599,0.018439404194639176,0.12537841648823894,0.34190535369168357
sxk3s5,1610265,91055384,354,41.0641479492188,28.6578369140625,4548.771186440678,56.54683173266512,0.2837931716663718,0.017653237955466358,0.11500492676907567,0.23315669819718296
sxk3s6,991108,31933326,354,41.0586547851563,28.6688232421875,2799.74011299435,32.21982468106402,0.17464892158705944,0.030940761896703407,0.2903342478838916,0.20935451947610909
sxk3s7,1142992,35323212,354,41.0641479492188,28.6688232421875,3228.7909604519773,30.904163808670578,0.20142285013675892,0.03225373231063698,0.30765893624094465,0.23329367596801465
sxk3s8,463975,14535217,354,41.0476684570313,28.6798095703125,1310.6638418079096,31.32758661565817,0.08172655136907254,0.031819178870762216,0.301924989123461,0.14778608269538906
sxk3s9,4334190,230144996,355,41.0531616210938,28.6798095703125,12208.985915492958,53.09988625325609,0.7618112039026469,0.018797032671076346,0.13009733615019797,0.5722970435769121
sxk3sb,2799637,127054294,355,41.0476684570313,28.6907958984375,7886.301408450704,45.382417077642565,0.4920640473121402,0.021986518401010006,0.17218270662311094,0.3960996451054314
sxk3sc,1633090,75649213,355,41.0531616210938,28.6907958984375,4600.2535211267605,46.3227458376452,0.2870058080208379,0.02154116440025567,0.1663062457449712,0.25079593933807787
sxk3sd,170438,9374689,355,41.0586547851563,28.6798095703125,480.1070422535211,55.00351447447166,0.029897569933643963,0.01814766280403548,0.121528879119061,0.05738696268926907
sxk3se,697476,20845825,354,41.0641479492188,28.6798095703125,1970.2711864406779,29.887515842839036,0.12288782635711192,0.03334721039384788,0.3220874159811247,0.18264770324431573
sxk3sf,3067666,146262057,354,41.0586547851563,28.6907958984375,8665.723163841807,47.67861201317223,0.5407020642571683,0.020929867107154703,0.1582401575954631,0.42596349225865665
sxk3sg,251828,7200998,354,41.0641479492188,28.6907958984375,711.3785310734463,28.59490604698445,0.044329533776481536,0.034849390981194384,0.3419087388804157,0.13360329530766177
sxk3sh,755209,27124091,354,41.0696411132813,28.6578369140625,2133.358757062147,35.916006032767086,0.13306493004782194,0.02776543293251916,0.24843567640671352,0.1676761539554894
sxk3sj,784139,28737952,354,41.0751342773438,28.6578369140625,2215.0819209039546,36.64905329284731,0.1381646755966803,0.027211585344285208,0.2411276390270197,0.1690535646257821
sxk3sk,401807,13030845,354,41.0696411132813,28.6688232421875,1135.0480225988701,32.43060723183021,0.07076765122107989,0.03074028077230389,0.28768889276786314,0.13584402368511486
sxk3sn,599176,33242786,354,41.0806274414063,28.6578369140625,1692.587570621469,55.48083701616887,0.10555962077630383,0.01799181253260171,0.11947242959491446,0.10973346342188701
sxk3sp,181802,9261200,354,41.0861206054688,28.6578369140625,513.5649717514125,50.94113376090472,0.03198543485479621,0.01959204128741271,0.14058750133064218,0.06456605479755001
sxk3ss,267515,7750851,354,41.0696411132813,28.6798095703125,755.6920903954802,28.973519241911667,0.04709481923880236,0.034395560842817564,0.33592043508394154,0.1337425039923441
sxk3su,736407,23442009,354,41.0696411132813,28.6907958984375,2080.2457627118642,31.83295242983839,0.1297505361380523,0.031315613618789366,0.29528042884602596,0.1794095039504444
sxk3sv,446634,12975632,354,41.0751342773438,28.6907958984375,1261.677966101695,29.05204709001106,0.0786697007792781,0.03430290836565812,0.33469788256085203,0.15547815531375028
sxk3t3,2389488,115146172,355,41.0531616210938,28.7127685546875,6730.9521126760565,48.18863790067161,0.4199671392689252,0.02070880528991048,0.15532323955164667,0.3405739693537416
sxk3t4,4036219,190155336,354,41.0586547851563,28.7017822265625,11401.74858757062,47.112244404974064,0.7114374203091359,0.021180946015238466,0.16155315215300872,0.5464721398622977
sxk3t5,608244,19587842,354,41.0641479492188,28.7017822265625,1718.2033898305085,32.20392145257495,0.1071581168923442,0.03095599404140731,0.2905352365407602,0.162171252786869
sxk3t6,3696337,173039969,354,41.0586547851563,28.7127685546875,10441.629943502825,46.813904955094735,0.6515234307952376,0.021315641939360717,0.16333046935956483,0.5050655423645357
sxk3t7,273969,8662962,354,41.0641479492188,28.7127685546875,773.9237288135594,31.620227105986444,0.04823252258385359,0.03152562548366098,0.29805154240012643,0.12317822852873545
sxk3t9,4206756,194616865,355,41.0531616210938,28.7237548828125,11850.016901408451,46.26293157958294,0.7394105705240965,0.021568955325516444,0.16667294792971776,0.5675892837457829
sxk3tc,126439,5324348,354,41.0531616210938,28.7347412109375,357.1723163841808,42.110013524308165,0.022226111909015148,0.023691060876446148,0.19467420137798425,0.07396053874970587
sxk3td,603791,22599656,354,41.0586547851563,28.7237548828125,1705.6242937853108,37.42960063995654,0.10637314741674564,0.026645633924900672,0.23365989119202168,0.14455917054932843
sxk3tf,3304510,174397912,355,41.0586547851563,28.7347412109375,9308.478873239437,52.77572529664005,0.5808117518158745,0.018912270127546493,0.13161789822777253,0.4460535957394439
sxk3tg,836691,34037704,354,41.0641479492188,28.7347412109375,2363.5338983050847,40.68133157880269,0.14742847884879248,0.024521023745084865,0.2056255890821545,0.16488761191880108
sxk3th,141767,6037059,354,41.0696411132813,28.7017822265625,400.4717514124294,42.58437436074686,0.024928113283812975,0.023427776908442024,0.19120016064814452,0.07480972749311243
sxk3tk,269150,7799051,354,41.0696411132813,28.7127685546875,760.3107344632768,28.976596693293704,0.04738303506916473,0.03439192043512583,0.33587239978315897,0.133929844483363
sxk3tm,151826,4633339,354,41.0751342773438,28.7127685546875,428.88700564971754,30.51742784503313,0.02670130168602405,0.03266113682251148,0.31303465234892397,0.11260130688489402
sxk3tq,7453,299783,354,41.0806274414063,28.7127685546875,21.05367231638418,40.22313162484905,0.0012514031680382165,0.024799661130083257,0.20930221866077467,0.06366664781585915
sxk3tr,1799,45993,348,41.0861206054688,28.7127685546875,5.169540229885057,25.565869927737634,0.0002601905411946891,0.03896224841844458,0.3961780297960236,0.11903554231764336
sxk3w0,131106,5188964,354,41.0476684570313,28.7457275390625,370.35593220338984,39.5783869540677,0.02304880504681404,0.025202637424692063,0.21461950429439502,0.08052001482108834
sxk3w1,171554,7589723,354,41.0531616210938,28.7457275390625,484.61581920903956,44.241014491064035,0.03017892976026802,0.022552483552254497,0.17965063565045858,0.07502044152732519
sxk3w2,344124,19893866,354,41.0476684570313,28.7567138671875,972.1016949152543,57.810167265288094,0.060599361470136316,0.017268124877259844,0.10992334687104549,0.07539655709040907
sxk3w3,460003,18963542,354,41.0531616210938,28.7567138671875,1299.4435028248588,41.22482244681013,0.08102637199402707,0.0241985310714188,0.20137028750840555,0.1171295466483406
sxk3w4,1225318,51574053,354,41.0586547851563,28.7457275390625,3461.3502824858756,42.090341446057266,0.21593517824098687,0.023702107300519394,0.19481995931167256,0.20960061256219256
sxk3w5,3790821,170223033,354,41.0641479492188,28.7457275390625,10708.533898305084,44.904001798027394,0.6681789564930715,0.022220246201390733,0.1752667527364154,0.5203052953660746
sxk3w6,2715068,136347523,354,41.0586547851563,28.7567138671875,7669.683615819209,50.21882435357052,0.4785465135818705,0.01987327829786711,0.14429843305376802,0.3782720894234397
sxk3w7,1944840,101256710,354,41.0641479492188,28.7567138671875,5493.8983050847455,52.064288064827956,0.34277164961346096,0.019170203161926313,0.13502133321015858,0.2804465546924702
sxk3w8,130180,4731115,354,41.0476684570313,28.7677001953125,367.7401129943503,36.34287140881856,0.022885570882339695,0.027440208779981504,0.24414433287824722,0.08926319948111194
sxk3wb,563287,19084683,354,41.0476684570313,28.7786865234375,1591.2062146892656,33.880922158686424,0.09923315109075326,0.02942827729424563,0.2703769631619011,0.1505762947120976
sxk3wc,370063,12802257,354,41.0531616210938,28.7786865234375,1045.3757062146892,34.594804127945785,0.06517185714216664,0.028822759636061047,0.262387137487679,0.12433644124582036
sxk3wd,259217,13622379,354,41.0586547851563,28.7677001953125,732.2514124293785,52.5520278376804,0.04563205779516507,0.018992620817623106,0.1326781282604364,0.07174587893474646
sxk3we,3495292,217144573,354,41.0641479492188,28.7677001953125,9873.706214689266,62.12487340113501,0.6160834603883855,0.016070743825438775,0.09412386399824266,0.45949558147134256
sxk3wf,454150,13615205,354,41.0586547851563,28.7786865234375,1282.9096045197741,29.979533193878673,0.07999461220496838,0.03324519677730586,0.32074134291199025,0.15221863141707492
sxk3wg,3473609,204443613,354,41.0641479492188,28.7786865234375,9812.454802259886,58.8562538270715,0.6122612072692739,0.01696172899542034,0.10588044300175661,0.4603469779890187
sxk3wk,229574,6378387,354,41.0696411132813,28.7567138671875,648.5141242937854,27.783577408591565,0.04040662546523736,0.03586340394370907,0.3552886737054115,0.1348712399372896
sxk3wm,83438,2874564,354,41.0751342773438,28.7567138671875,235.70056497175142,34.451496919868646,0.01464594743108708,0.028942306098030605,0.26396455703638455,0.0894415303126763
sxk3wq,39875,1512885,354,41.0806274414063,28.7567138671875,112.64124293785311,37.94068965517241,0.006966714270184301,0.02628764118276256,0.2289361650320022,0.07355754949872967
sxk3ws,314403,22731937,354,41.0696411132813,28.7677001953125,888.1440677966102,72.30190869679997,0.05536017939417297,0.01381179057292171,0.06431690056807556,0.05804719574634374
sxk3wt,354034,21988890,354,41.0751342773438,28.7677001953125,1000.0960451977401,62.109543151222766,0.062346284331843416,0.016074704126489706,0.09417612030255795,0.07189523512305777
sxk3ww,456342,16645241,354,41.0806274414063,28.7677001953125,1289.1016949152543,36.47536496750244,0.08038101532432881,0.027340807149525626,0.2428327250525448,0.1291165282427936
sxk3wx,25629,1420633,354,41.0861206054688,28.7677001953125,72.39830508474576,55.43068399079168,0.004455446551932092,0.018008061996243805,0.11968684180906723,0.03902486512907263
sxk3wy,89460,2966720,354,41.0806274414063,28.7786865234375,252.71186440677965,33.16253073999553,0.01570749833655632,0.030063857973307483,0.27876347139823043,0.09462429025505856
sxk3wz,338846,18114294,354,41.0861206054688,28.7786865234375,957.1920903954802,53.45878068503096,0.059668961988391604,0.01867107479314756,0.12843531775429654,0.08029886871816308
sxk3x0,850232,34349787,354,41.0476684570313,28.7896728515625,2401.785310734463,40.40048716115131,0.14981547001633796,0.024691061024056406,0.2078692366434409,0.16723160000446885
sxk3x1,1010529,28705555,354,41.0531616210938,28.7896728515625,2854.601694915254,28.406463347415066,0.17807243207113752,0.03507976376489646,0.3449485154368637,0.22813525708085536
sxk3x2,1540655,43012541,354,41.0476684570313,28.8006591796875,4352.132768361582,27.918347066669696,0.27152240472354316,0.035690899167623934,0.3530124674374998,0.29596942353773015
sxk3x3,466783,7554471,354,41.0531616210938,28.8006591796875,1318.59604519774,16.184117673522813,0.08222154222635544,0.06140952921422028,0.6923706477888228,0.26526627389509566
sxk3x4,1008436,28678529,354,41.0586547851563,28.7896728515625,2848.6892655367233,28.438620794973602,0.17770348055251464,0.03504023572772396,0.344426941669388,0.22772051888757663
sxk3x5,4097057,184180327,354,41.0641479492188,28.7896728515625,11573.607344632768,44.95429939100188,0.7221618696593415,0.02219544002496945,0.17493943441205098,0.5579951390851543
sxk3x6,523643,11901571,354,41.0586547851563,28.8006591796875,1479.2175141242938,22.72840656706955,0.09224475452874352,0.04380507229280386,0.46007925217011375,0.2025951038211546
sxk3x7,4591255,194711447,355,41.0641479492188,28.8006591796875,12933.112676056338,42.409199009856785,0.8069986642307937,0.023524319989377495,0.1924740498176848,0.6226412799068609
sxk3x8,4721712,166728649,354,41.0476684570313,28.8116455078125,13338.169491525423,35.31105857366989,0.8322753005553708,0.028239765775981522,0.2546945140798951,0.659001064612728
sxk3x9,3117732,151468522,354,41.0531616210938,28.8116455078125,8807.152542372882,48.58291925027552,0.5495276384240935,0.020541085362179475,0.15311016951718803,0.4306023977520218
sxk3xb,939125,26104797,354,41.0476684570313,28.8226318359375,2652.8954802259886,27.79693544522827,0.1654854209694893,0.035846231280972064,0.35506207984844246,0.22235841863317524
sxk3xc,623103,19903014,354,41.0531616210938,28.8226318359375,1760.177966101695,31.941772066576473,0.10977744351213288,0.03120926014710415,0.29387709124368283,0.16500733783159788
sxk3xd,5251609,226371280,355,41.0586547851563,28.8116455078125,14793.264788732395,43.10512835209171,0.9230771664677105,0.023145400514742055,0.18747419472513174,0.7023962749449368
sxk3xe,5664472,248836180,355,41.0641479492188,28.8116455078125,15956.259154929578,43.92928061079656,0.9956511474976432,0.022712158502875626,0.18175755194391197,0.7514830688315237
sxk3xf,662058,19786236,354,41.0586547851563,28.8226318359375,1870.2203389830509,29.88595561113981,0.11664438398416115,0.033348945518631365,0.3221103110104533,0.17828416209204878
sxk3xg,3397087,173574347,354,41.0641479492188,28.8226318359375,9596.290960451977,51.095054969154454,0.5987720012931336,0.0195331365617736,0.13981025151326212,0.46108347635917213
sxk3xh,700342,26090792,354,41.0696411132813,28.7896728515625,1978.3672316384182,37.25435858480571,0.1233930413845239,0.026770637694921117,0.23530932010228386,0.15696792499985188
sxk3xj,895974,30650245,354,41.0751342773438,28.7896728515625,2531.0,34.20885539089304,0.15787881467226192,0.029146993935141318,0.26666541986679543,0.19051479623062195
sxk3xk,405434,13508925,354,41.0696411132813,28.8006591796875,1145.2937853107344,33.31966485297237,0.07140701441173697,0.029922502347029346,0.2768982791998412,0.13305439384816825
sxk3xn,823787,25979576,354,41.0806274414063,28.7896728515625,2327.0819209039546,31.53676375082394,0.14515377727387133,0.0316087956364992,0.29914897533786783,0.19135233669307028
sxk3xp,444338,17663943,354,41.0861206054688,28.7896728515625,1255.1920903954801,39.75339268754867,0.07826496466520348,0.02509196664484799,0.21315919966705285,0.11873323516575829
sxk3xq,352274,17002255,354,41.0806274414063,28.8006591796875,995.1242937853108,48.26429143223741,0.06203603365206496,0.020676411674532384,0.15489580471745082,0.08989396497168071
sxk3xr,1016106,41465468,354,41.0861206054688,28.8006591796875,2870.35593220339,40.80821095436893,0.17905553891268552,0.024444970255860128,0.20462206075790415,0.18672549546625108
sxk3xs,3531990,191586452,354,41.0696411132813,28.8116455078125,9977.372881355932,54.24320340657816,0.6225525396193569,0.018401565187799576,0.12487912953228045,0.4732505165932339
sxk3xt,2889681,195161113,354,41.0751342773438,28.8116455078125,8162.940677966101,67.53725168971938,0.5093270828705952,0.014784752115408563,0.07715516053806382,0.3796755061708358
sxk3xu,1190698,67261468,354,41.0696411132813,28.8226318359375,3363.553672316384,56.489108069384514,0.20983240634670838,0.01767124512324685,0.11524253194789728,0.18145544402706504
sxk3xw,2910347,216064276,354,41.0806274414063,28.8116455078125,8221.319209039548,74.24003941798006,0.5129700604548575,0.013451701234343678,0.05956550974817751,0.37694869524285346
sxk3xx,2263135,186782776,354,41.0861206054688,28.8116455078125,6393.036723163842,82.53275920349427,0.39888030877259945,0.012101737974613261,0.04175269955831736,0.2917420260083148
sxk3yb,30734,2117081,354,41.0916137695313,28.7786865234375,86.81920903954803,68.88400468536474,0.005355349802084944,0.014496114056598898,0.07334657173530412,0.0257527163820507
sxk3yc,62216,2138429,354,41.0971069335938,28.7786865234375,175.75141242937852,34.37104603317474,0.01090495883662208,0.02900985363303468,0.26485584901129416,0.0870902258890237
sxk3yf,80450,2347278,354,41.1026000976563,28.7786865234375,227.25988700564972,29.176855189558733,0.014119226390645018,0.03415667405277323,0.3327683159301399,0.10971395325249347
sxk3yg,263354,10231945,354,41.1080932617188,28.7786865234375,743.9378531073446,38.85243816308087,0.04636132317143977,0.02567233393230312,0.22081716536154636,0.09869807582847175
sxk3yu,122422,5089564,354,41.1135864257813,28.7786865234375,345.82485875706215,41.573932789858034,0.021517999988179885,0.02399581544277397,0.19869544803441155,0.07467123440204938
sxk3z0,746676,30059940,354,41.0916137695313,28.7896728515625,2109.2542372881358,40.258344984973405,0.1315607430872824,0.024778022993071924,0.20901670272197642,0.1547975309776906
sxk3z1,720699,26025044,354,41.0971069335938,28.7896728515625,2035.8728813559321,36.11083684034528,0.12698154882102958,0.027616042247491587,0.24646446134041552,0.16282642257684538
sxk3z2,759503,30592353,354,41.0916137695313,28.8006591796875,2145.4887005649716,40.27943668425273,0.13382187119496322,0.02476508049925279,0.2088459260848184,0.15632908766191977
sxk3z3,170414,9251528,354,41.0971069335938,28.8006591796875,481.3954802259887,54.28854436842043,0.029977971933593337,0.018386224739278534,0.1246767118029363,0.058387593894396225
sxk3z4,410021,16716269,354,41.1026000976563,28.7896728515625,1158.2514124293784,40.769299621238915,0.07221560524590956,0.024468244116430147,0.20492916012355786,0.11202967170920405
sxk3z5,231519,10347565,354,41.1080932617188,28.7896728515625,654.0084745762712,44.69423675810624,0.04074948772215162,0.02232430045409879,0.17663975206775018,0.08151656702583118
sxk3z6,625386,28028762,354,41.1026000976563,28.8006591796875,1766.6271186440679,44.81833939359052,0.11017988800186823,0.022262621759848313,0.17582589964212078,0.12987369149394398
sxk3z7,549429,24996903,354,41.1080932617188,28.8006591796875,1552.0593220338983,45.49614781891746,0.09679027954508856,0.02193167729807886,0.17145907644275318,0.11919091861438794
sxk3z8,2022162,174775522,354,41.0916137695313,28.8116455078125,5712.322033898305,86.43002983935015,0.35640187862586425,0.011556681557334247,0.03456066197227585,0.25984951362978775
sxk3z9,2011886,180272681,354,41.0971069335938,28.8116455078125,5683.293785310734,89.6038249682139,0.3545904377250669,0.011147796655876658,0.029165412074424423,0.25696293002987414
sxk3zd,2094167,177793410,355,41.1026000976563,28.8116455078125,5899.061971830986,84.89934661371323,0.36805495374554154,0.011764796317136238,0.0373067431617754,0.2688304905704117
sxk3ze,1696232,155572114,355,41.1080932617188,28.8116455078125,4778.118309859155,91.7162947049696,0.29810504992479153,0.01089131295499637,0.02578110109585321,0.21640786527611
sxk3zh,217306,6441649,354,41.1135864257813,28.7896728515625,613.8587570621469,29.643217398507176,0.03824403720414525,0.033621110540993135,0.3257015375484387,0.1244812873074333
sxk3zr,1316623,122383585,355,41.1300659179688,28.8006591796875,3708.7971830985916,92.95264096100402,0.23137653134891598,0.010746605251312259,0.023871678124408522,0.16912507538156374
sxk3zs,2007474,180116719,355,41.1135864257813,28.8116455078125,5654.856338028169,89.72306440830616,0.35281586441705254,0.011132998039950279,0.028970143844219497,0.2556621482452026
sxk3zt,1652812,151217070,355,41.1190795898438,28.8116455078125,4655.808450704225,91.49078661093942,0.2904725852662494,0.010918128744191416,0.02613493632772318,0.21117129058469153
sxk3zu,299085,23838880,355,41.1135864257813,28.8226318359375,842.4929577464789,79.70603674540682,0.052511427163663985,0.012530380417087362,0.04740865086815815,0.05098059427501223
sxk3zv,226178,18672804,355,41.1190795898438,28.8226318359375,637.1211267605634,82.55800298879643,0.0396956717315974,0.01209804209926946,0.041703932360017716,0.0402981499201235
sxk3zw,1719437,160731912,355,41.1245727539063,28.8116455078125,4843.484507042253,93.47938424030657,0.30218407669589864,0.010686114341509841,0.02307349855414556,0.2184509032533727
sxk3zx,963745,89028267,354,41.1300659179688,28.8116455078125,2722.4435028248586,92.37740999953307,0.1698254049104811,0.010813451631106983,0.02475371833296983,0.1263038989372277
sxk3zz,635115,35820570,354,41.1300659179688,28.8226318359375,1794.1101694915253,56.400132259512056,0.11189490440162084,0.01769907361290549,0.11560972979612529,0.11300935201997217
sxk406,61889,5652596,354,41.1465454101563,28.1414794921875,174.8276836158192,91.33442130265475,0.010847315670549605,0.010936800230735049,0.026381307214758044,0.015507513133812136
sxk407,560813,51654725,355,41.1520385742188,28.1414794921875,1579.7549295774647,92.10686093225371,0.09851856005520968,0.010845179956128435,0.025172374638743802,0.0765147044302699
sxk408,699269,61480330,355,41.1355590820313,28.1524658203125,1969.7718309859156,87.92085735246378,0.12285666523169769,0.011360943645387126,0.03197789370258982,0.09559303377296532
sxk409,488180,42370580,354,41.1410522460938,28.1524658203125,1379.0395480225989,86.79294522512188,0.08599337961000296,0.01150841414581131,0.033923771869069905,0.07037249728772305
sxk40d,229456,20551008,355,41.1465454101563,28.1524658203125,646.3549295774648,89.56404713757757,0.040271885899047906,0.011152742173968937,0.029230668350425495,0.03695952063446118
sxk40j,832356,76084934,355,41.1630249023438,28.1304931640625,2344.6647887323943,91.40912542229526,0.1462509955866354,0.010927871896766705,0.026263497550573882,0.11025474617581693
sxk40k,578348,53356723,354,41.1575317382813,28.1414794921875,1633.7514124293784,92.2571237386487,0.10188808602719832,0.010827535110662286,0.02493955031493169,0.07880352531351832
sxk40m,140970,12757501,354,41.1630249023438,28.1414794921875,398.22033898305085,90.49798538696176,0.024787619083936025,0.011037773033570272,0.02771364671235384,0.02566542737246137
sxk40n,312347,28243473,354,41.1685180664063,28.1304931640625,882.3361581920904,90.42338488924177,0.05499775019097722,0.011046869283815798,0.027833672037410002,0.046848526744907054
sxk442,233061,21753952,354,41.1355590820313,28.2293701171875,658.3644067796611,93.34016416303028,0.041021309624548426,0.010702035992308876,0.023283585266912158,0.035699992317257546
sxk448,489538,46431983,354,41.1355590820313,28.2403564453125,1382.8757062146892,94.84857763850815,0.08623276621405929,0.010532016643864201,0.021040174299525188,0.06667498863969905
sxk449,25826,2393818,354,41.1410522460938,28.2403564453125,72.954802259887,92.6902346472547,0.0044901734746118395,0.010776996133284228,0.02427268682458399,0.010424927479603484
sxk44b,14717,1336887,354,41.1355590820313,28.2513427734375,41.57344632768361,90.8396412312292,0.002531892337305663,0.010996304652855771,0.027166470047193504,0.009922265650272015
sxk44c,524498,50732145,355,41.1410522460938,28.2513427734375,1477.4591549295774,96.72514480512795,0.09213502817877123,0.010327895734239471,0.01834679209618063,0.06999855735399405
sxk451,320706,31099370,355,41.1410522460938,28.2623291015625,903.3971830985915,96.9715876846707,0.056312014873989624,0.010301675535053782,0.018000815694327828,0.04481865512009108
sxk452,511,16145,259,41.1355590820313,28.2733154296875,1.972972972972973,31.59491193737769,6.0716134261312144e-05,0.031550805440815996,0.298383792773726,0.08955763912610072
sxk454,313149,30019044,355,41.1465454101563,28.2623291015625,882.1098591549296,95.86185489974422,0.05498362852151144,0.01042080732020808,0.01957276356863995,0.04436036903564999
sxk456,515510,47780251,355,41.1465454101563,28.2733154296875,1452.1408450704225,92.68540086516265,0.0905550974475189,0.01077755757560629,0.02428009507472959,0.07067259673568209
sxk458,60651,3939804,354,41.1355590820313,28.2843017578125,171.33050847457628,64.95859919869417,0.010629082521932716,0.01537075824436244,0.08488753093400676,0.032906617045554934
sxk459,210986,19120382,354,41.1410522460938,28.2843017578125,596.0056497175141,90.62393713326951,0.03712995521766806,0.011022449329233184,0.027511449923074853,0.0342444036292901
sxk45b,78095,4591759,354,41.1355590820313,28.2952880859375,220.60734463276836,58.797093283820985,0.013704089827646005,0.01697876659517083,0.10610525469811855,0.041424439288787765
sxk45c,645128,59497399,355,41.1410522460938,28.2952880859375,1817.2619718309859,92.22572729752855,0.11333963922805583,0.010831217140347064,0.024988134819299228,0.08683418790542885
sxk45d,354724,34036889,354,41.1465454101563,28.2843017578125,1002.0451977401129,95.9531607672444,0.06246791670062019,0.010410901546729896,0.019442056557557392,0.04956015865770135
sxk45f,38473,2648520,353,41.1465454101563,28.2952880859375,108.98866855524079,68.84100538039664,0.006738783790330901,0.01450515545113228,0.07346587323741087,0.02675691062445489
sxk4h1,467827,43759377,355,41.1410522460938,28.3062744140625,1317.8225352112677,93.5375192111614,0.08217327311971456,0.010679479854062625,0.02298595627123345,0.06441707806517023
sxk4h3,223597,19384842,355,41.1410522460938,28.3172607421875,629.8507042253522,86.69544761334006,0.03924197778218015,0.011521341585273473,0.034094349863486126,0.03769768940657194
sxk4h4,951,78772,324,41.1465454101563,28.3062744140625,2.935185185185185,82.83070452155626,0.00012076076806654495,0.012058260034919504,0.041179006695471795,0.01243823454628812
sxk4h6,502524,47352416,355,41.1465454101563,28.3172607421875,1415.5605633802818,94.22916318424592,0.08827238933936994,0.01060117535493002,0.021952725796250232,0.06837649027643403
sxk4hd,588047,56285183,355,41.1465454101563,28.3282470703125,1656.4704225352114,95.7154496154219,0.10330581345250901,0.010436730235194197,0.01978286696239723,0.07824892950547548
sxk4he,49158,4547168,355,41.1520385742188,28.3282470703125,138.4732394366197,92.50107815614956,0.008578700431387183,0.010799010334563701,0.024563164943929947,0.013374039785150012
sxk4hf,1802,156461,340,41.1465454101563,28.3392333984375,5.3,86.82630410654828,0.0002683315822492989,0.011503997671110794,0.03386549633824965,0.010347481009049404
sxk4hg,574093,56438032,355,41.1520385742188,28.3392333984375,1617.1633802816903,98.30816958228023,0.10085294814054915,0.010161757954088236,0.016154598551750648,0.0754434432639096
sxk4j5,114175,11066759,354,41.1520385742188,28.3502197265625,322.5282485875706,96.92804028903,0.020064228763104357,0.010306299055625266,0.01806182320231379,0.019463507094867185
sxk4jh,548679,53433089,355,41.1575317382813,28.3502197265625,1545.5746478873239,97.38497190524879,0.09638561841157195,0.010257991364781406,0.017424401612126238,0.07269725337173823
sxk4jk,190740,18651563,354,41.1575317382813,28.3612060546875,538.8135593220339,97.78527314669184,0.03356101472744385,0.010216041370200706,0.016870870035955124,0.028553971319997228
sxk4jm,536468,51530746,355,41.1630249023438,28.3612060546875,1511.1774647887323,96.05558206640471,0.0942391415358129,0.010399812247087263,0.019295732879302516,0.07175611893885979
sxk4jt,277632,28655063,354,41.1630249023438,28.3721923828125,784.271186440678,103.21239266366989,0.0488782318111425,0.009679380897270159,0.009789617215325477,0.03715164743239739
sxk4jw,206108,21221170,354,41.1685180664063,28.3721923828125,582.2259887005649,102.96140858190851,0.03627006725405482,0.009702952965224084,0.010100651437345414,0.028419242509041997
sxk4jy,331107,30580241,354,41.1685180664063,28.3831787109375,935.3305084745763,92.3575792719574,0.058304740391343035,0.010815770950032891,0.02478432182347165,0.04824861482098162
sxk4nn,413,28715,212,41.1685180664063,28.3941650390625,1.9481132075471699,69.52784503631962,5.9164817937811636e-05,0.01436207022461165,0.07157785890619558,0.021514773044415143
sxk4nq,43943,4521335,354,41.1685180664063,28.4051513671875,124.13276836158192,102.89090412579934,0.007683816409581324,0.00970959531317969,0.010188297439927626,0.008435160718685214
sxk4nw,74654,7624956,354,41.1685180664063,28.4161376953125,210.8870056497175,102.13727328743269,0.013097514492920057,0.009781168529295304,0.011132708411230548,0.012508072668413202
sxk4ny,99549,9657931,355,41.1685180664063,28.4271240234375,280.41971830985915,97.01685602065315,0.01743654305249719,0.010296873693968606,0.017937455241222467,0.017586816709114772
sxk4nz,429765,40921723,355,41.1740112304688,28.4271240234375,1210.605633802817,95.21883587542028,0.07548264967813395,0.010491105884958342,0.020500355472708568,0.058987961416506335
sxk4pb,239722,9425003,354,41.1355590820313,28.4710693359375,677.180790960452,39.3163873153069,0.042195502680232685,0.025370158660168774,0.21682995257793825,0.09458583764954435
sxk4pc,147311,7268569,354,41.1410522460938,28.4710693359375,416.1327683615819,49.34165812464786,0.02590540292511511,0.020225858879548295,0.14895074557623741,0.06281900572045179
sxk4pd,126649,5045640,354,41.1465454101563,28.4600830078125,357.76553672316385,39.839556569732096,0.022263130456034168,0.025037834314811665,0.21244492176865692,0.079317667849821
sxk4pe,104706,4719120,354,41.1520385742188,28.4600830078125,295.77966101694915,45.07019655034095,0.018395044850137196,0.0221384912258579,0.17418799311036914,0.06513292932820677
sxk4pf,478231,40994218,354,41.1465454101563,28.4710693359375,1350.9350282485875,85.72053672806656,0.08423958187527804,0.01165222262788485,0.035821329581403064,0.06971410618711554
sxk4pg,445698,41186045,354,41.1520385742188,28.4710693359375,1259.0338983050847,92.40796458588551,0.07850470382685047,0.010809880040886512,0.02470659108101343,0.062365270003099355
sxk4pk,78932,2742423,354,41.1575317382813,28.4490966796875,222.97175141242937,34.74412152232301,0.013851635179336099,0.02869924556311016,0.26075736517988296,0.08792335417950015
sxk4pm,139023,6605898,354,41.1630249023438,28.4490966796875,392.72033898305085,47.5165835868885,0.02444440426943111,0.02100108669441282,0.15917990242220925,0.06486505371526455
sxk4pp,558234,53485084,355,41.1740112304688,28.4381103515625,1572.4901408450705,95.81122611664642,0.09806521767026312,0.010426308165259074,0.01964534740236352,0.07453925658989324
sxk4pq,116462,4653135,354,41.1685180664063,28.4490966796875,328.98870056497174,39.95410520169669,0.02046737836802102,0.024966229927354363,0.21150009949046186,0.07777719470475328
sxk4pr,623402,58320911,355,41.1740112304688,28.4490966796875,1756.0619718309858,93.55265302324985,0.1095205943830193,0.010677754102190185,0.02296318491777846,0.08355337154344704
sxk4ps,382058,26325492,354,41.1575317382813,28.4600830078125,1079.2598870056497,68.90443859309319,0.06728632129213402,0.014491821401472751,0.07328993000789306,0.06908740390686173
sxk4pt,471838,28483212,354,41.1630249023438,28.4600830078125,1332.8757062146892,60.36650714864,0.08311263153674185,0.016538081115579896,0.10029039511227444,0.08826596060940162
sxk4pu,45262,3818114,354,41.1575317382813,28.4710693359375,127.85875706214689,84.35583933542486,0.007916328140619837,0.011840507511012939,0.03830575488750391,0.017033156164685058
sxk4pv,442408,21539417,354,41.1630249023438,28.4710693359375,1249.7401129943503,48.68677103488183,0.07792474659021915,0.02049735981266345,0.15253320943448787,0.10030728544349976
sxk4pw,173005,16085881,354,41.1685180664063,28.4600830078125,488.7146892655367,92.97928383572729,0.030434710292289915,0.010743529159129208,0.023831088985564748,0.02845362390027236
sxk4px,725077,70049099,355,41.1740112304688,28.4600830078125,2042.4704225352114,96.60918633469272,0.12739325316139957,0.010340279325060018,0.01851019398965093,0.09472833540987498
sxk4py,883109,77892923,354,41.1685180664063,28.4710693359375,2494.6581920903955,88.20306779797285,0.1556109879703586,0.011324634861926697,0.03149879809510306,0.11837733100778193
sxk4pz,82990,8139163,354,41.1740112304688,28.4710693359375,234.43502824858757,98.0740209663815,0.014566974530779837,0.010185994116940957,0.01647439552808634,0.015139200829971788
sxk4r2,66818,3787759,355,41.1795043945313,28.4490966796875,188.21971830985916,56.68770391211949,0.011683014707523849,0.017609445903069565,0.11442708917864802,0.0425062370488611
sxk4r3,55780,2827633,354,41.1849975585938,28.4490966796875,157.57062146892656,50.69259591251345,0.009770428509886771,0.019687908877948024,0.1418524773818466,0.04939504317147471
sxk4r6,61653,1979890,354,41.1904907226563,28.4490966796875,174.16101694915255,32.11344135727377,0.010805713874852041,0.031042942258455747,0.2916825211616319,0.095068756060886
sxk4r7,55373,2138429,354,41.1959838867188,28.4490966796875,156.42090395480227,38.618622794502734,0.009698683040188004,0.025827364917069825,0.22286280437082423,0.07364791943937887
sxk4r8,147067,13779338,354,41.1795043945313,28.4600830078125,415.44350282485874,93.69428899753174,0.025862390899054916,0.010661629942376509,0.022750426091816534,0.0249288014568834
sxk4r9,151055,13425559,354,41.1849975585938,28.4600830078125,426.7090395480226,88.87861374995862,0.026565390734825646,0.011238655648312628,0.030364299506832816,0.027705063366427793
sxk4rd,133851,12751303,354,41.1904907226563,28.4600830078125,378.1101694915254,95.26490650051176,0.023532690339991235,0.010486037649443234,0.020433479936224595,0.022602927218861243
sxk4re,132799,12710775,354,41.1959838867188,28.4600830078125,375.138418079096,95.71438790954751,0.023347245047305475,0.010436845883146889,0.019784392940986124,0.022278389415409668
sxk4rk,54858,1384220,354,41.2014770507813,28.4490966796875,154.96610169491527,25.232782821101754,0.00960789946059374,0.0394745420217718,0.40293776096038847,0.12760685791053217
sxk4rm,31932,1764165,354,41.2069702148438,28.4490966796875,90.20338983050847,55.24755730928222,0.005566531798888688,0.018067644691381748,0.1204730374565728,0.04003848349619392
sxk4rq,40609,2019070,354,41.2124633789063,28.4490966796875,114.71468926553672,49.71976655421212,0.007096102905955543,0.020072354191219163,0.1469252460993061,0.049044845863960705
sxk4rr,24910,1559409,354,41.2179565429688,28.4490966796875,70.36723163841808,62.60172621437174,0.00432870209809078,0.01594852423330559,0.09251117240796536,0.03078344319105315
sxk4rs,108044,10461884,354,41.2014770507813,28.4600830078125,305.2090395480226,96.8298470993299,0.018983463468944292,0.01031673968262056,0.018199587623374716,0.01874830071527342
sxk4rt,102794,9835950,354,41.2069702148438,28.4600830078125,290.3785310734463,95.68603225869214,0.018057999793468782,0.010439935514807324,0.019825160733685097,0.018588148075533675
sxk4ru,35937,3285986,354,41.2014770507813,28.4710693359375,101.51694915254237,91.43740434649526,0.006272528374180005,0.010924495916606004,0.026218951379873425,0.01225645527588803
sxk4rv,7035,617109,352,41.2069702148438,28.4710693359375,19.985795454545453,87.71982942430704,0.001184764775483658,0.011386949924127466,0.032321047417038895,0.010525649567950228
sxk4rw,123699,11725603,354,41.2124633789063,28.4600830078125,349.43220338983053,94.79141302678275,0.021743108009814598,0.010538361355392123,0.02112389297952753,0.021557343500728476
sxk4rx,243865,14948386,355,41.2179565429688,28.4600830078125,686.943661971831,61.297791811043,0.0428047321280883,0.016287230704934572,0.09698041558604205,0.05905743716547442
sxk4rz,131446,10623208,354,41.2179565429688,28.4710693359375,371.316384180791,80.81803934695617,0.02310873983722579,0.012358183763106913,0.04513651028168375,0.029717070970563177
sxk4x8,112953,3460329,355,41.2234497070313,28.4600830078125,318.1774647887324,30.63512257310563,0.019792728135019037,0.03253606676275425,0.3113843487433763,0.1072702143175262
sxk4xb,99592,8554944,354,41.2234497070313,28.4710693359375,281.3333333333333,85.89991163948912,0.017493555090826386,0.011627918923823914,0.035500641396574655,0.022895680982550865
sxk600,322764,30924369,354,41.1355590820313,28.4820556640625,911.7627118644068,95.81108487935458,0.05683404640191596,0.010426323518891358,0.019645549994053057,0.045677497479557086
sxk601,417551,38491363,354,41.1410522460938,28.4820556640625,1179.5225988700565,92.18362068346143,0.07354298457473445,0.010836159142802409,0.025053344706353817,0.05899609261422026
sxk602,163131,15740227,354,41.1355590820313,28.4930419921875,460.8220338983051,96.48826403320031,0.028694133467214646,0.010353224690489,0.0186810085177966,0.02569019598238923
sxk604,439,34289,236,41.1465454101563,28.4820556640625,1.8601694915254237,78.10706150341686,5.3676893177579504e-05,0.012786569150872779,0.050789069746084915,0.01527429474904978
sxk60m,633949,61100473,354,41.1630249023438,28.4930419921875,1790.816384180791,96.38073882914871,0.11168936332626761,0.01036476308261728,0.018833257986362335,0.08383253172429601
sxk60n,834194,73947286,354,41.1685180664063,28.4820556640625,2356.4802259887006,88.64519044730602,0.1469883106968568,0.011268216282591306,0.03075435306103333,0.11211812340610976
sxk60q,290807,27376213,354,41.1685180664063,28.4930419921875,821.4887005649717,94.13876901175006,0.051200704939597705,0.010611344041169682,0.022086901949980156,0.042466564042712436
sxk60t,799031,77683639,355,41.1630249023438,28.5040283203125,2250.7915492957745,97.22230927210583,0.14039305259386903,0.010275136373964119,0.017650630579525,0.10357032598956582
sxk60v,790518,76289726,355,41.1630249023438,28.5150146484375,2226.811267605634,96.50599480340739,0.13889661842440407,0.010351324491145647,0.018655935324150715,0.10282441349432805
sxk61j,381776,36557834,355,41.1630249023438,28.5260009765625,1075.4253521126761,95.7572869955157,0.067047035986315,0.010432175073417017,0.01972276145097967,0.052849753625714396
sxk61n,744490,72339076,354,41.1685180664063,28.5260009765625,2103.0790960451977,97.16594715845747,0.13117539764069394,0.010281090445465817,0.017729194751366077,0.09714153677389557
sxk61q,896216,85769901,354,41.1685180664063,28.5369873046875,2531.683615819209,95.70226485579369,0.15792147414073146,0.010438166587243523,0.019801819675544084,0.11648557780117524
sxk61w,588765,55629984,354,41.1685180664063,28.5479736328125,1663.177966101695,94.48588825762401,0.10372438223813706,0.010572401638564682,0.021573055650134558,0.0790789842617363
sxk61x,730630,70278541,354,41.1740112304688,28.5479736328125,2063.9265536723165,96.18896158110124,0.1287321735374386,0.01038540642228996,0.01910564754113265,0.09584421573854682
sxk61z,620274,59816591,354,41.1740112304688,28.5589599609375,1752.1864406779662,96.43575419895079,0.10927875080014808,0.01035885624241457,0.01875531703308505,0.08212172067002917
sxk63b,869380,84448871,354,41.1795043945313,28.5589599609375,2455.875706214689,97.1368918079551,0.15319085638929134,0.010284162537558492,0.017769731108884076,0.11256451880516914
sxk63c,40561,3952015,354,41.1849975585938,28.5589599609375,114.57909604519774,97.43386504277508,0.007087641523779768,0.01025284909565958,0.017356549199735,0.010168313826566338
sxk652,735448,41696559,355,41.1355590820313,28.6248779296875,2071.6845070422537,56.695455015174424,0.12921629072412966,0.01760704267150995,0.1143953784581487,0.12477001704433535
sxk653,495057,32288037,354,41.1410522460938,28.6248779296875,1398.4661016949153,65.22084729637193,0.08720564888547822,0.015309048204210028,0.08407326489815696,0.08626593368928183
sxk655,474485,15264590,354,41.1520385742188,28.6138916015625,1340.3531073446327,32.170858931262316,0.08357924150797684,0.03098770944182252,0.2909537223059242,0.14579158574736104
sxk656,542248,35266755,354,41.1465454101563,28.6248779296875,1531.774011299435,65.03805454330859,0.09552442151583339,0.01535200900627338,0.08464013411273948,0.0922591352949052
sxk657,177455,9138779,354,41.1520385742188,28.6248779296875,501.2853107344633,51.4991349919698,0.03121915093150249,0.019380169845010516,0.13779185058906882,0.06319096082877239
sxk660,22671,1903001,354,41.1795043945313,28.5699462890625,64.04237288135593,83.93987914075251,0.003934013875349891,0.011899112781030658,0.039079053377982544,0.014477525726139686
sxk661,859324,79842070,354,41.1849975585938,28.5699462890625,2427.468926553672,92.91264994344391,0.15141819682346622,0.010751225780665827,0.023932646163174424,0.11317253162537867
sxk664,630885,56185425,354,41.1904907226563,28.5699462890625,1782.1610169491526,89.05810884709575,0.11114924509738057,0.01121602973561248,0.030065749834910213,0.08682419651863946
sxk665,739231,65603816,354,41.1959838867188,28.5699462890625,2088.223163841808,88.74602931965786,0.13024834745606048,0.011255427030983166,0.030585598459955038,0.10034952275722885
sxk66h,559449,52022617,354,41.2014770507813,28.5699462890625,1580.364406779661,92.98902491558658,0.09855659307428183,0.010742404928043915,0.02381625471893747,0.07613449156767851
sxk66k,429519,40104995,354,41.2014770507813,28.5809326171875,1213.3305084745762,93.37187644784049,0.07565268919722794,0.010698405103250748,0.023235675564817156,0.0599275851075047
sxk66m,864131,83364991,355,41.2069702148438,28.5809326171875,2434.1718309859157,96.47263088582633,0.15183647611462198,0.010354900667273495,0.01870312308730776,0.1118964702064277
sxk66q,304594,29533560,355,41.2124633789063,28.5809326171875,858.0112676056337,96.96041287746968,0.053479811498162104,0.010302861592629046,0.01801646576355019,0.042840807777778524
sxk66u,34623,2709751,353,41.2014770507813,28.6029052734375,98.08215297450425,78.26447737053404,0.006058187840887723,0.012760883930504101,0.05045015240754687,0.019375777210885466
sxk66v,234793,18259609,354,41.2069702148438,28.6029052734375,663.2570621468926,77.7689667068439,0.04132662449805767,0.012842086421471804,0.05152162198134873,0.044385123743044985
sxk66w,827786,79529562,355,41.2124633789063,28.5919189453125,2331.7915492957745,96.07502663731931,0.14544767077112325,0.01039770962342489,0.019267988690022837,0.10759376614679313
sxk66x,464982,44058828,355,41.2179565429688,28.5919189453125,1309.8084507042254,94.75383563234706,0.08167317266016706,0.010542536243615857,0.021178980768737508,0.0635249150927382
sxk66y,297239,23050394,354,41.2124633789063,28.6029052734375,839.6581920903955,77.54834998099173,0.0523345301511517,0.012878573726869914,0.05200307319175113,0.05223509306333153
sxk66z,1117782,87227978,354,41.2179565429688,28.6029052734375,3157.576271186441,78.03666367860639,0.1969788617065232,0.012798089308154034,0.05094107860523661,0.1531675267761372
sxk675,281106,16850438,354,41.1959838867188,28.6138916015625,794.0847457627119,59.943359444480016,0.049490624346114294,0.016654631074143424,0.10182827569870075,0.06519191975189023
sxk676,295641,14973283,354,41.1904907226563,28.6248779296875,835.1440677966102,50.646841946820636,0.05205283663621649,0.019705659734411345,0.14208670052429842,0.07906299580264106
sxk677,45527,2794044,354,41.1959838867188,28.6248779296875,128.60734463276836,61.371142399015966,0.007963042021381934,0.01626779592786628,0.09672397305510318,0.03459132133149831
sxk67d,266546,12036405,354,41.1904907226563,28.6358642578125,752.9548022598871,45.156952270902586,0.04692400508612889,0.022096052646544163,0.17362801464236705,0.08493520795300033
sxk67f,235767,18008370,354,41.1904907226563,28.6468505859375,666.0084745762712,76.38206364758426,0.0414983200447078,0.013074961007953736,0.05459440990883143,0.04542714700394489
sxk67h,253184,18290398,354,41.2014770507813,28.6138916015625,715.2090395480226,72.24152395096057,0.044568567822947214,0.013823319518094308,0.06446902538374633,0.05053870509118695
sxk67j,12,920,12,41.2069702148438,28.6138916015625,1.0,76.66666666666667,0.0,0.013026487190620929,0.053954796274087266,0.01618643888222618
sxk680,176862,15553216,354,41.2234497070313,28.4820556640625,499.6101694915254,87.93984010132193,0.03111461760587259,0.011358494050524574,0.0319455712167635,0.03136390368913986
sxk682,39712,3555757,354,41.2234497070313,28.4930419921875,112.18079096045197,89.53860294117646,0.0069379808265457275,0.011155907914542466,0.029272440402768513,0.013638318699412563
sxk683,173581,14098077,354,41.2289428710938,28.4930419921875,490.34180790960454,81.21901014511957,0.03053624687839923,0.012297247571206643,0.044332455199303844,0.03467510937467061
sxk689,110411,9092775,354,41.2289428710938,28.5040283203125,311.8954802259887,82.35388684098504,0.019400715377487252,0.01212799103004728,0.042099109499461565,0.026210233614079544
sxk68c,188354,15924719,354,41.2289428710938,28.5150146484375,532.0734463276837,84.54675239177294,0.03314041352178965,0.011813802322523515,0.037953379035629585,0.034584303175941626
sxk68d,167503,14938596,354,41.2344360351563,28.5040283203125,473.1723163841808,89.18405043491758,0.029464824360391585,0.011200208717333415,0.029856990971597466,0.02958247434375335
sxk691,166663,13720038,354,41.2289428710938,28.5260009765625,470.7994350282486,82.32203908485987,0.0293167501723155,0.012132677268156672,0.04216094456744983,0.0331700084908558
sxk693,144247,12828986,354,41.2289428710938,28.5369873046875,407.47740112994353,88.93762781894944,0.025365284696228074,0.01123120667627642,0.030266010072632195,0.026835502309149308
sxk699,109466,10281384,354,41.2289428710938,28.5479736328125,309.225988700565,93.92308113934921,0.019234131915901658,0.010635686342994074,0.022408099433583354,0.020186322171206167
sxk69d,93286,8373887,354,41.2344360351563,28.5479736328125,263.51977401129943,89.76574191196964,0.016381941007483806,0.011127710946620531,0.028900380471579497,0.020137472846712513
sxk69f,79483,7280308,354,41.2344360351563,28.5589599609375,224.52824858757063,91.59578777851868,0.013948764795562197,0.010905626356745989,0.02596996690882954,0.0175551254295424
sxk69g,109340,9089670,354,41.2399291992188,28.5589599609375,308.87005649717514,83.13215657581854,0.019211920787690247,0.012014587163665182,0.04060274170418989,0.025629167062640137
sxk69u,89746,6905863,354,41.2454223632813,28.5589599609375,253.51977401129943,76.9489782274419,0.015757914072020318,0.012978757447608024,0.05332500072478509,0.02702804006784975
sxk6d8,46098,2969119,354,41.2234497070313,28.5919189453125,130.22033898305085,64.40884637077531,0.008063697213514605,0.01550174985694728,0.08661596962640747,0.03162937893738246
sxk6db,1094125,79620953,354,41.2234497070313,28.6029052734375,3090.7485875706216,72.77134970867131,0.1928086342454329,0.013722814302161955,0.06314285571091285,0.1539089006850769
sxk6dc,398795,26157429,354,41.2289428710938,28.6029052734375,1126.5395480225989,65.59116588723529,0.07023669948954994,0.015222747023802085,0.08293451794731435,0.07404604502687927
sxk6dd,36826,782120,354,41.2344360351563,28.5919189453125,104.02824858757062,21.23825558029653,0.006429240223227191,0.04686418701083452,0.5004443727972999,0.154633779995449
sxk6de,54495,2597123,354,41.2399291992188,28.5919189453125,153.9406779661017,47.65800532158914,0.009543910257889433,0.020938897955772605,0.15835931994386374,0.054188533163681725
sxk6df,116440,4186958,354,41.2344360351563,28.6029052734375,328.9265536723164,35.95807282720715,0.020463500234523792,0.027733040664487844,0.24800825935080334,0.08872692796940765
sxk6dh,75181,5261565,354,41.2454223632813,28.5699462890625,212.37570621468927,69.98530213750814,0.013190413418058267,0.014268326874556222,0.07034091227889819,0.030335563076310242
sxk6dj,113763,8241617,354,41.2509155273438,28.5699462890625,321.364406779661,72.44549633887995,0.019991601899428946,0.013784453211660793,0.06395618317541883,0.03318097628222591
sxk6dm,129064,10311072,354,41.2509155273438,28.5809326171875,364.5875706214689,79.89115477592512,0.0226888437467529,0.01250138221908717,0.04702601867939137,0.029989996226544437
sxk6ds,58067,2802693,354,41.2454223632813,28.5919189453125,164.0310734463277,48.266536931475706,0.010173578114803437,0.02067545173674044,0.15488313830630318,0.05358644617225336
sxk6dt,160813,13210505,354,41.2509155273438,28.5919189453125,454.274011299435,82.14824050294442,0.028285519219642792,0.012158314802663784,0.04249923268945574,0.03254963326058667
sxk6dw,110224,9632163,354,41.2564086914063,28.5919189453125,311.3672316384181,87.38716613441719,0.01936775124276079,0.011430247934463648,0.032892366106016424,0.02342513570173748
sxk6dx,22864,2009403,354,41.2619018554688,28.5919189453125,64.58757062146893,87.88501574527642,0.003968035682848324,0.011365571643415728,0.03203896029077164,0.012389313065225317
sxk6dz,83925,7299973,354,41.2619018554688,28.6029052734375,237.07627118644066,86.98210306821566,0.01473179520441214,0.011483415819857396,0.03359391812522041,0.020390432080654622
sxk6e0,472802,44365016,354,41.2234497070313,28.6138916015625,1335.5988700564972,93.83423927986769,0.08328256429543869,0.01064574544560477,0.022540829627677995,0.06506004389511048
sxk6e1,870573,85048601,354,41.2289428710938,28.6138916015625,2459.2457627118642,97.69267022983713,0.15340115699211843,0.010225715257081651,0.01699851729566119,0.11248036508318125
sxk6e4,660969,64069168,354,41.2344360351563,28.6138916015625,1867.1440677966102,96.93218290116481,0.11645241637604824,0.01030585904697807,0.018056017273553937,0.08693349664529994
sxk6e6,604930,59030312,354,41.2344360351563,28.6248779296875,1708.8418079096045,97.58205412196452,0.10657392896462499,0.010237294956465732,0.017151311814843494,0.07974714381969054
sxk6e7,985599,96532104,354,41.2399291992188,28.6248779296875,2784.177966101695,97.94257502290485,0.17367780170359384,0.010199650506592453,0.016654592044537793,0.12657083880587702
sxk6ee,553186,54348997,354,41.2399291992188,28.6358642578125,1562.6723163841807,98.24723872259963,0.09745255897913836,0.010168053653449508,0.01623767051458107,0.07308809243977117
sxk6es,756308,73920363,354,41.2454223632813,28.6358642578125,2136.463276836158,97.73843857264501,0.13325866044388812,0.010220931717522254,0.016935398331798253,0.09836168181026116
sxk6eu,961242,93773712,354,41.2454223632813,28.6468505859375,2715.3728813559323,97.5547385569919,0.16938417908577347,0.010240158488739326,0.01718909621859997,0.12372565422562141
sxk6fb,101034,8664989,354,41.2673950195313,28.6029052734375,285.40677966101697,85.76309955064632,0.017747749113690328,0.011646446555428045,0.03574511411288987,0.02314695861345019
sxk6fc,59649,4770908,354,41.2728881835938,28.6029052734375,168.5,79.98303408271723,0.010452451169013388,0.012487039376743728,0.046836764396798646,0.021367745137348966
sxk6g1,114221,9143916,354,41.2728881835938,28.6138916015625,322.65819209039546,80.05459591493684,0.020072337587689476,0.01247589097774554,0.04668966090057816,0.02805753458155608
sxk6g4,102530,8362051,354,41.2783813476563,28.6138916015625,289.6327683615819,81.55711499073442,0.018011462191502015,0.0122463302813658,0.04366059986340518,0.025706203493072965
sxk6g5,90797,7868872,354,41.2838745117188,28.6138916015625,256.48870056497174,86.66444926594491,0.01594318308591075,0.011525457816655565,0.03414866367371634,0.021404827262252426
sxk6g6,41136,3204351,354,41.2783813476563,28.6248779296875,116.20338983050847,77.89651400233372,0.0071890018310937515,0.012821085824041819,0.051244518398567744,0.02040565680133595
sxk6g7,139940,12054667,354,41.2838745117188,28.6248779296875,395.31073446327684,86.14168214949264,0.024606051924747498,0.011595321137945628,0.03507051252582629,0.027745390105071134
sxk6gd,157935,13038141,354,41.2783813476563,28.6358642578125,446.14406779661016,82.55384177034855,0.027778188846686883,0.012098651176777393,0.041711969158027974,0.031958322940089205
sxk6gf,178847,15080010,354,41.2783813476563,28.6468505859375,505.21751412429376,84.31793656030014,0.03146453101459999,0.011845823775681786,0.03837590317693525,0.03353794266330057
sxk6k1,203,13520,150,41.1849975585938,28.6578369140625,1.3533333333333333,66.60098522167488,2.2048951719709832e-05,0.014992282298028849,0.07989352821217399,0.023983492729855994
sxk6k4,257951,17933863,354,41.1904907226563,28.6578369140625,728.6751412429378,69.52430112695822,0.04540888884027897,0.014362801260676562,0.07158750495142857,0.053262473673623856
sxk6k6,251136,14305232,354,41.1904907226563,28.6688232421875,709.4237288135594,56.96209225280326,0.0442075488501141,0.017524769256088285,0.113309778000496,0.06493821759522866
sxk6k7,140893,6505478,354,41.1959838867188,28.6688232421875,398.00282485875704,46.173181066483075,0.024774045616695717,0.021610790028964037,0.16722495823554628,0.06750931940235089
sxk6k9,279660,10973688,354,41.1849975585938,28.6798095703125,790.0,39.23939068869341,0.049235725208069035,0.02541981414794539,0.21748515839355906,0.09971055516371605
sxk6kc,317347,16339850,354,41.1849975585938,28.6907958984375,896.4604519774011,51.48890646516274,0.05587914416762056,0.019384012349152734,0.1378425525592489,0.08046816668510906
sxk6kd,179361,8002460,354,41.1904907226563,28.6798095703125,506.6694915254237,44.61649968499284,0.03155513831539893,0.02236310997158856,0.17715184494407285,0.0752341503040011
sxk6m1,460712,15693413,354,41.1849975585938,28.7017822265625,1301.446327683616,34.06339101217247,0.0811513536599151,0.029271098985569042,0.2683029901420883,0.13729684460456706
sxk6m3,1115216,44718631,354,41.1849975585938,28.7127685546875,3150.3276836158193,40.0986275304515,0.19652653031770984,0.02487647119898494,0.21031573007906987,0.20066329024611784
sxk6m9,1216208,70330964,354,41.1849975585938,28.7237548828125,3435.6158192090397,57.82807217186534,0.21432927841554272,0.017262787496761935,0.10985291995754616,0.18298637087814373
sxk6mb,937474,69729355,354,41.1795043945313,28.7347412109375,2648.231638418079,74.38004147315019,0.16519438467840167,0.01342641572454678,0.05923186660395155,0.1334056292560666
sxk6mc,678519,18689452,354,41.1849975585938,28.7347412109375,1916.7203389830509,27.54447848918011,0.11954610923406636,0.036173588891951575,0.35938157443213103,0.19149674879348577
sxk6me,322441,8394528,354,41.1959838867188,28.7237548828125,910.8502824858757,26.034307051522603,0.0567771083510248,0.03826388042462902,0.38696304084958794,0.15583288810059373
sxk6mf,368371,10508099,354,41.1904907226563,28.7347412109375,1040.59604519774,28.525858441625427,0.06487359342047053,0.03493345018942315,0.3430179029336566,0.14831688627442635
sxk6mg,296191,10178890,354,41.1959838867188,28.7347412109375,836.6977401129943,34.365966555364615,0.052149789973647255,0.02901412900733957,0.26491226271769297,0.11597853179686096
sxk6mq,353983,16093123,355,41.2124633789063,28.7127685546875,997.1352112676057,45.4629826856092,0.0621615203194596,0.02194764128810742,0.171669721823064,0.09501398077054092
sxk6mr,435079,23695617,355,41.2179565429688,28.7127685546875,1225.5746478873239,54.46279181481984,0.0764167564767404,0.018327507936065496,0.12390194162822941,0.09066231202218711
sxk6ms,289542,11260969,354,41.2014770507813,28.7237548828125,817.9152542372881,38.89235067796727,0.05097771226350693,0.025646055767677853,0.2204704241037871,0.10182552581559097
sxk6mt,388571,18146973,354,41.2069702148438,28.7237548828125,1097.6581920903955,46.70182025936058,0.06843442508610963,0.021366690322263595,0.16400405447278477,0.09710531390211216
sxk6mu,193564,6306264,354,41.2014770507813,28.7347412109375,546.7909604519774,32.57973590130396,0.03405882604545201,0.030600002491455225,0.2858379161783105,0.10959255308530955
sxk6mw,180491,9848675,355,41.2124633789063,28.7237548828125,508.4253521126761,54.56601714212897,0.031664708745535355,0.018292900274773063,0.12344529238442689,0.059198883837202815
sxk6np,1097393,67085163,354,41.1740112304688,28.7457275390625,3099.9802259887006,61.13139322011349,0.19338471334856697,0.016331491860804445,0.09756444301242646,0.1646386322477248
sxk6nq,577738,40438538,354,41.1685180664063,28.7567138671875,1632.0282485875707,69.99459616642838,0.10178055596204784,0.014266434999149726,0.07031594891987647,0.09234117384939643
sxk6nr,1185577,60578356,354,41.1740112304688,28.7567138671875,3349.087570621469,51.09609582507083,0.20892968263583026,0.019532739438117425,0.13980501145338764,0.18819228128109747
sxk6nt,779295,47903497,354,41.1630249023438,28.7677001953125,2201.398305084746,61.47029943731193,0.13731078111210826,0.016241597152181375,0.09637827933705702,0.1250310305795929
sxk6nu,764575,50027565,354,41.1575317382813,28.7786865234375,2159.816384180791,65.43186083772031,0.13471595724487023,0.015259752847189065,0.08342281101985576,0.11932801337736589
sxk6nv,879090,47576357,354,41.1630249023438,28.7786865234375,2483.3050847457625,54.12000705274773,0.15490252349193268,0.018443376427951286,0.12543083023913806,0.1460610155160943
sxk6nw,749427,54222686,354,41.1685180664063,28.7677001953125,2117.0254237288136,72.35219174115691,0.13204568605323158,0.013802204957064728,0.06419041804747169,0.1116891056515036
sxk6p2,1722515,154886518,355,41.1355590820313,28.8006591796875,4852.154929577465,89.918821026232,0.3027251344162808,0.011108788013437705,0.028650691737762857,0.2205028016127254
sxk6p3,1921896,130175475,355,41.1410522460938,28.8006591796875,5413.7915492957745,67.73284038262216,0.33777277228096964,0.014742121874291827,0.07659265308618543,0.25941873652253433
sxk6p4,1276559,67602990,354,41.1465454101563,28.7896728515625,3606.098870056497,52.9571997847338,0.22496787999242318,0.018847583439330524,0.13076435522154894,0.1967068225611609
sxk6p5,1315031,59378595,354,41.1520385742188,28.7896728515625,3714.776836158192,45.15376063377973,0.2317496778063077,0.02209761102712751,0.17364857752608603,0.2143193477222412
sxk6p6,787951,38592269,354,41.1465454101563,28.8006591796875,2225.8502824858756,48.97800624658132,0.13883665036447318,0.020375725838896686,0.150928245098067,0.1424641287845513
sxk6p7,2902,182363,352,41.1520385742188,28.8006591796875,8.244318181818182,62.840454858718125,0.0004520649674522412,0.015888032621383035,0.09171298357320382,0.027830340549177716
sxk6p8,1529819,89936059,354,41.1355590820313,28.8116455078125,4321.522598870057,58.78869264926112,0.26961224769736175,0.01698118866309298,0.10613721396504916,0.22056973757766796
sxk6p9,1414310,121324423,354,41.1410522460938,28.8116455078125,3995.225988700565,85.78347250602768,0.24925046032774256,0.011643683829037254,0.0357086598461156,0.18518792018325445
sxk6pb,1444820,72646934,354,41.1355590820313,28.8226318359375,4081.412429378531,50.280958181642006,0.25462872637322026,0.01984876898122163,0.14397503180403604,0.221432618002465
sxk6pd,1650579,145574166,354,41.1465454101563,28.8116455078125,4662.652542372882,88.19581855821502,0.29089967502125175,0.01132556463407927,0.03151106646963416,0.21308309245576645
sxk6pe,1712750,156779220,354,41.1520385742188,28.8116455078125,4838.276836158192,91.53654648956356,0.3018591040056303,0.010912676637305286,0.02606299559570885,0.21912027148265387
sxk6ph,1063647,62596267,354,41.1575317382813,28.7896728515625,3004.6525423728813,58.85060269055429,0.18743600912140573,0.016963354984668052,0.10590189798405447,0.16297577578020034
sxk6ps,1718084,163713719,354,41.1575317382813,28.8116455078125,4853.344632768361,95.2885417709495,0.30279937509991345,0.010483439430295907,0.020399196348008845,0.21807932147434206
sxk6pt,1599418,153464106,354,41.1630249023438,28.8116455078125,4518.129943502825,95.94996805087851,0.2818810755734417,0.010411247606769545,0.019446622831310493,0.20315073975080233
sxk6pw,1662039,158948631,354,41.1685180664063,28.8116455078125,4695.025423728814,95.63471795788186,0.29291983001571825,0.010445531373894541,0.01989899828078227,0.21101358049523744
sxk6px,1811271,170072436,355,41.1740112304688,28.8116455078125,5102.171830985915,93.8967366009835,0.31832686249628,0.010638667215065177,0.022447432139877457,0.22956303338935924
sxk6q0,1068619,51113513,354,41.1795043945313,28.7457275390625,3018.6977401129943,47.83137207929112,0.18831246729177986,0.020863162405318512,0.15735998683228503,0.1790267231539314
sxk6q1,532398,10111279,354,41.1849975585938,28.7457275390625,1503.949152542373,18.99195526654871,0.09378807538184603,0.05237808207900604,0.5732004019323143,0.23761177334698647
sxk6q4,313042,9280769,354,41.1904907226563,28.7457275390625,884.2994350282486,29.647040972137923,0.055120263953730646,0.03361678900891801,0.32564451478872386,0.1362775392042286
sxk6q5,158625,5443255,354,41.1959838867188,28.7457275390625,448.09322033898303,34.31524034672971,0.027899821215463666,0.029056894269082867,0.2654765517712374,0.09917284038219579
sxk6q6,41,1612,38,41.1904907226563,28.7567138671875,1.0789473684210527,39.31707317073171,4.926528437869627e-06,0.02536971722046903,0.21682412776639232,0.06505068689982421
sxk6q7,357392,12157830,354,41.1959838867188,28.7567138671875,1009.5819209039548,34.01819290862694,0.06293822852655709,0.029309875897534577,0.26881465278743244,0.12470115580481969
sxk6qe,325968,7856325,354,41.1959838867188,28.7677001953125,920.8135593220339,24.101522235311442,0.057398843662149014,0.041319714945076524,0.42728487916037555,0.16836465431161696
sxk6qh,87080,2787482,354,41.2014770507813,28.7457275390625,245.98870056497177,32.01058796508957,0.01528795480367409,0.031142375875745212,0.29299455105466926,0.09859993367897263
sxk6qs,143172,5479562,354,41.2014770507813,28.7677001953125,404.4406779661017,38.27258123096695,0.025175784991249756,0.026060274496024594,0.22593605402515188,0.08540386570142039
sxk6qt,80825,3245884,354,41.2069702148438,28.7677001953125,228.319209039548,40.159406124342716,0.014185330938893268,0.024838915827805848,0.20982018570510186,0.07287578736875584
sxk6qv,114668,4526725,354,41.2069702148438,28.7786865234375,323.92090395480227,39.47679387448983,0.020151134209201393,0.02526733224452964,0.21547315459763666,0.07874774032573197
sxk6qy,133198,6237877,354,41.2124633789063,28.7786865234375,376.26553672316385,46.831611585759546,0.023417580286641617,0.02130759985031986,0.16322435372672653,0.06535961231866709
sxk6qz,112449,8385853,354,41.2179565429688,28.7786865234375,317.6525423728813,74.57472276320821,0.019759971562367074,0.013391412287809578,0.058769995089968954,0.03146297862064763
sxk6r8,1719379,164269602,354,41.1795043945313,28.8116455078125,4857.002824858757,95.54007696965009,0.30302765613986404,0.01045586778769882,0.020035387605315615,0.2181299755794995
sxk6r9,384,32418,223,41.1849975585938,28.8116455078125,1.7219730941704037,84.421875,4.505306574422477e-05,0.011831256701297742,0.03818369014509587,0.011486644189549719
sxk6rb,102725,10158709,354,41.1795043945313,28.8226318359375,290.183615819209,98.89227549282064,0.018045836556591106,0.010101798297105762,0.015363428880146983,0.017241114253657867
sxk6rc,1728433,164785014,355,41.1849975585938,28.8226318359375,4868.825352112676,95.33780829225084,0.30376541368503374,0.01047802771138444,0.020327788536665826,0.21873412614052337
sxk6rf,1730855,156399657,354,41.1904907226563,28.8226318359375,4889.420903954802,90.35976843814184,0.30505063159505585,0.011054638070224772,0.02793618143291478,0.2219162965464135
sxk6rg,1058484,73099426,354,41.1959838867188,28.8226318359375,2990.0677966101694,69.06049217560209,0.1865258817011238,0.014459122087519967,0.07285846147081902,0.15242565563203236
sxk6ru,1077637,86494803,354,41.2014770507813,28.8226318359375,3044.1723163841807,80.26339388866566,0.1899021494680538,0.012443476458764128,0.04626195024264008,0.1468100897004297
sxk6rv,1556722,130509280,354,41.2069702148438,28.8226318359375,4397.5197740113,83.83595786530928,0.2743546761280889,0.011913845096099152,0.039273446766158675,0.2038303073195098
sxk6ry,1101089,93314589,354,41.2124633789063,28.8226318359375,3110.4209039548023,84.74754447642289,0.19403623977610174,0.01178584490772006,0.037584480015820286,0.1471007118480173
sxk6sg,453798,36576032,355,41.2399291992188,28.6907958984375,1278.3042253521128,80.59980872546816,0.07970722414010407,0.012391603100347977,0.0455774795500362,0.0694683007630837
sxk6sh,1121043,109153652,355,41.2454223632813,28.6578369140625,3157.8676056338027,97.36794395933073,0.1969970417607614,0.01025978346703669,0.017448048461093504,0.143132343770861
sxk6sk,767827,71951054,355,41.2454223632813,28.6688232421875,2162.8929577464787,93.70737679190755,0.13490794372226264,0.010660142455729204,0.022730798655945655,0.10125480020236755
sxk6sr,138795,9496902,354,41.2619018554688,28.6688232421875,392.0762711864407,68.42394898951692,0.024404212704096175,0.014593437984039483,0.07463076420049539,0.03947217815301594
sxk6ss,683889,64336305,355,41.2454223632813,28.6798095703125,1926.4478873239436,94.07419186446923,0.12015313445214039,0.010618620454308223,0.02218291446377681,0.09076206845563131
sxk6st,414959,29023643,354,41.2509155273438,28.6798095703125,1172.2005649717514,69.94339922739356,0.07308606993724254,0.01427686278836259,0.07045354394597052,0.07229631213986093
sxk6su,1132075,99382452,354,41.2454223632813,28.6907958984375,3197.95197740113,87.78786917827883,0.19949841452815587,0.011378134540632901,0.03220472813811951,0.14931030861114497
sxk6sv,861100,71715248,354,41.2509155273438,28.6907958984375,2432.4858757062148,83.28329810707235,0.15173126796396996,0.011992809383911653,0.04031538317475578,0.1183065025272057
sxk6sw,618884,42651131,354,41.2564086914063,28.6798095703125,1748.2598870056497,68.9161959268619,0.10903372327464123,0.014489352630500293,0.07325735449265762,0.09830081264004614
sxk6sx,241260,19780590,354,41.2619018554688,28.6798095703125,681.5254237288135,81.98868440686397,0.04246661946744817,0.012181946966570992,0.04281105987958151,0.042569951591088166
sxk6sy,870846,74246302,354,41.2564086914063,28.6907958984375,2460.0169491525426,85.25767127597761,0.15344928110324316,0.011715408645191473,0.03665507118497889,0.11841101812776388
sxk6sz,425629,21115401,354,41.2619018554688,28.6907958984375,1202.3418079096045,49.60987385727946,0.07496696468339943,0.0201167277726568,0.14751075698480293,0.09673010237382047
sxk6t0,146601,10009214,354,41.2234497070313,28.7017822265625,414.1271186440678,68.27520958247216,0.02578024498043176,0.014625183690206165,0.07504964985105977,0.040561066441620164
sxk6t1,377058,28803663,355,41.2289428710938,28.7017822265625,1062.1352112676057,76.3905367344016,0.06621769539997226,0.013073512655196864,0.05457529884594868,0.06272497643376518
sxk6t2,352061,23413333,355,41.2234497070313,28.7127685546875,991.7211267605634,66.50362579212126,0.06182366686313261,0.015014197622230547,0.08018270164518435,0.06733137729774813
sxk6t4,423502,28728818,355,41.2344360351563,28.7017822265625,1192.9633802816902,67.83632190639005,0.07438172553818807,0.014719666474995619,0.07629635334430894,0.07495611388002434
sxk6t5,2435,170178,352,41.2399291992188,28.7017822265625,6.917613636363637,69.888295687885,0.00036927503027569354,0.01428810332029703,0.07060186313935451,0.02143905146299934
sxk6tg,922,83922,319,41.2399291992188,28.7347412109375,2.890282131661442,91.02169197396964,0.00011795869657820753,0.010974335290938912,0.02687658358473118,0.008145546163024098
sxk6th,1454067,129654289,354,41.2454223632813,28.7017822265625,4107.533898305085,89.16665394373162,0.25625877639362443,0.011202391439812906,0.029885792067437716,0.18834688109576841
sxk6tj,110533,8947927,354,41.2509155273438,28.7017822265625,312.2401129943503,80.95253906073299,0.019422221390517348,0.012337676420607825,0.0448659152141501,0.02705532953760717
sxk6tk,1703680,127686694,355,41.2454223632813,28.7127685546875,4799.098591549296,74.94758053155522,0.2994142760136175,0.013324879935063738,0.05789209847878033,0.22695762275316633
sxk6ts,1751350,159464373,355,41.2454223632813,28.7237548828125,4933.380281690141,91.05225854340937,0.3077938151723624,0.010970655208984985,0.02682802478073712,0.2235040780548748
sxk6tu,2087244,186528875,355,41.2454223632813,28.7347412109375,5879.560563380282,89.36610908930628,0.36683801333027005,0.011177416903218475,0.029556252224979224,0.2656534849986828
sxk6u1,203187,16796315,354,41.2728881835938,28.6578369140625,573.9745762711865,82.66431907553141,0.035755156892899785,0.012082501386707377,0.041498872139979694,0.037478271467023754
sxk6u2,303609,21818707,354,41.2673950195313,28.6688232421875,857.6525423728814,71.86449347680734,0.053457426077395315,0.01389574152039685,0.06542463611706541,0.05704758908929634
sxk6u3,295124,20442849,354,41.2728881835938,28.6688232421875,833.6836158192091,69.2686768951356,0.051961700499031566,0.014415728319450245,0.072285879255357,0.058058954125929194
sxk6u4,62446,5220237,354,41.2783813476563,28.6578369140625,176.40112994350284,83.59601896038177,0.010945502959547675,0.011947999587332328,0.039724116415930696,0.01957908699646258
sxk6w5,644023,58415774,354,41.2399291992188,28.7457275390625,1819.274011299435,90.70448415662173,0.11346519591040861,0.01101267199839136,0.02738243771685848,0.08764036845234356
sxk6w7,845347,78492456,355,41.2399291992188,28.7567138671875,2381.2591549295776,92.85235057319657,0.14853458260596109,0.01075820023736287,0.024024674351665002,0.11118161012967226
sxk6wb,111566,6295875,354,41.2234497070313,28.7786865234375,315.15819209039546,56.43184303461628,0.019604317386091863,0.017689145556207455,0.11547872875721436,0.04836664079742861
sxk6we,892927,86083111,355,41.2399291992188,28.7677001953125,2515.287323943662,96.40554155042909,0.15689830136352523,0.01036209925289574,0.018798108664433846,0.11546824355379781
sxk6wg,931706,89897629,355,41.2399291992188,28.7786865234375,2624.5239436619718,96.4871204006414,0.16371496066784594,0.010353347277069868,0.01868262605181545,0.12020526028303678
sxk6wh,1555734,139091185,355,41.2454223632813,28.7457275390625,4382.3492957746475,89.40550569698934,0.27340799742373556,0.01117249706834109,0.029491334839854378,0.2002329986485712
sxk6wk,1363401,123562047,355,41.2454223632813,28.7567138671875,3840.5661971830987,90.62781016003362,0.23959927275373594,0.011021978798299142,0.02750524125172314,0.17597106330313209
sxk6ws,1565193,145586703,355,41.2454223632813,28.7677001953125,4408.994366197183,93.01517640316561,0.2750707215878339,0.010739387913203838,0.023776445107602566,0.1996824386437645
sxk6wu,1584061,145872876,355,41.2454223632813,28.7786865234375,4462.143661971831,92.08791580627262,0.27838738080426345,0.01084740870052253,0.025201782995280596,0.20243170146156858
sxk6x0,141383,10199863,354,41.2234497070313,28.7896728515625,399.38700564971754,72.14348966990373,0.02486042222640677,0.013842077736958974,0.06471654070664695,0.036817257770478826
sxk6x1,146950,9311883,354,41.2289428710938,28.7896728515625,415.11299435028246,63.3676964954066,0.02584176628000146,0.015756046858772854,0.0899714270380959,0.045080664507429785
sxk6x3,90798,5183377,354,41.2289428710938,28.8006591796875,256.49152542372883,57.086907200599136,0.01594335936470608,0.017486520061177974,0.11280507859927794,0.04500187513507763
sxk6x4,238850,22526066,354,41.2344360351563,28.7896728515625,674.7175141242938,94.31051287418882,0.042041787570706084,0.010592040754323592,0.021832194436904213,0.03597890963056552
sxk6x5,2022577,186049761,355,41.2399291992188,28.7896728515625,5697.4,91.98649099638729,0.3554707035174201,0.010859356124659282,0.02535942965482614,0.2564373213586419
sxk6x6,547558,47011799,354,41.2344360351563,28.8006591796875,1546.774011299435,85.85720416832555,0.09646046191902863,0.011633696205867187,0.03557687282562159,0.07819538519100651
sxk6x7,1679833,153902544,355,41.2399291992188,28.8006591796875,4731.923943661972,91.61776438491208,0.2952223970474209,0.010903013246194037,0.025935486828033615,0.21443632398160473
sxk6x9,35,1376,31,41.2289428710938,28.8116455078125,1.1290322580645162,39.31428571428572,8.051960457593374e-06,0.025371511417180134,0.21684780225177394,0.06505997704785249
sxk6xb,35766,1152342,354,41.2234497070313,28.8226318359375,101.03389830508475,32.218922999496726,0.006242384700178803,0.030941625128274603,0.2903456382532345,0.09147336076609551
sxk6xc,1204125,90943269,355,41.2289428710938,28.8226318359375,3391.9014084507044,75.5264353783868,0.21160138143743112,0.013222889522646854,0.056546331588850085,0.1650848664828568
sxk6xd,1570119,139865758,355,41.2344360351563,28.8116455078125,4422.870422535211,89.07971816148967,0.27593662487912773,0.01121331195720047,0.030029888658213526,0.20216460401285347
sxk6xe,1086988,78612327,354,41.2399291992188,28.8116455078125,3070.587570621469,72.32124641670377,0.19155053248317216,0.013808102586996523,0.0642682374709174,0.1533658439794957
sxk6xf,1265148,112739682,355,41.2344360351563,28.8226318359375,3563.7971830985916,89.11185252634475,0.22232814078469543,0.011209272890109468,0.02997659303337519,0.16462267645929934
sxk6xg,749961,51668962,354,41.2399291992188,28.8226318359375,2118.5338983050847,68.89553190099218,0.1321398189299371,0.014493692163066282,0.07331461476944924,0.11449225768179074
sxk6xh,520948,47085195,355,41.2454223632813,28.7896728515625,1467.4591549295774,90.38367552999532,0.09151100124330774,0.011051717275438267,0.027897641448392574,0.07242699330483318
sxk6xj,10012,683228,205,41.2509155273438,28.7896728515625,48.8390243902439,68.24091090691171,0.0029852839785806857,0.014632523721583354,0.07514650180963499,0.024633649327896977
sxk6xk,18556,816600,266,41.2454223632813,28.8006591796875,69.7593984962406,44.00732916576848,0.0042907716727921645,0.022671969010902973,0.18122725025831,0.05737171524844751
sxk6xs,22764,776009,353,41.2454223632813,28.8116455078125,64.48725212464589,34.08930767879107,0.003961775538434046,0.02924891048964814,0.2680102121991416,0.08317630653664632
sxk8vx,193868,7844877,354,40.9542846679688,29.0753173828125,547.6497175141243,40.46504322528731,0.034112414799231924,0.024651767149520085,0.20735075265975128,0.08608391615738772
sxk8vz,471284,18364243,355,40.9542846679688,29.0863037109375,1327.5605633802818,38.966404545878916,0.08278095230729127,0.025597441372563916,0.21982895554053716,0.12389535327726503
sxk8wz,516182,22843708,354,40.9103393554688,29.1302490234375,1458.1412429378531,44.25514256599416,0.09092953843679633,0.02254530009710017,0.17955584972036076,0.11751743182186566
sxk8xg,723430,31631652,355,40.8883666992188,29.1741943359375,2037.8309859154929,43.72455109685802,0.12710373981979156,0.022818259970076325,0.18315756433868569,0.14391988717545978
sxk8xj,240433,12452611,354,40.8993530273438,29.1412353515625,679.1892655367232,51.79243697828501,0.04232083690371136,0.019270630909441804,0.1363464806846505,0.0705285300379931
sxk8xm,478260,26294138,354,40.8993530273438,29.1522216796875,1351.0169491525423,54.978752143185716,0.08424469396034256,0.018155821638811746,0.12163653521576773,0.0954622463369701
sxk8xn,550133,30837566,354,40.9048461914063,29.1412353515625,1554.0480225988701,56.05474676123774,0.09691437981699995,0.017807933570635846,0.11704614056534449,0.10295390804150331
sxk8xp,471475,21250765,354,40.9103393554688,29.1412353515625,1331.8502824858756,45.07294130123548,0.08304864233403755,0.022137146070066727,0.17417024373488704,0.1103851227542924
sxk8xq,428641,22303430,354,40.9048461914063,29.1522216796875,1210.8502824858756,52.032889994190946,0.07549791641492937,0.01918174879833878,0.1351736782672955,0.09340064497063921
sxk8xr,396786,11979853,355,40.9103393554688,29.1522216796875,1117.7070422535212,30.192227044300957,0.06968552733879584,0.03301176894447368,0.317661254880483,0.144078245601302
sxk8xs,576468,24089972,354,40.8938598632813,29.1632080078125,1628.4406779661017,41.78891456247354,0.10155668189198043,0.023872664413602553,0.19707046610138143,0.13021081715480073
sxk8xt,859484,39761411,354,40.8993530273438,29.1632080078125,2427.9209039548023,46.261956010815794,0.15144640143071883,0.021569409189006385,0.16667893667358924,0.15601616200357996
sxk8xu,820754,35409506,355,40.8938598632813,29.1741943359375,2311.983098591549,43.14265419358297,0.14421157009219954,0.023125315007800695,0.1872091657918369,0.15711084880209075
sxk8xv,677412,20231251,355,40.8993530273438,29.1741943359375,1908.2028169014084,29.86550430166575,0.11901459291383137,0.03337170601011413,0.3224106364538964,0.18003340597585088
sxk8xw,463660,13664716,355,40.9048461914063,29.1632080078125,1306.0845070422536,29.471414398481645,0.08144078854504516,0.03381644132826279,0.32827893379444106,0.15549223211986393
sxk8xx,652977,13530223,355,40.9103393554688,29.1632080078125,1839.3718309859155,20.720826307817887,0.11471935399325382,0.04802883349660892,0.5158119219804753,0.23504712438942027
sxk8xy,613189,14696780,355,40.9048461914063,29.1741943359375,1727.2929577464788,23.967781548592686,0.10772533041347321,0.041549321776126594,0.43031454894606064,0.20450209597324942
sxk8xz,769969,17500442,354,40.9103393554688,29.1741943359375,2175.053672316384,22.72876180729354,0.13566680506687306,0.043804390638501944,0.4600702577188887,0.23298784086247773
sxk8y9,412,17460,225,40.9213256835938,29.1192626953125,1.8311111111111111,42.37864077669903,5.1863571969631944e-05,0.023541242886202088,0.19269734800511787,0.057845508901914096
sxk8yb,637509,27785414,354,40.9158325195313,29.1302490234375,1800.8728813559321,43.58434782881496,0.11231691583763767,0.022891494315508184,0.18412389396666154,0.1338590092763448
sxk8yc,787993,26414364,354,40.9213256835938,29.1302490234375,2225.968926553672,33.52106427341359,0.13884405407387698,0.02974325832959328,0.27453314841776777,0.1795507823770442
sxk8yd,556673,25830783,354,40.9268188476563,29.1192626953125,1572.5225988700565,46.40207626380299,0.09806724313844944,0.021504416153959895,0.16582135141073012,0.11839347562013364
sxk8ye,782659,34960918,354,40.9323120117188,29.1192626953125,2210.901129943503,44.6694128605178,0.13790378297959388,0.022336678908780175,0.1768030861896931,0.14957357394262363
sxk8yf,503906,11893926,354,40.9268188476563,29.1302490234375,1423.4632768361582,23.60346175675622,0.0887655399453416,0.0421879306179811,0.4387410138913307,0.1937581821291383
sxk8yg,519242,12933695,354,40.9323120117188,29.1302490234375,1466.7853107344633,24.9087997504054,0.09146895155050205,0.03998592535348641,0.40968548106049674,0.18693391040350044
sxk8yj,89193,4779958,354,40.9432983398438,29.0972900390625,251.95762711864407,53.59117867994125,0.015660431898203566,0.018625033470788654,0.1278278009717782,0.04931064262027596
sxk8yk,304719,17782389,354,40.9378051757813,29.1082763671875,860.7881355932203,58.35667943252636,0.05365309554021014,0.017106684979502646,0.10779314204132763,0.06989510949054538
sxk8ym,722616,26861096,354,40.9432983398438,29.1082763671875,2041.2881355932204,37.17201944047738,0.12731947527167464,0.026829777806833856,0.236089675849387,0.15995053544498833
sxk8yn,510167,20064078,354,40.9487915039063,29.0972900390625,1441.1497175141244,39.32845127183844,0.08986922148289439,0.025362396131299345,0.21672752575087625,0.12792671276328893
sxk8yp,1048121,23683745,355,40.9542846679688,29.0972900390625,2952.4535211267607,22.59638438691716,0.18417864959516472,0.04405988121070193,0.4634414643314346,0.2679574940160457
sxk8yq,495411,10635658,354,40.9487915039063,29.1082763671875,1399.4661016949153,21.468352539608528,0.08726805157902456,0.04636422731701836,0.4938473879798714,0.2092418524992786
sxk8yr,552883,14929235,355,40.9542846679688,29.1082763671875,1557.4169014084507,27.002521329105797,0.097124606928949,0.03689693618748619,0.36892616609700335,0.17866507467936532
sxk8ys,946813,32979049,354,40.9378051757813,29.1192626953125,2674.6129943502824,34.83163940503563,0.1668406523479761,0.028627342347288837,0.25980859985146837,0.19473103659902374
sxk8yt,421668,9010073,354,40.9432983398438,29.1192626953125,1191.1525423728813,21.36769448950359,0.07426872437510257,0.04658162060620621,0.4967158996737569,0.20100287696469885
sxk8yu,2525309,103940596,354,40.9378051757813,29.1302490234375,7133.641242937853,41.15955552370027,0.4450960256590978,0.024236809808229298,0.20187537671598085,0.3721298309761627
sxk8yv,3891259,152702315,355,40.9432983398438,29.1302490234375,10961.292957746478,39.242393014702955,0.6839518026204561,0.025417874292147966,0.21745956193168042,0.5440041304138233
sxk8yw,3045322,120448250,355,40.9487915039063,29.1192626953125,8578.371830985916,39.55189303462819,0.535251105802097,0.02521947688920413,0.21484170158968457,0.43912828453837327
sxk8yx,3049147,132081937,355,40.9542846679688,29.1192626953125,8589.14647887324,43.317667859240636,0.5359234728522795,0.023032098436101715,0.18597917002250391,0.4309401820033468
sxk8yy,1867074,80447276,355,40.9487915039063,29.1302490234375,5259.36338028169,43.08735272410199,0.32813603857506,0.023154927008108096,0.18759989712249786,0.28597519613929134
sxk8yz,125325,3071777,354,40.9542846679688,29.1302490234375,354.02542372881356,24.51048872930381,0.02202973733101901,0.040633081731907904,0.4182247310355527,0.1408882354423791
sxk8z0,568699,13491177,354,40.9158325195313,29.1412353515625,1606.4943502824858,23.722878007522432,0.100187171931072,0.041976456399778185,0.4359506045363014,0.20091620171264082
sxk8z1,442844,10881801,354,40.9213256835938,29.1412353515625,1250.9717514124293,24.572537959191045,0.07800160414498244,0.04053089315959401,0.41687634941917917,0.17966402772724144
sxk8z2,628630,16017605,355,40.9158325195313,29.1522216796875,1770.7887323943662,25.48017911967294,0.11043958390938637,0.03909276769805456,0.3979002360390839,0.19667777954829563
sxk8z3,1879629,69672347,354,40.9213256835938,29.1522216796875,5309.686440677966,37.067073874684844,0.3312763330912832,0.026905534812120838,0.2370892920582005,0.3030202207813584
sxk8z4,501572,13031225,354,40.9268188476563,29.1412353515625,1416.870056497175,25.980766470217635,0.08835410523704448,0.038342431428996855,0.38799952396936305,0.17824773085674003
sxk8z5,3132516,135990819,354,40.9323120117188,29.1412353515625,8848.915254237289,43.412649448558284,0.5521337441342324,0.022981822818723654,0.18531578157613074,0.4420883553668019
sxk8z6,3212054,136432192,354,40.9268188476563,29.1522216796875,9073.598870056498,42.475061751763825,0.5661546069570841,0.023487928351826087,0.19199386094770707,0.45390638315427095
sxk8z7,646199,15176136,354,40.9323120117188,29.1522216796875,1825.4209039548023,23.485235972200513,0.1138487785690438,0.04239940618693329,0.44153144106954156,0.2121535773191931
sxk8z8,428220,9101316,355,40.9158325195313,29.1632080078125,1206.2535211267605,21.253832142356732,0.07521106612453081,0.04683000190942,0.49999329924516517,0.20264573606072112
sxk8z9,2765966,137420364,354,40.9213256835938,29.1632080078125,7813.463276836158,49.68259335074979,0.48751875170650905,0.020087342436228037,0.14712301649157256,0.38540003114202803
sxk8zb,2233596,106783781,354,40.9158325195313,29.1741943359375,6309.593220338983,47.808010490706465,0.39367320943738593,0.020873335998663253,0.15749422773542995,0.3228195149267991
sxk8zc,2082745,89075629,354,40.9213256835938,29.1741943359375,5883.460451977401,42.768379710430224,0.367081376883261,0.02332721709462445,0.18987327055439648,0.3139189449846016
sxk8zd,268092,6734526,354,40.9268188476563,29.1632080078125,757.3220338983051,25.12020500425227,0.047196532103707,0.03965074827232349,0.405262808307211,0.1546164149647582
sxk8ze,231368,5328890,354,40.9323120117188,29.1632080078125,653.5819209039548,23.03209605476989,0.04072286962405699,0.04322997784689717,0.45249086179553105,0.16425326727549922
sxk8zg,46866,993883,354,40.9323120117188,29.1741943359375,132.38983050847457,21.206909059872828,0.008199079328327022,0.046933133153663,0.5013541194490508,0.15614559136454415
sxk8zh,2813630,113510300,354,40.9378051757813,29.1412353515625,7948.107344632768,40.34300885333182,0.4959209042070547,0.024726152389564778,0.20833226838048866,0.40964431345908486
sxk8zj,860010,36425830,354,40.9432983398438,29.1412353515625,2429.406779661017,42.355123777630496,0.15153912407706172,0.02355428299391504,0.19286941266085714,0.16393821065220032
sxk8zk,449352,9367114,354,40.9378051757813,29.1522216796875,1269.3559322033898,20.845826879595506,0.07914882654498143,0.04774220687244176,0.5120298741248399,0.20901314081893896
sxk8zm,639890,18410701,354,40.9432983398438,29.1522216796875,1807.5988700564972,28.77166544249793,0.11273663564931523,0.03463603448826475,0.33909349284765417,0.1806436928088169
sxk8zn,155381,5391236,354,40.9487915039063,29.1412353515625,438.92937853107344,34.69688057098358,0.027327972803417463,0.028738208241398507,0.26127147901804587,0.09751102466780598
sxk8zp,541136,22684945,354,40.9542846679688,29.1412353515625,1528.6327683615818,41.92096811152834,0.09532839949542792,0.023797643056340072,0.19608055679276135,0.12555404668462794
sxk8zq,604036,29580861,354,40.9487915039063,29.1522216796875,1706.316384180791,48.972016568548895,0.10641633572160115,0.020378212878272406,0.1509610616654921,0.11977975350476844
sxk8zr,33617,721492,354,40.9542846679688,29.1522216796875,94.96327683615819,21.46211738108695,0.005863561569017494,0.04637763454887517,0.4940242968509205,0.15231178215358837
sxk8zs,105406,2434429,354,40.9378051757813,29.1632080078125,297.7570621468927,23.09573458816386,0.018518440006867268,0.04311137447271328,0.45092588632157876,0.1482406739012807
sxk8zt,217858,7147858,354,40.9432983398438,29.1632080078125,615.4180790960452,32.8097109126128,0.038341343099166675,0.03038616785955252,0.28301636108586886,0.11174384849517732
sxk8zu,2104,34361,349,40.9378051757813,29.1741943359375,6.02865329512894,16.331273764258555,0.0003138015105267673,0.06085955442938382,0.685113712178992,0.20575377471106632
sxk8zw,614194,22771741,354,40.9487915039063,29.1632080078125,1735.0112994350281,37.07581155139907,0.10820697572454976,0.02689921102643329,0.23700584949535908,0.14684663785579255
sxk8zx,532193,28938523,354,40.9542846679688,29.1632080078125,1503.370056497175,54.375993295665296,0.09375193822880364,0.018356709800086763,0.12428726119692998,0.10291253511924153
sxk8zy,155443,6043750,354,40.9487915039063,29.1741943359375,439.1045197740113,38.88081161583346,0.027338902088727843,0.02565364748828919,0.22057059711019258,0.08530841059516725
sxk8zz,163399,5362428,354,40.9542846679688,29.1741943359375,461.57909604519773,32.817997662164395,0.02874137618436273,0.030378518470744943,0.28291542714569257,0.10499359147276167
sxk900,167917,4068249,354,40.9597778320313,28.8336181640625,474.34180790960454,24.22773751317615,0.029537803781657653,0.041105343209922,0.4244562369726311,0.14801333373894968
sxk901,1381744,63216985,354,40.9652709960938,28.8336181640625,3903.231638418079,45.75159001956947,0.24350976507906913,0.02180949449240909,0.1698468702510863,0.22141089663067426
sxk902,27549,619277,354,40.9597778320313,28.8446044921875,77.82203389830508,22.479109949544448,0.004793901838963135,0.0442887253853058,0.46646107083990207,0.14329405253924482
sxk903,87349,3061963,354,40.9652709960938,28.8446044921875,246.74858757062148,35.05435666120963,0.015335373799617502,0.02844597640165123,0.25741547015607774,0.08795940270655557
sxk904,740783,41065956,354,40.9707641601563,28.8336181640625,2092.607344632768,55.43587798316106,0.13052193214641056,0.01800637779244632,0.11966461868384558,0.12726473810764105
sxk905,416554,27154395,354,40.9762573242188,28.8336181640625,1176.7062146892656,65.18817488248823,0.07336723461579177,0.015316709370416523,0.08417435424150438,0.07660937050350555
sxk906,1023113,54329496,354,40.9707641601563,28.8446044921875,2890.1497175141244,53.10214609725416,0.1802907244315535,0.01879623423784424,0.13008680079709833,0.16522954734121695
sxk907,878467,50795326,354,40.9762573242188,28.8446044921875,2481.545197740113,57.82269111987132,0.15479270180244295,0.017264391219850173,0.10987408113712788,0.14131711560284843
sxk90e,1186576,56242458,354,40.9762573242188,28.8555908203125,3351.909604519774,47.398951268186785,0.2091057851523636,0.021053096401093947,0.1598661722347123,0.1943339012770682
sxk90g,1416100,58881818,355,40.9762573242188,28.8665771484375,3989.0140845070423,41.58026834263117,0.2488628207740149,0.023992167991327102,0.1986473197910453,0.233798170479124
sxk90h,559937,35728041,354,40.9817504882813,28.8336181640625,1581.7429378531074,63.80725153008285,0.09864261712640221,0.01564767653212677,0.08854147696734704,0.09561227507868565
sxk90j,479817,24869941,354,40.9872436523438,28.8336181640625,1355.415254237288,51.83213808597861,0.0845191600446693,0.019255898887590658,0.13615209116548704,0.10000903938091463
sxk90k,431474,26108927,354,40.9817504882813,28.8446044921875,1218.8531073446327,60.511008774572744,0.07599731424209549,0.01649865297110045,0.0997701394322117,0.08312916179913035
sxk90m,229036,6529567,354,40.9872436523438,28.8446044921875,646.9943502824859,28.50891126285824,0.040311787473350534,0.034954143861400916,0.34329095662486947,0.1312055382188062
sxk90n,3195910,115530266,355,40.9927368164063,28.8336181640625,9002.56338028169,36.14941159169063,0.561721801057752,0.02758665468184393,0.2460766914325676,0.46702826817019666
sxk90p,570192,8403038,354,40.9982299804688,28.8336181640625,1610.7118644067796,14.737207817717541,0.1004503561724977,0.06739812586609935,0.7713903801368396,0.30173236336180026
sxk90q,3066700,118993822,355,40.9927368164063,28.8446044921875,8638.591549295774,38.80191150096194,0.5390089784292345,0.025705677726794288,0.22125713784079704,0.4436834262527032
sxk90r,728500,12171132,354,40.9982299804688,28.8446044921875,2057.909604519774,16.707113246396705,0.12835669970338853,0.05949861736157403,0.667156102225902,0.28999652046014257
sxk90s,550818,19353422,355,40.9817504882813,28.8555908203125,1551.6,35.13578350743803,0.09676161661296812,0.028380240212025,0.2565480789437787,0.1446975553122113
sxk90t,666098,23181432,355,40.9872436523438,28.8555908203125,1876.3323943661971,34.80183396437161,0.11702579270317394,0.0286517895025464,0.26013118087961573,0.15995740915610646
sxk90u,495452,12749565,355,40.9817504882813,28.8665771484375,1395.6394366197183,25.733199179738904,0.08702925737103252,0.03870987844139353,0.3928479995404391,0.1787748800218545
sxk90v,273634,6712258,355,40.9872436523438,28.8665771484375,770.8,24.53005839917554,0.04803759349197914,0.040600796952778385,0.417798732299283,0.1589659351341703
sxk90w,3108916,125838083,355,40.9927368164063,28.8555908203125,8757.50985915493,40.476514322033786,0.5464298012764252,0.02464479802438283,0.20725879482136975,0.44467849933990855
sxk90x,686850,14014334,354,40.9982299804688,28.8555908203125,1940.2542372881355,20.40377666157094,0.12101468787794949,0.048771502758037884,0.5256114676290877,0.24239372180329094
sxk90y,2039586,79238746,355,40.9927368164063,28.8665771484375,5745.312676056338,38.85040689630151,0.35846058355834926,0.02567367274653436,0.22083483105993384,0.3171728578088246
sxk90z,2915572,112462936,355,40.9982299804688,28.8665771484375,8212.878873239437,38.573197986535746,0.5124433607664949,0.02585770125212181,0.22326309332257313,0.42568928053331834
sxk915,1393981,56550936,355,40.9762573242188,28.8775634765625,3926.707042253521,40.567938874346204,0.244974693510489,0.024589394684833937,0.20652774591010833,0.2334406092303748
sxk917,936354,39293425,354,40.9762573242188,28.8885498046875,2645.0677966101694,41.96428380719258,0.16499695242763354,0.023773137433734454,0.1957572042860084,0.174225027985146
sxk91h,215495,3793794,355,40.9817504882813,28.8775634765625,607.0281690140845,17.60502099816701,0.03781779011144066,0.05648115300758634,0.6273405595399586,0.21467462093999604
sxk91j,222706,4815567,354,40.9872436523438,28.8775634765625,629.1129943502825,21.62297827629251,0.039195942698920065,0.04603420338045246,0.4894927111412344,0.17428497323161435
sxk91k,1500954,60550030,354,40.9817504882813,28.8885498046875,4239.983050847458,40.34102977173185,0.2645239602701997,0.02472736242485588,0.20834823483647036,0.2476712426400809
sxk91m,704264,21798241,354,40.9872436523438,28.8885498046875,1989.446327683616,30.951803585019253,0.12408440681980293,0.03220424853139428,0.3070059961251498,0.178960883611407
sxk91n,268831,5218436,354,40.9927368164063,28.8775634765625,759.409604519774,19.411585717420984,0.04732680213345489,0.051251600689079135,0.558336442460421,0.20062969423154473
sxk91p,2737962,121220527,355,40.9982299804688,28.8775634765625,7712.569014084507,44.273999054771394,0.481222677947433,0.022535719594839472,0.17942943467383024,0.3906847049653522
sxk91q,730399,23318270,354,40.9927368164063,28.8885498046875,2063.274011299435,31.9253859876588,0.12869145313571767,0.03122522864784071,0.29408779614293595,0.17831035603788314
sxk91r,1134623,36691066,354,40.9982299804688,28.8885498046875,3205.1497175141244,32.33767163189888,0.1999475728986533,0.03082835325999817,0.288851012177365,0.2266186046822668
sxk91s,1132005,59906208,354,40.9817504882813,28.8995361328125,3197.7542372881358,52.92044469768243,0.19948607501248286,0.01886064905154805,0.1309367564100758,0.17892127943176073
sxk91t,237347,4254402,354,40.9872436523438,28.8995361328125,670.4717514124294,17.924818935988238,0.0417768405413271,0.055479059376480414,0.6141179006900265,0.2134791585859369
sxk91u,691153,43759431,354,40.9817504882813,28.9105224609375,1952.4096045197741,63.313667161974266,0.12177321553424876,0.01576947123158406,0.09014856208460946,0.11228581949935697
sxk91v,1294560,65052987,354,40.9872436523438,28.9105224609375,3656.9491525423728,50.25104050797182,0.2281410745871345,0.019860562759208028,0.1441306510975085,0.2029379475402467
sxk91w,615491,12302514,354,40.9927368164063,28.8995361328125,1738.6751412429378,19.98812980206047,0.10843560932209105,0.04978064209329374,0.5389270947800251,0.23758305495947124
sxk91x,527383,10748128,354,40.9982299804688,28.8995361328125,1489.7824858757062,20.380118433851678,0.09290403722327274,0.04882784263332655,0.5263548741606386,0.2229392883044825
sxk91y,425653,10136050,354,40.9927368164063,28.9105224609375,1202.4096045197741,23.812941527488352,0.07497119537448732,0.04181836010640858,0.4338645186778792,0.18263919236550488
sxk91z,325266,5875563,354,40.9982299804688,28.9105224609375,918.8305084745763,18.06387080112892,0.057275095947828286,0.05505434447033437,0.608513773352891,0.2226466991693471
sxk920,600045,9165997,354,41.0037231445313,28.8336181640625,1695.042372881356,15.275516002966445,0.10571280704944444,0.06503846763952943,0.7402546112187834,0.2960753483002461
sxk921,590172,9301281,354,41.0092163085938,28.8336181640625,1667.1525423728813,15.76028852605681,0.1039724065031645,0.06305055537653705,0.7140240426758663,0.286987897354975
sxk922,835756,17633167,354,41.0037231445313,28.8446044921875,2360.892655367232,21.098462948516072,0.14726365817516018,0.04717323149459766,0.5045222250572166,0.2544412282397771
sxk923,895710,19480301,354,41.0092163085938,28.8446044921875,2530.2542372881358,21.74844648379498,0.15783227707029518,0.04576984458559565,0.4860044880352628,0.25628394035978547
sxk924,1033410,27185600,354,41.0147094726563,28.8336181640625,2919.237288135593,26.30669337436255,0.1821058671870528,0.037869186642310516,0.3817550432415927,0.24200062000341477
sxk925,707678,13958726,354,41.0202026367188,28.8336181640625,1999.0903954802259,19.724685520815964,0.12468622262705499,0.05044216206859865,0.5476558728945201,0.2515771177072945
sxk926,1561618,39030078,355,41.0147094726563,28.8446044921875,4398.923943661972,24.993358170820265,0.27444230009648685,0.03985118265927622,0.407907546721072,0.3144818740838624
sxk927,1026168,28135535,355,41.0202026367188,28.8446044921875,2890.614084507042,27.418059226169593,0.1803197021827056,0.03633977206681069,0.3615743669612439,0.23469610161626708
sxk928,439251,6991225,354,41.0037231445313,28.8555908203125,1240.822033898305,15.91624151111779,0.07736823443336655,0.062436620932935026,0.705923157237633,0.26593471127464646
sxk929,501250,8190665,354,41.0092163085938,28.8555908203125,1415.9604519774011,16.340478802992518,0.08829734346494865,0.060825479110619245,0.684664087212581,0.2672073665892383
sxk92b,800070,23638433,354,41.0037231445313,28.8665771484375,2260.084745762712,29.54545602259802,0.14097297308506132,0.033731982373208354,0.3271644950685168,0.19683042968009795
sxk92c,616526,13416380,354,41.0092163085938,28.8665771484375,1741.5988700564972,21.761255810784945,0.10861805787525622,0.04574302632269935,0.4856506201628224,0.22172782656152606
sxk92d,826765,13659730,355,41.0147094726563,28.8555908203125,2328.9154929577467,16.521901628636915,0.1452681971088393,0.06016158814687952,0.6759040238266925,0.30445894512419525
sxk92e,423621,7128262,354,41.0202026367188,28.8555908203125,1196.6694915254238,16.826979776734394,0.07461299686237946,0.05907728450024314,0.6615966010827846,0.250708078128501
sxk92f,648234,10311924,355,41.0147094726563,28.8665771484375,1826.0112676056337,15.907718509056915,0.11388561885102753,0.06246986411175433,0.706361802089741,0.29162847382264157
sxk92g,679973,13239419,355,41.0202026367188,28.8665771484375,1915.4169014084507,19.470506917186416,0.1194647712185418,0.05109729677578359,0.5563003971834295,0.2505154590080081
sxk92h,804493,14809456,354,41.0256958007813,28.8336181640625,2272.5790960451977,18.408433634599678,0.14175265419680003,0.05402942354509132,0.5949899075962659,0.27772383021663977
sxk92j,1011959,20412463,354,41.0311889648438,28.8336181640625,2858.641242937853,20.17123519826396,0.1783245107484575,0.04933098502481193,0.5329938547798528,0.2847253139578761
sxk92k,957558,23266121,355,41.0256958007813,28.8446044921875,2697.3464788732394,24.297349090081227,0.16825928301590284,0.040988059657946656,0.4229086765966943,0.24465410109014027
sxk92m,1291620,27393681,355,41.0311889648438,28.8446044921875,3638.3661971830984,21.208777349375204,0.22698144811866425,0.04692901819772034,0.5012998224682865,0.3092769604235509
sxk92n,804647,16647517,354,41.0366821289063,28.8336181640625,2273.0141242937852,20.689217756357756,0.14177980113128064,0.048101857978479254,0.5167754824517646,0.2542785055274258
sxk92p,981367,22270075,354,41.0421752929688,28.8336181640625,2772.223163841808,22.692912029852238,0.1729317898417629,0.043873288270067645,0.46097936426291114,0.25934606216810735
sxk92q,1014352,23550877,355,41.0366821289063,28.8446044921875,2857.3295774647886,23.217657184093884,0.17824265928990657,0.04288595514141742,0.4479514707346685,0.25915530272333515
sxk92r,1214815,27487149,354,41.0421752929688,28.8446044921875,3431.6807909604518,22.62661310569922,0.21408372205364987,0.044001277064430994,0.46266818066883214,0.2886590596382045
sxk92s,495550,8899441,354,41.0256958007813,28.8555908203125,1399.8587570621469,17.958714559580265,0.08729255433157525,0.055374926975048366,0.6127438701836749,0.24492794908720514
sxk92t,1004143,17091600,354,41.0311889648438,28.8555908203125,2836.562146892655,17.021081658688054,0.17694671568416864,0.05840752470756146,0.652759098303471,0.3196904304699593
sxk92u,648254,15029919,354,41.0256958007813,28.8665771484375,1831.225988700565,23.18523140620806,0.11421103149344422,0.042945675847283635,0.4487394874383318,0.21456956827691048
sxk92v,709583,13260309,354,41.0311889648438,28.8665771484375,2004.4717514124293,18.687467146197132,0.12502203373215612,0.05322697265247993,0.5844015413324128,0.2628358860122331
sxk92w,806638,14572812,354,41.0366821289063,28.8555908203125,2278.638418079096,18.066111440323912,0.14213077221278,0.055047553973508453,0.6084241725210291,0.28201879230525473
sxk92x,858475,15624346,354,41.0421752929688,28.8555908203125,2425.0706214689267,18.20011765048487,0.1512685361262322,0.05464445743459493,0.6031053002598018,0.2868195653663031
sxk92y,661138,12031817,354,41.0366821289063,28.8665771484375,1867.6214689265537,18.19864687856393,0.11648220749245877,0.05464884953714563,0.6031632541992932,0.2624865215045091
sxk92z,684052,11420680,354,41.0421752929688,28.8665771484375,1932.3502824858756,16.695631326273443,0.12052145980861988,0.05953929212745327,0.6676928071168697,0.2846728640010948
sxk930,792016,22693068,354,41.0037231445313,28.8775634765625,2237.3333333333335,28.652284802327227,0.13955322366748424,0.03477984469321406,0.3409910732933905,0.19998457855525612
sxk931,1152336,29249394,354,41.0092163085938,28.8775634765625,3255.186440677966,25.38269567209564,0.20306999920031,0.03924231615319378,0.3998735328872617,0.26211105930639544
sxk932,3177680,132937673,354,41.0037231445313,28.8885498046875,8976.497175141243,41.834820686790366,0.5600951996464565,0.0238465309645405,0.19672563437030033,0.45108433006360965
sxk933,409695,8376020,355,41.0092163085938,28.8885498046875,1154.0704225352113,20.44452580578235,0.07195470021482347,0.04867476667281098,0.5243350317614914,0.20766879967882385
sxk934,1226320,31266352,355,41.0147094726563,28.8775634765625,3454.4225352112676,25.49607932676626,0.21550286815084296,0.03906848338894944,0.3975798037713438,0.2701259488369932
sxk935,915104,19921047,355,41.0202026367188,28.8775634765625,2577.7577464788733,21.769161756477953,0.16079662399670092,0.04572648970890646,0.4854324189928627,0.25818736249554947
sxk936,806403,20405916,355,41.0147094726563,28.8885498046875,2271.557746478873,25.304861217034162,0.14168891923280896,0.03936254528048718,0.40145996022766023,0.2196202315312643
sxk937,1057153,34272156,355,41.0202026367188,28.8885498046875,2977.8957746478873,32.41929597702509,0.1857663147447721,0.03075097322852564,0.28782998008395755,0.21638541434652775
sxk938,1439882,44353387,354,41.0037231445313,28.8995361328125,4067.463276836158,30.803487369103856,0.25375826168188725,0.03235880753703423,0.30904540735412483,0.27034440538355853
sxk939,2751895,118902445,354,41.0092163085938,28.8995361328125,7773.714689265536,43.20747884639494,0.48503833277743935,0.02309069995847249,0.18675241906265627,0.3955525586630044
sxk93b,370850,6532423,354,41.0037231445313,28.9105224609375,1047.5988700564972,17.614731023324794,0.0653105885540903,0.056450193834911226,0.626932052225021,0.23379702765536953
sxk93c,643942,15786808,354,41.0092163085938,28.9105224609375,1819.045197740113,24.515884971006706,0.113450917327987,0.04062417423455742,0.41810719631123544,0.20484780102296152
sxk93d,1417701,52345019,354,41.0147094726563,28.8995361328125,4004.8050847457625,36.92246743142595,0.24984822172270207,0.02701062542231222,0.23847596616105682,0.24643654505420848
sxk93e,1364199,43023400,354,41.0202026367188,28.8995361328125,3853.669491525424,31.537480968685653,0.24041695361502766,0.0316080790689305,0.29913952020492435,0.25803372359199667
sxk93f,2372328,109275674,354,41.0147094726563,28.9105224609375,6701.4915254237285,46.06263299172796,0.4181287192709227,0.02166254251960007,0.1679078340737645,0.3430624537117752
sxk93g,2057488,80572119,354,41.0202026367188,28.9105224609375,5812.112994350283,39.16043204140194,0.3626291033496448,0.025470937226198982,0.21815972911442033,0.31928829107907747
sxk93h,680316,14797057,354,41.0256958007813,28.8775634765625,1921.7966101694915,21.750270462549757,0.11986288222927198,0.045766023890365506,0.48595407383440403,0.2296902397108116
sxk93j,520205,11241450,354,41.0311889648438,28.8775634765625,1469.5056497175142,21.609653886448612,0.09163870803040357,0.04606245706313218,0.489865519425542,0.21110675144894508
sxk93k,223313,7551135,355,41.0256958007813,28.8885498046875,629.0507042253521,33.81413083877786,0.03919205562734306,0.02948623406431478,0.2711417046739517,0.10877695034132566
sxk93m,400937,9492001,355,41.0311889648438,28.8885498046875,1129.4,23.674544878621827,0.07041519939769976,0.04206179361604538,0.4370766319481897,0.18041362916284673
sxk93n,652937,11998098,354,41.0366821289063,28.8775634765625,1844.454802259887,18.375582942917923,0.11503654509196837,0.05412549109219424,0.596257522081042,0.2594028381886904
sxk93p,453285,6655770,354,41.0421752929688,28.8775634765625,1280.4661016949153,14.683411098977464,0.07984213104700909,0.06764338712526013,0.7746266106230156,0.28827747491981104
sxk93q,1533824,61391557,355,41.0366821289063,28.8885498046875,4320.630985915493,40.025163904072436,0.2695566086473961,0.024922016577694443,0.21091670286861058,0.2519646369137604
sxk93r,2510152,129295039,354,41.0421752929688,28.8885498046875,7090.824858757062,51.50884846814058,0.44242416795830114,0.019376522237602816,0.1377437202877942,0.35102003365714907
sxk93s,1078143,43522143,355,41.0256958007813,28.8995361328125,3037.0225352112675,40.36769055681853,0.18945598386459706,0.024711071628759077,0.20813327723920066,0.19505917187697813
sxk93t,1272003,44002245,354,41.0311889648438,28.8995361328125,3593.228813559322,34.59287831868321,0.22416475380090575,0.02882435959375179,0.2624082489827153,0.23563780235544862
sxk93u,334769,6550201,354,41.0256958007813,28.9105224609375,945.6751412429378,19.5663308131876,0.058950273339836615,0.05084832597900939,0.553015219224851,0.2071697571053409
sxk93v,542197,10982100,354,41.0311889648438,28.9105224609375,1531.629943502825,20.254815131769448,0.09551543129727164,0.04912842457798681,0.5303210629351401,0.22595712078863217
sxk93w,1262420,34678401,355,41.0366821289063,28.8995361328125,3556.112676056338,27.469781055433216,0.2218486068466829,0.03627159744175511,0.36067480051221146,0.26349646494634144
sxk93x,2266117,119274732,354,41.0421752929688,28.8995361328125,6401.460451977401,52.63396903160781,0.39940597214026957,0.018963108947870348,0.1322887181557801,0.3192707959449227
sxk93y,1450370,48257887,354,41.0366821289063,28.9105224609375,4097.090395480226,33.27281107579445,0.25560707368729435,0.029964512061296134,0.27745259877926,0.26216073121488404
sxk93z,2445594,119232709,354,41.0421752929688,28.9105224609375,6908.457627118644,48.75408959950016,0.431043961489473,0.020469115445562028,0.15216052406954628,0.347378930263495
sxk94j,913444,58242678,354,40.9872436523438,28.9215087890625,2580.3502824858756,63.76162961276225,0.16095840522665375,0.015658855028656483,0.0886889776014988,0.13927757693910725
sxk94n,915655,36888583,354,40.9927368164063,28.9215087890625,2586.5960451977403,40.28655224948261,0.16134815764312546,0.024760717226432985,0.2087883525545867,0.17558021611656383
sxk94p,540468,16444136,354,40.9982299804688,28.9215087890625,1526.7457627118645,30.42573473360125,0.09521064526014837,0.032759244248402916,0.3143291831022786,0.1609462066127874
sxk94q,699307,45511196,354,40.9927368164063,28.9324951171875,1975.4435028248588,65.08042390538061,0.12321059283135873,0.015342029708976019,0.08450845695241323,0.11159995206767506
sxk94r,1015442,54284248,354,40.9982299804688,28.9324951171875,2868.4802259887006,53.45873816525218,0.17893848979258728,0.018671089615938333,0.12843551334151465,0.1637875968572655
sxk94x,132272,4293520,354,40.9982299804688,28.9434814453125,373.6497175141243,32.45977984758679,0.023254346122167268,0.030712738374799434,0.2873254699151416,0.10247568326005956
sxk960,520807,16105510,354,41.0037231445313,28.9215087890625,1471.2062146892656,30.924142724656157,0.09174482786519142,0.03223296156400347,0.3073848655470813,0.15643683916975837
sxk961,487794,18572080,354,41.0092163085938,28.9215087890625,1377.949152542373,38.07361304157083,0.0859253359950061,0.026196105642685853,0.22772835053093327,0.12846624035578424
sxk962,745373,22321914,354,41.0037231445313,28.9324951171875,2105.5734463276835,29.947306918817826,0.13133105181696914,0.033280852846540025,0.3212118259335145,0.18829528405193274
sxk963,332421,6350542,354,41.0092163085938,28.9324951171875,939.042372881356,19.103913411005923,0.05853637072840491,0.05207271968987798,0.5691711350337865,0.21172680002001937
sxk964,472595,14151195,354,41.0147094726563,28.9215087890625,1335.0141242937852,29.94359864154297,0.08324607458480565,0.03328496069765903,0.32126602916589403,0.15465206095913214
sxk965,2485824,116046007,354,41.0202026367188,28.9215087890625,7022.1016949152545,46.68311473378646,0.4381356574255453,0.021375233472383712,0.16411678162325813,0.3559299946848591
sxk966,544686,13864186,354,41.0147094726563,28.9324951171875,1538.6610169491526,25.453538368895106,0.09595418921884469,0.039133523724340424,0.3984380131638244,0.1866993364023386
sxk967,1223149,37500053,354,41.0202026367188,28.9324951171875,3455.223163841808,30.65861395463676,0.215552829533919,0.032511217881105246,0.3110564669221092,0.24420392075037606
sxk968,1355259,65530151,354,41.0037231445313,28.9434814453125,3828.415254237288,48.35249277075452,0.23884102118478936,0.020638773008673575,0.15439916126740877,0.21350846320957517
sxk969,719291,17335144,354,41.0092163085938,28.9434814453125,2031.8954802259886,24.10032101055067,0.1267333482772068,0.041321765920544096,0.42731194185000404,0.21690692634904596
sxk96b,1597787,67968139,354,41.0037231445313,28.9544677734375,4513.522598870057,42.53892352359858,0.28159356485826065,0.023452749679446022,0.19152967719357844,0.254574398558856
sxk96c,1330680,32689793,354,41.0092163085938,28.9544677734375,3758.9830508474574,24.566231550786064,0.23450826467440603,0.04054125568152026,0.4170130832412518,0.28925971024445973
sxk96d,1062668,28667981,354,41.0147094726563,28.9434814453125,3001.8870056497176,26.97736357921759,0.18726343218077898,0.036931217364437934,0.3693785073690527,0.24189795473726106
sxk96e,778451,17638153,354,41.0202026367188,28.9434814453125,2199.0141242937852,22.65801315689748,0.13716200180885085,0.04394056691618182,0.4618671082399598,0.23457353373818352
sxk96f,1101841,28684424,354,41.0147094726563,28.9544677734375,3112.545197740113,26.033179015847114,0.1941688014301889,0.03826553208063978,0.38698483450567933,0.252013611352836
sxk96g,857325,28459061,354,41.0202026367188,28.9544677734375,2421.822033898305,33.19518385676377,0.15106581551160422,0.03003437386926621,0.2783744276630623,0.18925839915704162
sxk96h,2917839,149106754,354,41.0256958007813,28.9215087890625,8242.483050847457,51.101775663427624,0.5142907411894599,0.019530572661648517,0.13977642076568833,0.40193644506232845
sxk96j,3296267,164472744,354,41.0311889648438,28.9215087890625,9311.488700564973,49.89666917152039,0.5809995731480972,0.020001332420153103,0.14598811146380494,0.4504961346428095
sxk96k,1523149,66374084,354,41.0256958007813,28.9324951171875,4302.680790960452,43.576881841500736,0.26843646813251953,0.02289540731476448,0.18417552612222066,0.24315818552942986
sxk96m,2044097,81802615,354,41.0311889648438,28.9324951171875,5774.285310734464,40.01894968780836,0.3602685540013986,0.024925876868204435,0.21096763953050607,0.3154782796601308
sxk96n,2572869,119690523,354,41.0366821289063,28.9215087890625,7267.9915254237285,46.520255403598085,0.4534798451649292,0.021449903938596214,0.16510206091278284,0.36696650988928525
sxk96p,586574,13855622,354,41.0421752929688,28.9215087890625,1656.9887005649719,23.62126858674268,0.10333815539757196,0.04215626143025415,0.4383231379041279,0.20383365014953875
sxk96q,2985980,126848002,354,41.0366821289063,28.9324951171875,8434.97175141243,42.48119612321583,0.5263025545819507,0.023484544612282197,0.19194921239168689,0.4259965519248715
sxk96r,819028,24560104,354,41.0421752929688,28.9324951171875,2313.638418079096,29.986891779035638,0.14431486648690223,0.03323706574092821,0.32063405361607944,0.19721062262565536
sxk96s,396507,8876476,354,41.0256958007813,28.9434814453125,1120.0762711864406,22.38668169792715,0.06983337360583794,0.04447076778305539,0.4688631263434482,0.18954229942712097
sxk96t,322186,6895484,354,41.0311889648438,28.9434814453125,910.1299435028249,21.402183831699702,0.05673215725821599,0.046506904034823895,0.49573001202498035,0.1884315136882453
sxk96u,506044,12866702,354,41.0256958007813,28.9544677734375,1429.502824858757,25.426053860929088,0.08914242400975429,0.039175659718035334,0.39899399900450455,0.18209789650817937
sxk96v,432962,13880302,354,41.0311889648438,28.9544677734375,1223.0564971751412,32.05893819780951,0.07625961708954455,0.03109555402137358,0.29237673512623746,0.14109475250055242
sxk96w,1213695,37666689,354,41.0366821289063,28.9434814453125,3428.5169491525426,31.034723715595764,0.21388628980288177,0.03211847996900925,0.30587427708686515,0.24148268598807676
sxk96x,2959535,128240476,355,41.0421752929688,28.9434814453125,8336.718309859154,43.33129224692392,0.5201712751788276,0.02302487327143314,0.18588383373397596,0.41988504274537203
sxk96y,233217,5263940,354,41.0366821289063,28.9544677734375,658.8050847457627,22.57099611091816,0.04104880911661969,0.04410922198157885,0.4640925174470782,0.16796192161575724
sxk96z,335325,6766366,354,41.0421752929688,28.9544677734375,947.2457627118644,20.17853127562812,0.05904828435003936,0.049313236072567844,0.5327596567636372,0.2011616960741187
sxk970,1198189,54327660,354,41.0037231445313,28.9654541015625,3384.714689265537,45.34147784698408,0.21115291080251544,0.022006326540860276,0.1724440756883976,0.1995402602682801
sxk971,146370,2604156,354,41.0092163085938,28.9654541015625,413.47457627118644,17.791596638655463,0.025739524578710836,0.05589216100699826,0.6195687904683198,0.20388830434559352
sxk972,508265,14658472,354,41.0037231445313,28.9764404296875,1435.776836158192,28.84021524204893,0.08953393921417926,0.03455399317649309,0.33801095500539646,0.16407704395154443
sxk973,154092,1803353,354,41.0092163085938,28.9764404296875,435.2881355932203,11.703092957453988,0.02710074943623881,0.08472355539388272,1.0,0.3189705246053672
sxk974,99182,1251750,354,41.0147094726563,28.9654541015625,280.17514124293785,12.62073763384485,0.017421280784741634,0.07861179349689562,0.9193550981391958,0.28800142599107786
sxk975,1035210,29456943,354,41.0202026367188,28.9654541015625,2924.322033898305,28.45504100617266,0.1824231690186444,0.03502008628822605,0.34416106914387945,0.23094453905621487
sxk976,612245,14021170,354,41.0147094726563,28.9764404296875,1729.5056497175142,22.901240516459914,0.1078634083524542,0.04347591597437495,0.45573602358170157,0.21222519292122838
sxk977,663875,18551285,354,41.0202026367188,28.9764404296875,1875.3531073446327,27.943942760308794,0.11696468255527334,0.03565832410039439,0.3525826383400785,0.18765006929071487
sxk978,251976,9344058,354,41.0037231445313,28.9874267578125,711.7966101694915,37.083126964472804,0.044355623038190184,0.026893918872274124,0.23693601934490632,0.10212974193020502
sxk979,254064,14860298,354,41.0092163085938,28.9874267578125,717.6949152542373,58.49037250456578,0.04472369316283645,0.0170676504902247,0.10727808065476441,0.06349000941041483
sxk97b,67,3755,52,41.0037231445313,28.9984130859375,1.2884615384615385,56.04477611940298,1.8000776984523637e-05,0.017811096047000027,0.1170878695463364,0.03513896140779008
sxk97d,317263,13790456,355,41.0147094726563,28.9874267578125,893.6985915492958,43.466953284814174,0.055706796637707716,0.02295317722730368,0.184937802042938,0.0944760982592768
sxk97h,1270058,43822385,354,41.0256958007813,28.9654541015625,3587.7344632768363,34.504239176478556,0.2238218915439915,0.028898193510340987,0.2633824899720886,0.23569007107242063
sxk97j,725534,18045570,354,41.0311889648438,28.9654541015625,2049.531073446328,24.872121775133902,0.1278338567964437,0.04004465495582175,0.4104604201200488,0.21262182579352523
sxk97k,928811,18595547,354,41.0256958007813,28.9764404296875,2623.75988700565,20.02080832376016,0.16366728147446943,0.04969979256842902,0.537860282605712,0.2759251818138422
sxk97m,808098,20676261,354,41.0311889648438,28.9764404296875,2282.762711864407,25.586328638358218,0.14238813925395988,0.038931215670372915,0.3957685516512771,0.21840226297315504
sxk97n,1337082,38814827,355,41.0366821289063,28.9654541015625,3766.4281690140847,29.029503800066113,0.2349728601017744,0.03432945534752742,0.3350481708711027,0.2649954533325729
sxk97p,1399103,53171954,354,41.0421752929688,28.9654541015625,3952.268361581921,38.00431705171099,0.24656978868717952,0.026243745522138866,0.2283569603275686,0.24110594017929624
sxk97q,1247524,30718961,354,41.0366821289063,28.9764404296875,3524.0790960451977,24.62394390809315,0.2198496251700553,0.04044662144993216,0.41576438140244854,0.27862405203977325
sxk97r,692681,16794613,355,41.0421752929688,28.9764404296875,1951.2140845070423,24.245811564053295,0.12169861186526573,0.04107482707524544,0.42405357555884543,0.21240510097333962
sxk97s,319878,8494136,354,41.0256958007813,28.9874267578125,903.6101694915254,26.554298826427576,0.05632530579859742,0.03751740034551222,0.37711321133461684,0.15256167745940324
sxk97t,586929,15527319,354,41.0311889648438,28.9874267578125,1657.9915254237287,26.455191343416324,0.10340073436991362,0.03765742024103035,0.37896077852112425,0.1860687476152768
sxk97w,823611,17852042,354,41.0366821289063,28.9874267578125,2326.584745762712,21.675332165306195,0.14512275220589352,0.04592352449131691,0.488032299511521,0.24799561639758175
sxk97x,1114348,25137171,354,41.0421752929688,28.9874267578125,3147.875706214689,22.557738695631887,0.19637352032336455,0.04413503101228662,0.4644330684671657,0.2767913847665049
sxk97y,889293,23037759,354,41.0366821289063,28.9984130859375,2512.1271186440677,25.905701495457627,0.1567010960406711,0.03845310614576839,0.3894598805445943,0.22652873139184804
sxk97z,1170110,30850942,354,41.0421752929688,28.9984130859375,3305.3954802259886,26.36584765534864,0.20620317850848174,0.03778454455804683,0.38063818811965083,0.25853368139183247
sxk980,1195338,25862111,354,41.0476684570313,28.8336181640625,3376.6610169491523,21.635814305242533,0.2106503399570334,0.04600701800064636,0.48913399914893774,0.29419543771460466
sxk981,1113476,24687558,354,41.0531616210938,28.8336181640625,3145.412429378531,22.17161214071969,0.19621980521383797,0.044900207209143936,0.4745295938786352,0.2797127418132771
sxk982,832656,16578475,354,41.0476684570313,28.8446044921875,2352.135593220339,19.91035313502815,0.14671719390964133,0.04997413055392304,0.5414801814646256,0.2651460901761366
sxk983,988351,19688693,354,41.0531616210938,28.8446044921875,2791.95197740113,19.92074981459016,0.17416292094833832,0.04994817922709608,0.5411377528425046,0.2842553705165882
sxk984,993569,25485640,354,41.0586547851563,28.8336181640625,2806.69209039548,25.65059900218304,0.17508274370236332,0.03883404809011331,0.394486422192348,0.2409038472493587
sxk985,5246491,245582636,355,41.0641479492188,28.8336181640625,14778.847887323944,46.808931150363165,0.922177512987231,0.021317902059941905,0.16336029172593572,0.6945323466088424
sxk986,3917495,177750141,355,41.0586547851563,28.8446044921875,11035.197183098591,45.37341872803922,0.6885636253468842,0.021990869126877262,0.1722401145958857,0.5336665721215846
sxk987,4189457,226782543,355,41.0641479492188,28.8446044921875,11801.287323943661,54.13172709494333,0.7363697136349182,0.01843939062182738,0.1253782373945351,0.5530722707628033
sxk988,678710,13049261,354,41.0476684570313,28.8555908203125,1917.2598870056497,19.22656362805911,0.11957977848397414,0.05174225585288003,0.5648106536942923,0.2531490410470696
sxk989,2573233,108220277,354,41.0531616210938,28.8555908203125,7269.0197740113,42.05615154165985,0.45354401064642885,0.023721330421060206,0.1950736090276794,0.376002890160804
sxk98b,724156,14799281,354,41.0476684570313,28.8665771484375,2045.638418079096,20.436592391694607,0.1275909446164808,0.04869357003961471,0.5245831428129524,0.24668860407542226
sxk98c,2729351,109206290,354,41.0531616210938,28.8665771484375,7710.031073446327,40.01181599581732,0.48106430361554986,0.02493030981455129,0.21102613240524853,0.40005285225245946
sxk98d,770280,16839822,354,41.0586547851563,28.8555908203125,2175.9322033898306,21.861948901698085,0.1357216277722203,0.0455332996391172,0.4828832695853379,0.23987012031615557
sxk98e,1754474,68299602,355,41.0641479492188,28.8555908203125,4942.180281690141,38.92881969182786,0.3083429588755703,0.025622091774642808,0.2201542184172637,0.2818863367380783
sxk98f,697040,15963741,354,41.0586547851563,28.8665771484375,1969.0395480225989,22.902187822793525,0.12281096880234862,0.04347412549205738,0.4557123981078663,0.2226813975940039
sxk98g,1017537,37199720,354,41.0641479492188,28.8665771484375,2874.398305084746,36.55859197257692,0.17930779386880086,0.027278734566457623,0.24201367525084466,0.198119558283414
sxk98h,1725553,88762332,354,41.0696411132813,28.8336181640625,4874.443502824859,51.43993374877503,0.3041160014222233,0.01940243083885934,0.13808558514458993,0.25430687653893325
sxk98j,471804,30294230,354,41.0751342773438,28.8336181640625,1332.7796610169491,64.20935388424006,0.08310663805770069,0.015549837459105069,0.08725048713904945,0.08434979278210532
sxk98k,390923,24345720,354,41.0696411132813,28.8446044921875,1104.3022598870057,62.27753291568928,0.06884903281272266,0.016031413126768253,0.09360489411887536,0.07627579120456847
sxk98m,192385,12262419,354,41.0751342773438,28.8446044921875,543.4604519774011,63.7389557397926,0.03385099334575951,0.0156644166310614,0.0887623631305317,0.05032440428119116
sxk98q,469483,30692363,354,41.0806274414063,28.8446044921875,1326.223163841808,65.37481229352288,0.08269749497374285,0.015273048749143576,0.08359825088913485,0.08296772174836045
sxk98r,466067,30755421,354,41.0861206054688,28.8446044921875,1316.5734463276835,65.98926978309986,0.08209532660890011,0.015131049310756903,0.08172456356852313,0.08198409769678701
sxk98s,1535163,74702354,354,41.0696411132813,28.8555908203125,4336.618644067797,48.66086141992739,0.2705542815795981,0.020508251308114175,0.15267692307984013,0.2351910740296707
sxk98t,574595,32968162,354,41.0751342773438,28.8555908203125,1623.1497175141244,57.37634681819368,0.10122651170832984,0.017398461373391565,0.1116431412800203,0.10435150057983697
sxk98u,1846383,113906741,354,41.0696411132813,28.8665771484375,5215.771186440678,61.691827210280856,0.3254157682617863,0.01618336995598054,0.09560996954318876,0.25647402864620705
sxk98v,1527179,116656229,354,41.0751342773438,28.8665771484375,4314.0649717514125,76.38674248401792,0.269146871677694,0.013074161188247132,0.05458385626115461,0.2047779670527322
sxk98y,823505,47986749,355,41.0806274414063,28.8665771484375,2319.7323943661972,58.27135111505091,0.14469514702162492,0.01713169184706695,0.10812310849201077,0.13372353546274068
sxk98z,1297856,54724457,355,41.0861206054688,28.8665771484375,3655.932394366197,42.16527642511958,0.22807762613825588,0.02366008422473415,0.19426546342657258,0.2179339773247509
sxk990,2600569,121959379,354,41.0476684570313,28.8775634765625,7346.24011299435,46.89719019183879,0.4583627677955333,0.021277867802693726,0.16283203836769525,0.3697035489671819
sxk991,717493,18172583,354,41.0531616210938,28.8775634765625,2026.816384180791,25.327888913201942,0.12641639900320586,0.039326898249929375,0.4009895964717717,0.20878835824377562
sxk992,3342924,166869027,354,41.0476684570313,28.8885498046875,9443.28813559322,49.91708665826683,0.5892242129017469,0.019993167671526504,0.14588037733364603,0.4562210622313166
sxk993,2421695,126819686,354,41.0531616210938,28.8885498046875,6840.946327683616,52.368149581181775,0.4268310745599131,0.01905918176993724,0.13355640224388152,0.3388486728651036
sxk994,859995,34086693,354,41.0586547851563,28.8775634765625,2429.364406779661,39.635919976278934,0.15153647989513178,0.025166146916869366,0.21413801082789347,0.17031693917496027
sxk995,1054440,68855272,355,41.0641479492188,28.8775634765625,2970.2535211267605,65.30032244603771,0.1852894175402897,0.015290444490164517,0.08382778827149284,0.15485092875965065
sxk996,2604765,134836370,354,41.0586547851563,28.8885498046875,7358.093220338983,51.76527249099247,0.45910243362073244,0.01928072392126488,0.13647965831193226,0.36231560102809235
sxk997,1756674,86154156,355,41.0641479492188,28.8885498046875,4948.377464788732,49.043906837580565,0.3087296797933223,0.02034840256605923,0.1505677136026272,0.26128108993611376
sxk998,551452,12303026,354,41.0476684570313,28.8995361328125,1557.774011299435,22.310239150460966,0.09714689154803846,0.044622459996346384,0.47086471015186365,0.209262237129186
sxk999,483698,9029009,354,41.0531616210938,28.8995361328125,1366.3785310734463,18.66662462941753,0.08520329804933986,0.053286087389015864,0.5851815622505737,0.23519677730971
sxk99b,689893,16850251,354,41.0476684570313,28.9105224609375,1948.8502824858756,24.424441181458572,0.12155110425213463,0.04077564877425377,0.4201059079093172,0.2111175453492894
sxk99c,925958,18519691,354,41.0531616210938,28.9105224609375,2615.700564971751,20.000573460135342,0.1631643580713967,0.04974982440094357,0.5385204543026887,0.2757711869407843
sxk99d,1096625,29486877,354,41.0586547851563,28.8995361328125,3097.8107344632767,26.88875139632965,0.19324933123375457,0.03705247365152267,0.3709784881171206,0.24656807829876437
sxk99e,642499,12536731,354,41.0641479492188,28.8995361328125,1814.9689265536724,19.512452159458615,0.11319654702632773,0.05098801475050247,0.5548584172188157,0.24569510808407408
sxk99f,1428563,28010859,354,41.0586547851563,28.9105224609375,4035.4887005649716,19.607716985530214,0.25176296199756204,0.050741544580441215,0.5516062351130298,0.34171594393220234
sxk99g,739650,12503899,354,41.0641479492188,28.9105224609375,2089.406779661017,16.90515649293585,0.1303222082713032,0.05880569228606701,0.6580129327678932,0.28862942562028016
sxk99h,1884804,121436333,355,41.0696411132813,28.8775634765625,5309.307042253521,64.42915709007409,0.3312526576076706,0.01549687064103648,0.08655158820990005,0.2578423367883394
sxk99j,2269543,123910701,355,41.0751342773438,28.8775634765625,6393.078873239437,54.59720348986558,0.39888293905084976,0.018282470331143753,0.12330766893073607,0.3162103580148156
sxk99k,955442,21644338,354,41.0696411132813,28.8885498046875,2698.9887005649716,22.653743503006986,0.16836176207286718,0.04394881219733564,0.4619759049994984,0.25644600495085657
sxk99m,535841,11687642,354,41.0751342773438,28.8885498046875,1513.6751412429378,21.81177252207278,0.09439500327416261,0.045637567613147315,0.4842590889766379,0.2113542289849052
sxk99n,3169355,162164498,355,41.0806274414063,28.8775634765625,8927.760563380281,51.16640388975044,0.5570539037982498,0.019505951736941068,0.1394515468438601,0.43177319671193287
sxk99p,3158332,197847951,354,41.0861206054688,28.8775634765625,8921.841807909605,62.64317715806951,0.5566845575144374,0.015937987926251965,0.09237214548534692,0.4173908339057102
sxk99q,705967,15616843,354,41.0806274414063,28.8885498046875,1994.2570621468926,22.12120821511487,0.12438460960824764,0.045002053458092335,0.4758734585267957,0.22983126428381206
sxk99r,1782901,63715148,354,41.0861206054688,28.8885498046875,5036.443502824859,35.736784039046476,0.3142252377767318,0.027904289595585247,0.25026789470225996,0.29503803485439023
sxk99s,933369,16243015,354,41.0696411132813,28.8995361328125,2636.635593220339,17.402565330539154,0.16447076022357748,0.057134481781088466,0.6359612544737537,0.3059179084986303
sxk99t,1077496,18658290,354,41.0751342773438,28.8995361328125,3043.774011299435,17.31634270568058,0.18987729415791246,0.057417335941249946,0.6396935245411443,0.32482216327288194
sxk99u,1284987,30250452,354,41.0696411132813,28.9105224609375,3629.906779661017,23.541445944589324,0.2264535576794532,0.04229859723232639,0.4402012635547775,0.29057786944205044
sxk99v,1149188,34977940,354,41.0751342773438,28.9105224609375,3246.2937853107346,30.437091233114163,0.20251507355261536,0.0327470613479914,0.31416842932544203,0.23601108028446338
sxk99w,885617,24467344,354,41.0806274414063,28.8995361328125,2501.7429378531074,27.62745520919314,0.15605309518904292,0.03606533641314643,0.3579531793675698,0.21662312044260099
sxk99x,795164,21916754,354,41.0861206054688,28.8995361328125,2246.225988700565,27.562558164101997,0.14010814931517887,0.036149946583671745,0.35906961338667054,0.20579658853662636
sxk99y,1640261,40109420,354,41.0806274414063,28.9105224609375,4633.505649717514,24.453071797719996,0.2890808304110505,0.040728101487198035,0.41947851987244883,0.32820013724946995
sxk99z,1871777,56483264,355,41.0861206054688,28.9105224609375,5272.611267605634,30.176278477617792,0.3289627424278726,0.03302915847927827,0.3178907103716096,0.32564113281099366
sxk9b2,399505,26259951,354,41.0916137695313,28.8446044921875,1128.545197740113,65.7312198846072,0.0703618574342333,0.015190361074166003,0.08250718426283978,0.07400545548281524
sxk9b3,394796,24039775,354,41.0971069335938,28.8446044921875,1115.2429378531074,60.89163770656238,0.0695317605870306,0.016395690255295525,0.09841154296668131,0.07819569530092581
sxk9b6,72608,4706136,354,41.1026000976563,28.8446044921875,205.10734463276836,64.81566769501983,0.012736848077677602,0.015404601624034711,0.08533409545636712,0.034516022291284455
sxk9b7,134544,7841167,354,41.1080932617188,28.8446044921875,380.06779661016947,58.279573968367224,0.023654851545154003,0.017129278821764727,0.10809126854275142,0.048985776644433224
sxk9b8,106811,7016326,355,41.0916137695313,28.8555908203125,300.87605633802815,65.68917059104399,0.018713073645549534,0.015200070026967813,0.08263529421853998,0.037889739817446665
sxk9b9,603435,40936519,354,41.0971069335938,28.8555908203125,1704.6186440677966,67.83915251849827,0.10631039216560863,0.014719053195839072,0.07628826110540522,0.0973037528475476
sxk9bb,857233,39513497,355,41.0916137695313,28.8665771484375,2414.7408450704224,46.09423225657435,0.15062393025523405,0.02164772421036785,0.16771230598973283,0.15575044297558369
sxk9bc,228732,4909145,355,41.0971069335938,28.8665771484375,644.3154929577465,21.4624320165084,0.040144619560660434,0.04637695781414594,0.49401536731362106,0.17630584388654863
sxk9bd,1414860,62817271,354,41.1026000976563,28.8555908203125,3996.7796610169494,44.398223852536645,0.24934741366517335,0.02247280707908512,0.1785993019323491,0.22812298014532606
sxk9be,849878,35028346,354,41.1080932617188,28.8555908203125,2400.785310734463,41.21573449365674,0.14975306732279162,0.02420385386476746,0.20144052194398454,0.16525930370914949
sxk9bf,568467,16310955,355,41.1026000976563,28.8665771484375,1601.3154929577465,28.692879270036784,0.09986399728451603,0.034730809330369636,0.34034405004691115,0.17200801311323455
sxk9bg,660791,16320393,355,41.1080932617188,28.8665771484375,1861.3830985915492,24.69826768221722,0.11609291638021486,0.040325397435607875,0.4141648264945302,0.20551448941450945
sxk9bj,272839,26362874,354,41.1190795898438,28.8336181640625,770.7316384180791,96.62428758351996,0.04803332754513219,0.01033866493083772,0.018488892004099755,0.03916999688282245
sxk9bk,1067464,54212564,354,41.1135864257813,28.8446044921875,3015.4350282485875,50.786315978805845,0.18810886528317525,0.019651648596775997,0.14137402176367128,0.17408841222732405
sxk9bm,1299103,77531608,354,41.1190795898438,28.8446044921875,3669.7824858757062,59.680878267543065,0.22894190915431267,0.01672775691793293,0.10279317364389073,0.1910972885011861
sxk9bn,1291826,95356731,354,41.1245727539063,28.8336181640625,3649.225988700565,73.81546044126686,0.22765912836070593,0.013528969366220736,0.06058506532269438,0.17753690944930245
sxk9bp,1248459,63379962,354,41.1300659179688,28.8336181640625,3526.7203389830506,50.76655460852138,0.22001444584368757,0.019659283151693466,0.14147475997017336,0.19645254008163332
sxk9bq,1440408,106443520,355,41.1245727539063,28.8446044921875,4057.487323943662,73.8981732953441,0.253135735350704,0.01351384710550577,0.060385526588720935,0.19531067272210906
sxk9br,156604,7200424,354,41.1300659179688,28.8446044921875,442.38418079096044,45.97854460933309,0.027543561770104426,0.021702074327179435,0.16842945759188446,0.06980933051663843
sxk9bs,619979,18120990,354,41.1135864257813,28.8555908203125,1751.3531073446327,29.228393219770346,0.10922674855552611,0.034096651408979925,0.33197631514546877,0.1760516185325089
sxk9bt,1155509,82729768,355,41.1190795898438,28.8555908203125,3254.954929577465,71.5959529523353,0.20305555228405286,0.013947788666186184,0.06611139993984864,0.1619723065807916
sxk9bu,778660,42425245,355,41.1135864257813,28.8665771484375,2193.4084507042253,54.48494207998356,0.13681219267772066,0.018320070735528042,0.12380380751934704,0.13290967713020857
sxk9bv,594175,56535715,355,41.1190795898438,28.8665771484375,1673.7323943661972,95.149938991038,0.10438300699068372,0.01049869438860312,0.020600486031133163,0.07924825070281855
sxk9c0,896452,32234455,354,41.0916137695313,28.8775634765625,2532.3502824858756,35.95781480770861,0.15796307593642903,0.02773323911426311,0.24801087790219986,0.1849774165261603
sxk9c1,500501,14034864,355,41.0971069335938,28.8775634765625,1409.861971830986,28.041630286452975,0.08791678187727342,0.035534544012590034,0.350949355957428,0.16682655410131977
sxk9c2,3147975,153019829,354,41.0916137695313,28.8885498046875,8892.584745762711,48.608972116995844,0.5548588380312183,0.02053009859452718,0.15296519875196182,0.4342907462474413
sxk9c3,635093,14807321,354,41.0971069335938,28.8885498046875,1794.0480225988701,23.315201080786593,0.11189102626812361,0.04270729926895877,0.4455941005451678,0.21200194855123683
sxk9c4,595252,18326043,355,41.1026000976563,28.8775634765625,1676.7661971830985,30.787033054907837,0.10457232445814686,0.03237604590322098,0.3092728681703023,0.16598248757179349
sxk9c5,867740,24458905,354,41.1080932617188,28.8775634765625,2451.2429378531074,28.186905063728766,0.1529017591649523,0.035352047095539706,0.34854130305656505,0.21159362233243612
sxk9c6,717182,18882358,354,41.1026000976563,28.8885498046875,2025.9378531073446,26.3285442189012,0.12636157629785866,0.03783787679401647,0.38134190875017954,0.20285567603355492
sxk9c7,343902,9788146,354,41.1080932617188,28.8885498046875,971.4745762711865,28.46202115719013,0.06056022757757335,0.03501152787810545,0.34404814063719125,0.14560660149545873
sxk9c8,2405289,117412965,354,41.0916137695313,28.8995361328125,6794.6016949152545,48.81449380926782,0.423939044643751,0.020443838259868286,0.1518269907621388,0.34230542847926726
sxk9c9,467010,10312396,354,41.0971069335938,28.8995361328125,1319.2372881355932,22.081745572899937,0.08226155751289504,0.045082114782784635,0.4769298703735725,0.20066205137109827
sxk9cb,3402451,165013826,355,41.0916137695313,28.9105224609375,9584.369014084506,48.4985165105978,0.5980280397274883,0.020576759781997286,0.15358089467527491,0.4646938962118243
sxk9cc,282927,14163982,354,41.0971069335938,28.9105224609375,799.228813559322,50.062319962393126,0.049811628032407795,0.019935282115135497,0.1451165754884511,0.07840311226922078
sxk9cd,469843,8076497,354,41.1026000976563,28.8995361328125,1327.2401129943503,17.189778287640767,0.08276095534006117,0.05783764160323726,0.6452394717546992,0.25150451026445253
sxk9ce,383464,7626289,354,41.1080932617188,28.8995361328125,1083.231638418079,19.887887780860783,0.06753416927836611,0.05003029889719216,0.5422213246254638,0.2099403158824954
sxk9cf,54484,862091,354,41.1026000976563,28.9105224609375,153.909604519774,15.82282872035827,0.009541971191140817,0.06280291131446018,0.7107563710258229,0.21990629114154545
sxk9ch,599571,31137790,355,41.1135864257813,28.8775634765625,1688.9323943661973,51.93344908276084,0.10533152793258822,0.019218406959905128,0.1356573839305304,0.11442928473197087
sxk9d0,403581,7676447,354,41.0476684570313,28.9215087890625,1140.0593220338983,19.020833488196917,0.07108036980399295,0.052298975388143466,0.572156586510727,0.22140323481601315
sxk9d1,329322,6142913,354,41.0531616210938,28.9215087890625,930.2881355932203,18.65321175020193,0.05799008274168136,0.053324199252921686,0.5856844495646119,0.2162983927885605
sxk9d2,878127,22384735,354,41.0476684570313,28.9324951171875,2480.584745762712,25.491455108429648,0.1547327670120312,0.03907554282329991,0.39767295324280255,0.2276148228812626
sxk9d3,646266,21981530,354,41.0531616210938,28.9324951171875,1825.6101694915253,34.01313081610358,0.11386058924833081,0.029314225228718554,0.2688720423573148,0.160364025181026
sxk9d4,793053,15735531,354,41.0586547851563,28.9215087890625,2240.262711864407,19.841714235996836,0.13973602477824007,0.05014614030497426,0.5437498558607218,0.2609401741029846
sxk9d5,484536,13329415,354,41.0641479492188,28.9215087890625,1368.7457627118645,27.5096484058976,0.0853510196798253,0.03621922254491272,0.35998371200336327,0.16774082737688667
sxk9d6,579482,10579200,354,41.0586547851563,28.9324951171875,1636.954802259887,18.25630476874174,0.10208798618110103,0.054477195306915055,0.6008982709122707,0.25173107160045194
sxk9d7,446376,8708799,354,41.0641479492188,28.9324951171875,1260.949152542373,19.510007258454756,0.07862422085008332,0.05099437174195104,0.55494229793278,0.22151964397489232
sxk9d8,3010158,120891189,355,41.0476684570313,28.9434814453125,8479.318309859154,40.16107759127594,0.529069899278537,0.024837884622757517,0.20980657892013171,0.4332909031710154
sxk9d9,1043932,39540038,354,41.0531616210938,28.9434814453125,2948.960451977401,37.87606664035589,0.18396067267150104,0.026332374267990503,0.22952641958199,0.19763039674464772
sxk9db,156253,2870092,354,41.0476684570313,28.9544677734375,441.3926553672316,18.368236129866307,0.027481687912944062,0.054147022648407026,0.5965416316826523,0.19819967104385652
sxk9dc,3260445,132860321,355,41.0531616210938,28.9544677734375,9184.352112676057,40.749137311011225,0.5730659076155369,0.024480321148188402,0.20508851695998737,0.462672690418872
sxk9dd,554306,18225642,354,41.0586547851563,28.9434814453125,1565.8361581920904,32.880109542382726,0.09764999122990647,0.030321306201694095,0.28216050934938347,0.15300314666574955
sxk9de,1176931,38081777,354,41.0641479492188,28.9434814453125,3324.6638418079096,32.35684759769264,0.2074055761714186,0.030810139431750913,0.28861068010679886,0.23176710735203265
sxk9df,1929781,79338764,354,41.0586547851563,28.9544677734375,5451.358757062147,41.11283301058514,0.34011706723460655,0.02426428679977324,0.2022379365348743,0.29875332802468685
sxk9dg,2308453,104058274,354,41.0641479492188,28.9544677734375,6521.053672316384,45.077059831844096,0.406868911219304,0.022135127954810527,0.17414361463684244,0.3370513222445655
sxk9dh,827097,31795710,354,41.0696411132813,28.9215087890625,2336.4322033898306,38.44254059681029,0.14573726008640925,0.025945357636407554,0.22441972223373563,0.16934199873060715
sxk9dj,364123,6157495,354,41.0751342773438,28.9215087890625,1028.59604519774,16.910480799070644,0.06412476109791435,0.058787286015727094,0.6577700614175028,0.24221835119379087
sxk9dk,605505,16533177,354,41.0696411132813,28.9324951171875,1710.4661016949153,27.304773701290657,0.10667528927193898,0.03648999298078144,0.3635565369261085,0.18373966356818983
sxk9dm,357699,8427700,354,41.0751342773438,28.9324951171875,1010.4491525423729,23.56087101166064,0.06299234611672298,0.0422638709922038,0.43974304965936034,0.1760175571795142
sxk9dn,896436,18476078,354,41.0806274414063,28.9215087890625,2532.3050847457625,20.610593505838676,0.15796025547570378,0.048284468512120746,0.5191850345273333,0.26632768919119265
sxk9dp,399186,9187613,354,41.0861206054688,28.9215087890625,1127.6440677966102,23.01586979503289,0.07030562449852346,0.04326032326998479,0.45289127066421275,0.18508131834823022
sxk9dq,721619,20109571,354,41.0806274414063,28.9324951171875,2038.4717514124293,27.867297008532205,0.12714372531273196,0.03575604748985653,0.35387210171995337,0.19516223823489837
sxk9dr,437829,11034104,354,41.0861206054688,28.9324951171875,1236.8050847457628,25.20185734613285,0.07711756598640918,0.03952279021732926,0.4035743975082897,0.17505461544297332
sxk9ds,1333774,38568533,354,41.0696411132813,28.9434814453125,3767.723163841808,28.916842733476585,0.23505367126715293,0.034462743213833705,0.3368069087078639,0.2655796424993662
sxk9dt,1230931,27297913,354,41.0751342773438,28.9434814453125,3477.2062146892654,22.176639470449604,0.21692463111916668,0.04489007425588224,0.4743958892227402,0.29416600855023867
sxk9du,1587307,89979608,354,41.0696411132813,28.9544677734375,4483.918079096045,56.6869597374673,0.2797461630832162,0.017609676669135238,0.11443013414457319,0.23015135440162326
sxk9dv,2472983,105658074,354,41.0751342773438,28.9544677734375,6985.827683615819,42.72494958517709,0.43587206141472984,0.02335087395750555,0.19018542364830568,0.36216607008480256
sxk9dw,485389,10525941,354,41.0806274414063,28.9434814453125,1371.1553672316384,21.685577959121446,0.08550138549224064,0.04590192658080517,0.4877473143627252,0.20617516415338602
sxk9dx,931516,27225633,354,41.0861206054688,28.9434814453125,2631.401129943503,29.227230664851703,0.16414411561583347,0.03409800302755782,0.3319941497976369,0.2144991258703745
sxk9dy,1692524,68025640,354,41.0806274414063,28.9544677734375,4781.141242937853,40.191831844038845,0.2982936890913127,0.024818926175180826,0.20955642157270477,0.2716725088357303
sxk9dz,1223447,33274209,354,41.0861206054688,28.9544677734375,3456.0649717514125,27.197098852667914,0.21560536061492694,0.036633929685984334,0.3654557865469056,0.2605604883945205
sxk9e0,1326709,64333673,354,41.0476684570313,28.9654541015625,3747.7655367231637,48.491171010372284,0.23380826157815587,0.02057987035929922,0.15362193884641132,0.20975236475863251
sxk9e1,2787285,114051462,354,41.0531616210938,28.9654541015625,7873.686440677966,40.91847873468267,0.491276839344121,0.024379256151068864,0.20375496095573833,0.4050202758276062
sxk9e2,211779,4093902,355,41.0476684570313,28.9764404296875,596.5605633802817,19.331010156814415,0.03716458332491043,0.0514641283149812,0.5611407515651378,0.19435743379697865
sxk9e3,743229,20820820,354,41.0531616210938,28.9764404296875,2099.5169491525426,28.01400375927204,0.1309531100797845,0.035569462413200345,0.351410105416883,0.19709020868091404
sxk9e4,3165021,156664166,354,41.0586547851563,28.9654541015625,8940.737288135593,49.49861817662505,0.5578636863763908,0.02016185201851616,0.14810617291235478,0.43493643233718005
sxk9e5,2068850,101566915,354,41.0641479492188,28.9654541015625,5844.209039548023,49.09341663242864,0.36463198302216915,0.02032792329656552,0.15029748895933484,0.30033163480331887
sxk9e6,1507327,53438249,354,41.0586547851563,28.9764404296875,4257.985875706215,35.452326535648865,0.2656473850328293,0.028127554437183868,0.2532138817258325,0.26191733404073025
sxk9e7,2143465,81891674,354,41.0641479492188,28.9764404296875,6054.985875706215,38.205276969766246,0.3777850253356177,0.026106063683843984,0.22654024388402072,0.33241159090013855
sxk9e8,680925,16311105,355,41.0476684570313,28.9874267578125,1918.0985915492959,23.954334177772882,0.11963211590658722,0.04157254957088099,0.43062104047174243,0.2129287932761338
sxk9e9,680257,11982952,355,41.0531616210938,28.9874267578125,1916.2169014084507,17.615330676494324,0.11951469337337887,0.056448283030181026,0.6269068390929423,0.2717323370892479
sxk9eb,428889,7174132,354,41.0476684570313,28.9984130859375,1211.550847457627,16.72724644371854,0.07554163355617088,0.05942742939818838,0.6662167746772067,0.25274417589248166
sxk9ec,476753,9478696,355,41.0531616210938,28.9984130859375,1342.9661971830985,19.881775258886677,0.0837423053523757,0.05004560340829881,0.5424232681594277,0.2213465941944913
sxk9ed,764267,15526738,355,41.0586547851563,28.9874267578125,2152.8647887323946,20.31585558450123,0.13428215896444576,0.04898153770048969,0.5283828856926277,0.2525123769829003
sxk9ee,1750062,41775480,355,41.0641479492188,28.9874267578125,4929.752112676057,23.87085714677537,0.30756740765324214,0.041717323409710565,0.43253133609863503,0.34505658618685997
sxk9ef,511065,9939665,355,41.0586547851563,28.9984130859375,1439.619718309859,19.44892528347666,0.08977374541142447,0.05115370719868831,0.5570447345931248,0.22995504216593454
sxk9eg,2588498,92560665,355,41.0641479492188,28.9984130859375,7291.543661971831,35.758445631404776,0.4549495619243022,0.027887432999164956,0.25004547135087063,0.3934783347522727
sxk9eh,701206,27669575,354,41.0696411132813,28.9654541015625,1980.8079096045199,39.45998037666534,0.12354534626368786,0.025278071184025537,0.21561485526208216,0.15116619896320616
sxk9ej,864220,26206560,354,41.0751342773438,28.9654541015625,2441.299435028249,30.32394529170813,0.15228125780539542,0.03286884690370989,0.3157753937907663,0.20132949860100668
sxk9ek,2600522,103709114,354,41.0696411132813,28.9764404296875,7346.107344632768,39.88011406940606,0.4583544826921529,0.025012434888604503,0.21210977549360208,0.3844810705325876
sxk9em,599652,13095351,354,41.0751342773438,28.9764404296875,1693.9322033898304,21.8382511856877,0.10564352948288026,0.04558248474483646,0.4835322686940398,0.21901015124622814
sxk9en,1743259,78785206,354,41.0806274414063,28.9654541015625,4924.460451977401,45.19420579500809,0.3072371937723127,0.02207787911164149,0.17338821424382525,0.2670824999137664
sxk9ep,2113614,116964536,354,41.0861206054688,28.9654541015625,5970.661016949152,55.33864556158315,0.3725229270162616,0.018037958717609104,0.12008133004357337,0.29679044792445514
sxk9eq,1143392,28787693,354,41.0806274414063,28.9764404296875,3229.9209039548023,25.177448329181942,0.2014933616548904,0.039560955163561125,0.4040779852453887,0.26226874873203987
sxk9er,1235052,36591542,354,41.0861206054688,28.9764404296875,3488.8474576271187,29.62753147235906,0.21765107603471615,0.0336388509395679,0.32593562269870263,0.25013644003391206
sxk9es,2577901,93952183,355,41.0696411132813,28.9874267578125,7261.692957746479,36.4452253984928,0.45308679757638487,0.02736335565305453,0.24313025330787374,0.3900998342958315
sxk9et,564563,9105275,354,41.0751342773438,28.9874267578125,1594.8107344632767,16.128005200482498,0.09945808283359263,0.06162186834708849,0.6951724697216777,0.27817239890001816
sxk9eu,809944,15167178,354,41.0696411132813,28.9984130859375,2287.9774011299437,18.726205762373695,0.1427135499101366,0.05311744770147011,0.5829563559547152,0.27478639172351016
sxk9ev,490897,8871912,354,41.0751342773438,28.9984130859375,1386.7146892655367,18.07285846114358,0.08647232909691095,0.05502711651764398,0.6081544996099677,0.24297698025082798
sxk9ew,724409,13189217,354,41.0806274414063,28.9874267578125,2046.3531073446327,18.2068651825143,0.12763554315169895,0.05462431661730619,0.6028395415046305,0.2701967426575784
sxk9ex,1216854,27258799,354,41.0861206054688,28.9874267578125,3437.4406779661017,22.40104318184433,0.21444315451732504,0.04444238393386495,0.46848860050769486,0.290656788314436
sxk9ey,548426,9615249,354,41.0806274414063,28.9984130859375,1549.225988700565,17.53244558062528,0.09661347191337391,0.05671363030315039,0.630408105200543,0.25675186189952465
sxk9ez,544769,11788018,354,41.0861206054688,28.9984130859375,1538.8954802259886,21.63856239984287,0.09596882035885697,0.0460012019933401,0.4890572567387555,0.21389535127282652
sxk9f0,2310481,111285352,355,41.0916137695313,28.9215087890625,6508.397183098592,48.16544780069604,0.4060791122012735,0.0207187552497043,0.15545452960263625,0.3308917374216823
sxk9f1,2233575,158650001,355,41.0971069335938,28.9215087890625,6291.760563380281,71.02962783877864,0.3925604036100749,0.014058839198014438,0.06757671540727458,0.2950652971492348
sxk9f2,3243135,182475875,355,41.0916137695313,28.9324951171875,9135.591549295774,56.265272645141195,0.5700231171217698,0.01774142043622674,0.11616849754074939,0.4338667312474636
sxk9f3,983820,74919084,354,41.0971069335938,28.9324951171875,2779.1525423728813,76.15121058730256,0.17336420172670414,0.013114545884554405,0.055116733674455666,0.1378899613110296
sxk9f8,2916410,162920614,355,41.0916137695313,28.9434814453125,8215.239436619719,55.86341220884581,0.5125906662797114,0.017868817510057686,0.11784950617453059,0.3941683182481571
sxk9fb,1768581,82792107,354,41.0916137695313,28.9544677734375,4995.9915254237285,46.812731223506304,0.3117009254276252,0.021316175245387023,0.1633375063503505,0.26719189970444274
sxk9fc,4456140,213795509,354,41.0971069335938,28.9544677734375,12587.966101694916,47.97773611242017,0.7854605883223458,0.02079964825427096,0.15652191549306493,0.5967789864735614
sxk9ff,2936624,160334292,354,41.1026000976563,28.9544677734375,8295.54802259887,54.5981685091452,0.517602138359709,0.01828214778037415,0.12330341286258448,0.39931252071057166
sxk9fg,2177900,149667798,354,41.1080932617188,28.9544677734375,6152.25988700565,68.72115248634005,0.38385518565276044,0.014530416359977188,0.07379919177125568,0.290838387488309
sxk9fs,1475962,105821527,354,41.1135864257813,28.9434814453125,4169.38418079096,71.69664733915914,0.2601184006173456,0.013928226972439459,0.0658532827391093,0.2018388652538747
sxk9ft,2003943,135842320,354,41.1190795898438,28.9434814453125,5660.85593220339,67.78751691041113,0.35319025525377123,0.01473024858634418,0.07643598465612517,0.2701639740744774
sxk9fu,937720,66780556,354,41.1135864257813,28.9544677734375,2648.9265536723165,71.21588107324148,0.16523774926205254,0.014022122211082257,0.06709223354137764,0.13579409454585006
sxk9fw,1926321,129080358,354,41.1245727539063,28.9434814453125,5441.5847457627115,67.00874776322327,0.3395071426027693,0.014901187003641528,0.07869152276764446,0.26126245665223186
sxk9fx,1970703,129751698,354,41.1300659179688,28.9434814453125,5566.957627118644,65.84031079264608,0.34733074809704634,0.01516523031176741,0.08217558301569029,0.2677841985726395
sxk9g0,2367227,117036085,354,41.0916137695313,28.9654541015625,6687.081920903955,49.44016142093682,0.4172295211359512,0.020185642745551832,0.14842009234824363,0.3365866924996389
sxk9g1,3633920,205929881,355,41.0971069335938,28.9654541015625,10236.394366197183,56.6687987077316,0.6387161779598256,0.017615310219058863,0.11450446902351254,0.48145266527893166
sxk9g2,734259,22473412,354,41.0916137695313,28.9764404296875,2074.177966101695,30.606927528297234,0.12937188928568633,0.03256594131986907,0.31177854451985887,0.18409388585593806
sxk9g3,2165395,92594867,354,41.0971069335938,28.9764404296875,6116.9350282485875,42.76118999074072,0.3816508193171754,0.023331130101988055,0.18992490281693178,0.32413304436710233
sxk9g4,2558394,135200021,355,41.1026000976563,28.9654541015625,7206.743661971831,52.84566059801578,0.44965781351157186,0.01888728913201012,0.13128827315935993,0.35414695140590824
sxk9g6,3313599,162708591,355,41.1026000976563,28.9764404296875,9334.081690140845,49.103283469122246,0.5824094365528963,0.02032384689585919,0.15024370071619836,0.4527597158018869
sxk9g8,1181744,40985108,354,41.0916137695313,28.9874267578125,3338.25988700565,34.68188372439378,0.2082540060133355,0.028750599246545817,0.26143497874380484,0.22420829783247628
sxk9g9,842705,22298124,354,41.0971069335938,28.9874267578125,2380.5225988700563,26.460177642235422,0.14848861952389908,0.037650350591398964,0.37886749425869337,0.21760228194433737
sxk9gb,417704,6254908,354,41.0916137695313,28.9984130859375,1179.954802259887,14.974498688066191,0.07356995523041973,0.06633719771999154,0.7573913979012248,0.27871638803166127
sxk9gc,621330,12547039,354,41.0971069335938,28.9984130859375,1755.1694915254238,20.193840632192234,0.10946490120801515,0.04927603493710768,0.5322687865417827,0.2363060668081454
sxk9gd,3560105,201588541,355,41.1026000976563,28.9874267578125,10028.464788732394,56.62432456346091,0.6257408122580687,0.017629121328386024,0.1146867070712393,0.4724245807020198
sxk9ge,984906,35305679,354,41.1080932617188,28.9874267578125,2782.2203389830506,35.846749842116914,0.17355564049843106,0.027818926728901443,0.24914152883226987,0.19623140699858269
sxk9gf,4029255,224129350,355,41.1026000976563,28.9984130859375,11350.014084507042,55.62550645218533,0.7082090479686868,0.017945103843211175,0.11885610688217865,0.5314031656427344
sxk9gg,657790,20440227,354,41.1080932617188,28.9984130859375,1858.1638418079096,31.074092035452043,0.1158920260856984,0.03207791902528459,0.30533907408301947,0.1727261404848947
sxk9gh,316435,15267460,354,41.1135864257813,28.9654541015625,893.8841807909605,48.24832904071926,0.05571837790628082,0.0206832380733943,0.15498587927787394,0.08549862831775876
sxk9gj,240707,10278003,354,41.1190795898438,28.9654541015625,679.9632768361582,42.69922769175803,0.04236913729363142,0.023364907591371626,0.19037059791473743,0.08676957547996322
sxk9gk,537687,24424346,354,41.1135864257813,28.9764404296875,1518.8898305084747,45.42484010214121,0.09472041393033935,0.021966029924682065,0.17191236049533415,0.1178779978998378
sxk9gm,194523,8881264,354,41.1190795898438,28.9764404296875,549.5,45.656626722803985,0.0342278774101722,0.021854757914259105,0.1704441226104719,0.0750927509702621
sxk9gn,186487,6061394,354,41.1245727539063,28.9654541015625,526.7994350282486,32.50303774525838,0.03281130101091102,0.030671988537185765,0.2867877744501369,0.10900424304267878
sxk9gp,199309,7882578,354,41.1300659179688,28.9654541015625,563.0197740112994,39.54953363872178,0.03507154772461521,0.025220977606238443,0.2148615036009528,0.08900853448751647
sxk9gs,604349,27521715,354,41.1135864257813,28.9874267578125,1707.2005649717514,45.53943995936123,0.10647151098453903,0.021910873597275313,0.1711845709175182,0.12588542896443278
sxk9gu,436147,12108677,354,41.1135864257813,28.9984130859375,1232.053672316384,27.76283454890209,0.07682106505266635,0.03589010293424737,0.35564096777511417,0.1604670358694007
sxk9hf,92974,2051858,354,40.9707641601563,29.0423583984375,262.638418079096,22.06915911975391,0.01632694202334126,0.04510770997664708,0.4772675998093613,0.15460913935914727
sxk9hg,572014,12762273,354,40.9762573242188,29.0423583984375,1615.8587570621469,22.31112000755226,0.10077153613758653,0.044620706134410625,0.4708415678851867,0.2117925456618666
sxk9hk,66463,1000977,354,40.9817504882813,29.0203857421875,187.74858757062148,15.060665332591066,0.011653614880382936,0.06596016586754197,0.7524164500463056,0.23388246543015973
sxk9hm,212155,3404751,354,40.9872436523438,29.0203857421875,599.3079096045198,16.048412717117202,0.03733602512940728,0.061925590924488016,0.6991800992498125,0.23588924736552885
sxk9hq,346258,7732383,354,40.9927368164063,29.0203857421875,978.1299435028249,22.33127610047999,0.06097554041936769,0.04458061126440335,0.4703125147395704,0.1837766327154285
sxk9hr,266287,7967792,354,40.9982299804688,29.0203857421875,752.223163841808,29.921821192923424,0.046878348878138756,0.033309105186320756,0.3215846164982252,0.12929022916416466
sxk9hs,201835,3460144,354,40.9817504882813,29.0313720703125,570.1553672316384,17.14342903857111,0.03551682796161542,0.05799310553389012,0.6472908234993697,0.2190490266229417
sxk9ht,597239,14101729,354,40.9872436523438,29.0313720703125,1687.1158192090395,23.611534075972937,0.10521816874975219,0.04217356822194423,0.43855150159710166,0.20521816860395703
sxk9hu,602992,15021813,354,40.9817504882813,29.0423583984375,1703.3672316384182,24.912126529041846,0.10623230065927804,0.03998060696034339,0.4096153046857778,0.19724720186722794
sxk9hv,1031444,33023835,354,40.9872436523438,29.0423583984375,2913.683615819209,32.01708963356227,0.18175930307543664,0.031136071524830902,0.29291136493430825,0.21510492163309813
sxk9hw,824186,19935777,354,40.9927368164063,29.0313720703125,2328.2090395480227,24.188444113343348,0.1452241125132075,0.04117184268096571,0.4253336997086646,0.22925698867184463
sxk9hx,650213,17546486,354,40.9982299804688,29.0313720703125,1836.7598870056497,26.985750823191786,0.11455636165349307,0.036919781420412544,0.36922760970661794,0.19095773606943053
sxk9hy,1331257,50070544,354,40.9927368164063,29.0423583984375,3760.6129943502824,37.61147847485497,0.23460997753931068,0.026517125300902056,0.23196421561674377,0.2338162489625406
sxk9hz,339137,8508953,354,40.9982299804688,29.0423583984375,958.0141242937854,25.09001671890711,0.05972025911783225,0.039698266625183325,0.40588981455640044,0.1635711257494027
sxk9j1,202405,6041942,354,40.9652709960938,29.0533447265625,571.7655367231638,29.850754675032732,0.035617306874952764,0.0333881403273491,0.32262748781736605,0.12172036115767675
sxk9j2,22303,925693,353,40.9597778320313,29.0643310546875,63.18130311614731,41.50531318656683,0.0038802808026695513,0.024035391718259472,0.1992176583080346,0.06248149405427906
sxk9j3,504003,12979185,354,40.9652709960938,29.0643310546875,1423.7372881355932,25.75219790358391,0.08878263898848847,0.0386814306361692,0.3924726298026877,0.17988963623274823
sxk9j4,468262,12154247,354,40.9707641601563,29.0533447265625,1322.774011299435,25.956082278724303,0.08248225856464654,0.03837875507541418,0.3884788156940613,0.17428122570347093
sxk9j5,478889,11050572,354,40.9762573242188,29.0533447265625,1352.7937853107344,23.07543501730046,0.0843555733226043,0.043149136111296296,0.4514241524008139,0.19447614704606717
sxk9j6,434809,8796743,354,40.9707641601563,29.0643310546875,1228.274011299435,20.231280861251722,0.0765852040245166,0.04918529269377441,0.5310714396176743,0.21293107470246392
sxk9j7,104495,1885208,354,40.9762573242188,29.0643310546875,295.183615819209,18.0411311546007,0.018357850024322848,0.0551233542979151,0.6094243603270699,0.19567780311514696
sxk9j8,489009,15316729,354,40.9597778320313,29.0753173828125,1381.3813559322034,31.3219777141116,0.08613951473133043,0.03182485867370787,0.3019999343125671,0.15089764060570143
sxk9j9,505714,9930969,355,40.9652709960938,29.0753173828125,1424.5464788732395,19.6375204166782,0.08883313467011036,0.050664925425738895,0.550595242813956,0.22736176711326406
sxk9jb,480119,11502157,355,40.9597778320313,29.0863037109375,1352.4478873239436,23.956887771573296,0.0843339883565363,0.04156813672222577,0.43056281278671066,0.1882026356855886
sxk9jc,466424,9371624,355,40.9652709960938,29.0863037109375,1313.8704225352112,20.092499528326158,0.08192665064352997,0.04952333902978153,0.5355319722842263,0.21800824713573885
sxk9jd,273633,5024049,355,40.9707641601563,29.0753173828125,770.7971830985915,18.360537654449573,0.0480374177097438,0.05416960322165743,0.596839583099025,0.21267806732652814
sxk9je,644160,14197753,355,40.9762573242188,29.0753173828125,1814.5352112676057,22.040724354197714,0.11316948202424494,0.04516564065395663,0.4780319970265797,0.22262823652494534
sxk9jf,477280,10012009,355,40.9707641601563,29.0863037109375,1344.4507042253522,20.977223013744553,0.08383494259040085,0.047444580310598575,0.5081026817250763,0.21111526433080346
sxk9jg,513537,11912981,355,40.9762573242188,29.0863037109375,1446.5830985915493,23.197902001218996,0.09020827909718947,0.042922319784316966,0.4484313034093156,0.19767518639082732
sxk9jh,281455,6949093,354,40.9817504882813,29.0533447265625,795.0706214689266,24.689890035707307,0.049552145645684,0.04033902524616293,0.4143446459088519,0.15898989572463434
sxk9jj,438775,11459090,354,40.9872436523438,29.0533447265625,1239.4774011299435,26.11609594894878,0.0772843257267901,0.038144504885369794,0.38538787663173996,0.16971539099827504
sxk9jk,544122,13240046,354,40.9817504882813,29.0643310546875,1537.0677966101696,24.33286285061071,0.09585476797827933,0.040928482516120884,0.42212255422532774,0.19373510385239384
sxk9jm,406030,8563965,354,40.9872436523438,29.0643310546875,1146.9774011299435,21.091951333645298,0.07151207657375286,0.04718772633326856,0.5047134849364142,0.20147249908255127
sxk9jn,917685,41913145,354,40.9927368164063,29.0533447265625,2592.330508474576,45.672692699564664,0.16170600359764264,0.021847087008047286,0.17034290474742975,0.16429707394257875
sxk9jp,2804950,127984643,354,40.9982299804688,29.0533447265625,7923.587570621469,45.62813704344106,0.49439080426360194,0.02186837393025687,0.17062378639521725,0.3972606989030865
sxk9jq,1744383,78187170,355,40.9927368164063,29.0643310546875,4913.754929577465,44.82224947158967,0.3065691403387359,0.0222606839987484,0.1758003308198456,0.26733849748306876
sxk9jr,1785570,82228678,354,40.9982299804688,29.0643310546875,5043.983050847458,46.05178066387764,0.314695725881464,0.02166763634285266,0.16797504724129705,0.2706795222894139
sxk9js,853024,21735673,355,40.9817504882813,29.0753173828125,2402.8845070422535,25.480728560978356,0.1498840628266803,0.03909192803544428,0.3978891566629656,0.22428559097756587
sxk9jt,1371303,37361380,355,40.9872436523438,29.0753173828125,3862.8253521126762,27.245167552320677,0.24098830397740706,0.03656953273687781,0.36460606665788453,0.2780736327815503
sxk9ju,1269857,34434885,355,40.9817504882813,29.0863037109375,3577.061971830986,27.1171360239775,0.22315589933092006,0.036741558668003466,0.36687595455060185,0.2662719158968246
sxk9jv,2722727,112144544,355,40.9872436523438,29.0863037109375,7669.653521126761,41.1883174479116,0.47854463559200033,0.024219926163413587,0.20165259646011277,0.39547702385243405
sxk9jw,3101773,123083198,355,40.9927368164063,29.0753173828125,8737.388732394365,39.6815621259196,0.5451741887693784,0.025137273313569856,0.2137570226703534,0.4457490389396709
sxk9jx,1018517,28232794,355,40.9982299804688,29.0753173828125,2869.061971830986,27.71951179999941,0.17897479230010527,0.035945993847383804,0.35637845023610804,0.2321958896809061
sxk9jy,451649,10372852,354,40.9927368164063,29.0863037109375,1275.8446327683616,22.966622310688166,0.07955373893785138,0.043352684520985944,0.45410998044844075,0.19192061139102817
sxk9jz,542612,11365683,355,40.9982299804688,29.0863037109375,1528.4845070422534,20.94624335621033,0.09531914758975309,0.04751441780249679,0.5090241897575003,0.21943066024007724
sxk9k0,120916,6445134,354,41.0037231445313,29.0093994140625,341.57062146892656,53.30257368751861,0.021252524122414913,0.018725689249574923,0.12915595732648555,0.0536235540836361
sxk9k1,241449,8158411,354,41.0092163085938,29.0093994140625,682.0593220338983,33.78937581021251,0.04249993615976529,0.029507772748610245,0.27142590833085056,0.11117772781109087
sxk9k2,438114,17484888,354,41.0037231445313,29.0203857421875,1237.6101694915253,39.90944822580424,0.07716780544307784,0.02499409625337063,0.21186779659068936,0.1175778027873613
sxk9k3,484451,16924481,355,41.0092163085938,29.0203857421875,1364.650704225352,34.93538252578692,0.08509547700003708,0.028542574046793265,0.25869007930214155,0.13717385769066842
sxk9k4,220924,7934202,354,41.0147094726563,29.0093994140625,624.0790960451977,35.91371693433036,0.03888181388564437,0.02776719775477388,0.24845896329516443,0.10175495870850039
sxk9k5,267258,6689313,354,41.0202026367188,29.0093994140625,754.9661016949152,25.029421008912735,0.04704951558840289,0.039793992851857855,0.40715292530675185,0.15508053850390757
sxk9k6,587261,14553567,355,41.0147094726563,29.0203857421875,1654.256338028169,24.78211050963711,0.10316764861553032,0.040189516866452675,0.41237187785729457,0.19592891738805956
sxk9k7,316238,6175746,355,41.0202026367188,29.0203857421875,890.8112676056338,19.52879160632182,0.05552661984648234,0.05094557118217767,0.5542983729206463,0.20515814576873154
sxk9k8,1857626,71645418,355,41.0037231445313,29.0313720703125,5232.749295774648,38.56826831665793,0.3264752480155504,0.025860997751720093,0.22330659074460435,0.29552465083426654
sxk9k9,148702,3792591,354,41.0092163085938,29.0313720703125,420.0621468926554,25.5046401527888,0.02615060672941729,0.039055420971853896,0.3974074447425579,0.13752765813335946
sxk9kb,1643673,70660881,354,41.0037231445313,29.0423583984375,4643.14406779661,42.98962202335866,0.2896822936607119,0.023207444230026086,0.18829286361546058,0.2592654646471365
sxk9kc,403645,8026830,355,41.0092163085938,29.0423583984375,1137.0281690140846,19.885865054689145,0.07089121769100543,0.050035362355525206,0.5422881371268712,0.21231029352176514
sxk9kd,525210,13595529,355,41.0147094726563,29.0313720703125,1479.4647887323943,25.88589135774262,0.09226018513033461,0.0384824205655753,0.3898466852906365,0.18153613517842515
sxk9ke,696298,17143797,355,41.0202026367188,29.0313720703125,1961.4028169014084,24.621350341376825,0.12233441621049712,0.04045086478655139,0.4158203723705177,0.2103802030585033
sxk9kf,254620,6650747,355,41.0147094726563,29.0423583984375,717.2394366197183,26.120285130783127,0.04469527006918964,0.03813841058600772,0.3853074621486091,0.14687892769301547
sxk9kg,1568099,41952445,355,41.0202026367188,29.0423583984375,4417.180281690141,26.75369667348809,0.27558154476373725,0.03723882086548152,0.3734373458139746,0.30493828507880844
sxk9kh,166367,3740179,354,41.0256958007813,29.0093994140625,469.9632768361582,22.48149572932132,0.029264571648898216,0.044284046193695366,0.4663993287507024,0.16040499877943945
sxk9kk,415259,7754088,355,41.0256958007813,29.0203857421875,1169.743661971831,18.6728957108696,0.07293275257226539,0.05326828718389966,0.5849466879510027,0.22653693318588655
sxk9km,138112,4041699,354,41.0311889648438,29.0203857421875,390.14689265536725,29.263923482391103,0.024283814286886692,0.034055394559234495,0.33143192963849305,0.1164282488923686
sxk9kp,887371,18670333,354,41.0421752929688,29.0093994140625,2506.6977401129943,21.040053145753017,0.1563622881960494,0.04730357076708189,0.5062420561002551,0.2613262185673111
sxk9kq,4571,153620,352,41.0366821289063,29.0203857421875,12.985795454545455,33.6075257055349,0.0007479459206592179,0.02966696543483749,0.2735264611295587,0.08258150048332906
sxk9kr,147964,4989297,354,41.0421752929688,29.0203857421875,417.97740112994353,33.719668297694035,0.026020512978464735,0.029568592784459218,0.27222843073026354,0.09988288830400438
sxk9ks,619801,13831678,354,41.0256958007813,29.0313720703125,1750.8502824858756,22.316320883638458,0.10919537092995761,0.044610353554043476,0.47070496524231764,0.2176482492236656
sxk9kt,110139,2484952,354,41.0311889648438,29.0313720703125,311.1271186440678,22.561962610882613,0.019352767545157853,0.044126804777260775,0.4643245230219201,0.1528442941881865
sxk9ku,2678324,88909940,355,41.0256958007813,29.0423583984375,7544.574647887324,33.196110702065916,0.4707393769961172,0.03003353781911691,0.27836339595348697,0.4130265826833281
sxk9kv,1884516,83542064,354,41.0311889648438,29.0423583984375,5323.4915254237285,44.33077989255597,0.33213780756405437,0.022506919806904904,0.17904942051248993,0.286211291448585
sxk9kw,172474,4598325,354,41.0366821289063,29.0313720703125,487.2146892655367,26.660974987534352,0.030341106251970392,0.03736784629356047,0.3751398406363113,0.13378072656727266
sxk9kx,847944,48722280,354,41.0421752929688,29.0313720703125,2395.322033898305,57.459313350881665,0.149412144132626,0.017373383068418458,0.11131223221034785,0.13798217055594253
sxk9ky,2018148,88153269,354,41.0366821289063,29.0423583984375,5700.983050847458,43.680279642523736,0.355694295541415,0.022841334230051403,0.1834620299678389,0.30402461586934215
sxk9kz,1788037,74403403,354,41.0421752929688,29.0423583984375,5050.95197740113,41.61178040499162,0.31513060566953977,0.023974042591582367,0.19840815453751628,0.2801138703299327
sxk9m0,1139329,56772181,354,41.0037231445313,29.0533447265625,3218.4435028248586,49.82948823386397,0.20077714090947,0.02002824453789943,0.14634321775411852,0.18444696396286453
sxk9m1,326704,6760926,354,41.0092163085938,29.0533447265625,922.8926553672317,20.6943471766492,0.05752858485551091,0.04808999251118303,0.5166189172154606,0.19525568456349582
sxk9m2,1934640,86887720,355,41.0037231445313,29.0643310546875,5449.69014084507,44.911570111235164,0.3400129410881659,0.022216510055719958,0.17521745416980963,0.29057429501265897
sxk9m3,2375936,114588844,355,41.0092163085938,29.0643310546875,6692.777464788733,48.22892704180584,0.41758493841557276,0.02069154150960092,0.15509544339527198,0.3388380899094825
sxk9m4,1792155,76874702,354,41.0147094726563,29.0533447265625,5062.5847457627115,42.89511900477358,0.3158565217487032,0.02325845405588885,0.18896593996725158,0.27778934721426773
sxk9m5,2189203,93157174,354,41.0202026367188,29.0533447265625,6184.189265536723,42.5530085606497,0.38584766487636035,0.02344500502416066,0.19142748620905373,0.32752161127616836
sxk9m6,1094208,45927098,355,41.0147094726563,29.0643310546875,3082.276056338028,41.97291374217699,0.1922799254753635,0.02376826112229841,0.19569286119414214,0.19330380619099707
sxk9m7,656923,17837837,354,41.0202026367188,29.0643310546875,1855.7146892655367,27.153619221735273,0.11573919237014843,0.036692374391232456,0.3662269663798997,0.1908855245730738
sxk9m8,2130275,79496749,355,41.0037231445313,29.0753173828125,6000.774647887324,37.317599370973234,0.3744020986992642,0.02672539170900824,0.2347122978106697,0.33249515843268584
sxk9m9,1489372,48125348,354,41.0092163085938,29.0753173828125,4207.265536723164,32.312510239214916,0.26248229926270306,0.03085228489307595,0.28916679087317404,0.27048764674584436
sxk9mb,534279,11250067,354,41.0037231445313,29.0863037109375,1509.2627118644068,21.0565397479594,0.09411965579585924,0.04726670863539736,0.5057556590445151,0.21761045677045598
sxk9mc,2072085,75653256,355,41.0092163085938,29.0863037109375,5836.859154929577,36.51069140503406,0.3641733304247233,0.02731442542116256,0.24248461726781473,0.32766671647765067
sxk9md,770070,16025304,354,41.0147094726563,29.0753173828125,2175.3389830508477,20.81019128131209,0.13568460922520129,0.047823570169524106,0.5131034655406822,0.24891026611984554
sxk9me,1887904,63737367,355,41.0202026367188,29.0753173828125,5318.039436619718,33.760915279590485,0.3317975825372302,0.02953257440748347,0.2717531670460179,0.31378425788986647
sxk9mf,526796,10123668,354,41.0147094726563,29.0863037109375,1488.1242937853108,19.21743521211247,0.09280056157041482,0.051766706553930994,0.5651332815093016,0.23450037755208086
sxk9mg,493279,10558253,354,41.0202026367188,29.0863037109375,1393.4435028248588,21.404221546021624,0.08689222518738383,0.04650249709620409,0.49567186232306276,0.20952611632808749
sxk9mh,1304270,49147496,355,41.0256958007813,29.0533447265625,3674.0,37.68199529238578,0.22920509339573836,0.026467633386252905,0.23131116815398975,0.22983691582321375
sxk9mj,246934,5781090,354,41.0311889648438,29.0533447265625,697.5536723163842,23.411478370738738,0.04346682535214304,0.04253241690001732,0.44328652186030104,0.16341273430459044
sxk9mk,618401,24405086,354,41.0256958007813,29.0643310546875,1746.8954802259886,39.46482298702622,0.10894858061649747,0.025274977227319126,0.21557403040025744,0.14093621555162544
sxk9mm,217020,5740027,354,41.0311889648438,29.0643310546875,613.0508474576271,26.44929960372316,0.03819362146868125,0.03766577706101762,0.3790710470392865,0.1404568491398628
sxk9mn,314959,7942366,354,41.0366821289063,29.0533447265625,889.7146892655368,25.21714254871269,0.055458190404375704,0.03949892836744514,0.4032595396040459,0.15979859516427677
sxk9mp,137423,3602892,354,41.0421752929688,29.0533447265625,388.2005649717514,26.217532727418263,0.02416235819690524,0.037997482908349346,0.38344791674651596,0.13194802576178843
sxk9mq,341382,8852663,354,41.0366821289063,29.0643310546875,964.3559322033898,25.931838819855763,0.0601160050133451,0.038414497220889784,0.38895043449445915,0.1587663338576793
sxk9mr,120947,2672550,354,41.0421752929688,29.0643310546875,341.65819209039546,22.096868876450014,0.0212579887650701,0.04505139916652658,0.4765245767936728,0.15783796517365092
sxk9ms,1035944,32768806,355,41.0256958007813,29.0753173828125,2918.1521126760563,31.631831450348667,0.1820381493154073,0.03151409654890916,0.29789941772195816,0.21679652983737258
sxk9mt,544584,11186573,355,41.0311889648438,29.0753173828125,1534.0394366197183,20.541501402905705,0.09566579015784718,0.048446088318906386,0.5213176132626757,0.22336133708929573
sxk9mu,1486692,43655918,355,41.0256958007813,29.0863037109375,4187.864788732394,29.364466883523956,0.2612716403312651,0.033939185255009094,0.32989854399740814,0.281859711431108
sxk9mv,1509372,53799224,355,41.0311889648438,29.0863037109375,4251.752112676057,35.64344906358406,0.2652583814288178,0.02797715458911363,0.2512293507195635,0.2610496722160415
sxk9mw,570056,14727107,354,41.0366821289063,29.0753173828125,1610.3276836158193,25.834491699061147,0.10042638225633302,0.03855868900782046,0.3908530499271531,0.187554382557579
sxk9mx,380091,10432266,354,41.0421752929688,29.0753173828125,1073.7033898305085,27.446758802497296,0.06693958090172253,0.03630191149418796,0.3610747954440585,0.1551801452644233
sxk9my,283777,6425240,354,41.0366821289063,29.0863037109375,801.6299435028249,22.64186315310966,0.049961465008437164,0.04397177105796025,0.4622788479303775,0.17365667988501923
sxk9mz,285432,7505581,354,41.0421752929688,29.0863037109375,806.3050847457627,26.2955134673057,0.050253206414706104,0.03788522626160051,0.38196668655252797,0.14976725045605266
sxk9n0,832953,18891559,355,40.9597778320313,29.0972900390625,2346.3464788732394,22.680222053345148,0.1463559375811345,0.04389772837412512,0.46130185225023834,0.24083971198186566
sxk9n1,307992,6011155,354,40.9652709960938,29.0972900390625,870.0338983050848,19.517243954388427,0.054230056037320874,0.050975560192098104,0.5546940789057123,0.2043692628978383
sxk9n2,3395146,130885751,355,40.9597778320313,29.1082763671875,9563.791549295775,38.550846119725044,0.5967439504983163,0.025872654815948797,0.2234604060954891,0.4847588871774681
sxk9n3,3565109,126238805,355,40.9652709960938,29.1082763671875,10042.560563380282,35.409521840706695,0.6266204265637193,0.02816146059318771,0.25366127458397947,0.5147326809697973
sxk9n4,3021860,113048441,355,40.9707641601563,29.0972900390625,8512.281690140846,37.41021787905462,0.5311269029965071,0.026659402598628767,0.23384156930060493,0.4419413028877365
sxk9n5,3270238,129800742,355,40.9762573242188,29.0972900390625,9211.938028169014,39.69152765028111,0.5747873430462394,0.02513097785007848,0.2136739538198341,0.4664533262783177
sxk9n6,1470517,38913646,355,40.9707641601563,29.1082763671875,4142.301408450704,26.462561126460965,0.25842836267461106,0.0376469721891322,0.37882291612822266,0.29454672871069454
sxk9n7,704576,16880793,354,40.9762573242188,29.1082763671875,1990.3276836158193,23.958796496048688,0.12413940580394547,0.04156483887979333,0.43051929764593794,0.2160533733565432
sxk9n8,497320,16711280,354,40.9597778320313,29.1192626953125,1404.8587570621469,33.602670312877024,0.08760456779930699,0.029671239421581463,0.27358285652704495,0.14339805441762837
sxk9n9,712668,21052009,354,40.9652709960938,29.1192626953125,2013.1864406779662,29.53971414459468,0.12556585381574506,0.03373851701543375,0.32725071989040033,0.18607131363814164
sxk9nc,198158,5828342,354,40.9652709960938,29.1302490234375,559.7683615819209,29.4126000464276,0.03486865083119191,0.033883832614776566,0.32916816406531535,0.12315850480142893
sxk9nd,760284,17333822,354,40.9707641601563,29.1192626953125,2147.6949152542375,22.799140847367564,0.13395954493411494,0.04366976065457748,0.45829381059543933,0.23125982463251224
sxk9ne,736629,20209568,354,40.9762573242188,29.1192626953125,2080.8728813559323,27.435205510508002,0.12978967003061528,0.036317143143107446,0.36127577755903517,0.19923550228914122
sxk9nf,546421,12820329,354,40.9707641601563,29.1302490234375,1543.5621468926554,23.462365099437978,0.09626003292873993,0.04244056128405601,0.44207448394727056,0.20000436823429912
sxk9ng,732251,21876352,354,40.9762573242188,29.1302490234375,2068.505649717514,29.87548258725492,0.12901792146466637,0.03336059718435304,0.32226405512785783,0.1869917615636238
sxk9nh,4042713,188735822,355,40.9817504882813,29.0972900390625,11387.923943661972,46.685436735182535,0.7105747252919171,0.021374172601193276,0.1641027833925545,0.5466331427221083
sxk9nj,630449,15755665,354,40.9872436523438,29.0972900390625,1780.9293785310736,24.99118088854134,0.11107238754261728,0.039854640737801254,0.40795317618242516,0.20013662413455963
sxk9nk,1412364,39971885,354,40.9817504882813,29.1082763671875,3989.728813559322,28.301404595415914,0.24890742179203298,0.03520952622749522,0.3466607354542457,0.2782334158906968
sxk9nm,2886718,143892149,354,40.9872436523438,29.1082763671875,8154.570621468926,49.84627836872185,0.5088047688000364,0.020021511765453897,0.14625437859737897,0.40003965173923917
sxk9nn,444846,12394373,354,40.9927368164063,29.0972900390625,1256.6271186440679,27.862165783214866,0.07835451429323045,0.035762608939264647,0.35395868026350613,0.16103576408431314
sxk9np,664593,16634545,355,40.9982299804688,29.0972900390625,1872.0929577464788,25.0296722956757,0.11676124043898449,0.039793594927701445,0.40714767468425006,0.20387717071256417
sxk9nq,2246711,109009947,354,40.9927368164063,29.1082763671875,6346.641242937853,48.51979048484652,0.3959851058381214,0.02056775625784881,0.15346209287415877,0.3232282019489326
sxk9nr,1880431,96671230,355,40.9982299804688,29.1082763671875,5296.988732394366,51.409081215955275,0.3304839618925207,0.01941405236500789,0.13823893156932296,0.2728104527955614
sxk9ns,464572,10516567,354,40.9817504882813,29.1192626953125,1312.3502824858756,22.637108994945887,0.08183178980988375,0.04398096522395546,0.462400165257013,0.19600230244402253
sxk9nt,493071,17237064,354,40.9872436523438,29.1192626953125,1392.8559322033898,34.95858405787402,0.08685555919795547,0.0285236847657401,0.258440834609297,0.13833114182135792
sxk9nu,1094306,33779875,354,40.9817504882813,29.1302490234375,3091.25988700565,30.86876522654541,0.1928405407073874,0.03229059966339352,0.3081454021889038,0.2274319991518423
sxk9nv,571950,15670601,354,40.9872436523438,29.1302490234375,1615.677966101695,27.3985505726025,0.1007602542946855,0.03636555306287035,0.3619145480632155,0.17910654242524449
sxk9nw,1983033,87672808,354,40.9927368164063,29.1192626953125,5601.78813559322,44.21147202290633,0.34950426564344883,0.02256751929800619,0.17984903281660916,0.2986076957953969
sxk9nx,4889795,264594217,355,40.9982299804688,29.1192626953125,13774.070422535211,54.11151530892399,0.8594766927697427,0.018446265416148324,0.1254689505346525,0.6392743700992156
sxk9ny,634584,15314614,354,40.9927368164063,29.1302490234375,1792.6101694915253,24.13331253230463,0.11180130036130131,0.04126550997379879,0.4265696427583791,0.20623180308042466
sxk9nz,3986976,185625656,355,40.9982299804688,29.1302490234375,11230.918309859155,46.55800687036992,0.7007771508406697,0.02143254860367917,0.164873056690312,0.5400059225955623
sxk9p0,505718,25394225,354,40.9597778320313,29.1412353515625,1428.5819209039548,50.214200404177824,0.08908495712247715,0.019875104681519797,0.14432253224691619,0.10565622965980885
sxk9p1,212661,10211955,354,40.9652709960938,29.1412353515625,600.7372881355932,48.01987670517867,0.03742522219984359,0.020781433130571174,0.15628156632895962,0.0730821254385784
sxk9p2,222957,6224883,354,40.9597778320313,29.1522216796875,629.8220338983051,27.91965715362155,0.039240188676547556,0.03568923040411826,0.352990448047443,0.1333652664878162
sxk9p4,738864,19054942,354,40.9707641601563,29.1412353515625,2087.186440677966,25.789512007622513,0.13018365313817484,0.03862567976196597,0.39173699516008326,0.20864965574474736
sxk9p5,899813,24910482,354,40.9762573242188,29.1412353515625,2541.8446327683614,27.68406546693591,0.1585555489675287,0.03599185299898022,0.3569835632693458,0.21808395325807384
sxk9p6,59608,1439579,354,40.9707641601563,29.1522216796875,168.38418079096044,24.150768353241176,0.010445223738404914,0.04123580685914009,0.426177709170817,0.13516496936812852
sxk9p7,523401,17504700,354,40.9762573242188,29.1522216796875,1478.5338983050847,33.44414703067056,0.09220209506027398,0.029811460076348516,0.2754330727385308,0.14717138836375102
sxk9p8,316300,15223648,354,40.9597778320313,29.1632080078125,893.5028248587571,48.130407840657604,0.05569458026891145,0.020733807669712737,0.1556531467861601,0.08568215022408604
sxk9pb,523597,38480331,354,40.9597778320313,29.1741943359375,1479.087570621469,73.49226790833409,0.0922366457041584,0.013588384057488101,0.061369044153530165,0.08297636523896992
sxk9pc,19356,696646,353,40.9652709960938,29.1741943359375,54.8328611898017,35.99121719363505,0.003359315539550318,0.027707572028808084,0.24767219985445166,0.07665318083402071
sxk9pe,40799,1730201,354,40.9762573242188,29.1632080078125,115.25141242937853,42.40792666486924,0.007129595877067991,0.023525024118065303,0.1924833408191804,0.06273571935970171
sxk9pg,396020,12651098,354,40.9762573242188,29.1741943359375,1118.7005649717514,31.945603757385992,0.06974752583251288,0.031205528457847086,0.29382785147960444,0.13697162352664036
sxk9ph,417176,10451414,355,40.9817504882813,29.1412353515625,1175.143661971831,25.0527690950582,0.07326972711741568,0.03975705403332595,0.40666551636550563,0.17328846389184266
sxk9pj,820923,25946528,355,40.9872436523438,29.1412353515625,2312.4591549295774,31.60653069776337,0.1442412772899723,0.031539243745470444,0.2982312358184319,0.19043826484851017
sxk9pk,465468,11132953,355,40.9817504882813,29.1522216796875,1311.1774647887323,23.917762338119914,0.08175860282654318,0.04163585207989359,0.43145631918725985,0.18666791773475816
sxk9pm,1078204,26825215,355,40.9872436523438,29.1522216796875,3037.194366197183,24.879535783580845,0.1894667065809529,0.04003276957041388,0.41030359206359784,0.2557177722257464
sxk9pn,1328478,65143176,355,40.9927368164063,29.1412353515625,3742.1915492957746,49.03594639881127,0.2334604297488933,0.020351699179324095,0.15061121252449278,0.20860566458157312
sxk9pp,4043471,215883146,355,40.9982299804688,29.1412353515625,11390.059154929577,53.39055133572121,0.7107079682263062,0.01869489049988901,0.12874956679823538,0.5361204477978849
sxk9pq,5341766,191961729,355,40.9927368164063,29.1522216796875,15047.228169014084,35.93600487179708,0.9389251654594236,0.027750023998432512,0.24823235500804944,0.7317173223240113
sxk9pr,2235358,59598008,355,40.9982299804688,29.1522216796875,6296.783098591549,26.66150477910026,0.3928738233356894,0.03736710653060746,0.37513007943949905,0.38755070016683224
sxk9ps,574728,16920290,354,40.9817504882813,29.1632080078125,1623.5254237288136,29.440517949360395,0.10124995678810855,0.033851809968743346,0.328745624183985,0.1694986570068715
sxk9pt,534335,12360959,354,40.9872436523438,29.1632080078125,1509.4209039548023,23.133350800527758,0.09412952740839764,0.04304157452730772,0.45000487371637643,0.20089213130079125
sxk9pu,107702,2700232,354,40.9817504882813,29.1741943359375,304.2429378531073,25.07132643776346,0.01892317612094189,0.03972774348910524,0.4062787627579524,0.13512985211204503
sxk9pv,239497,5551439,354,40.9872436523438,29.1741943359375,676.5451977401129,23.179576362125623,0.042155839951283726,0.042956108154396475,0.44887714207826657,0.16417223058937858
sxk9pw,3847496,182012734,354,40.9927368164063,29.1632080078125,10868.632768361582,47.30680265814441,0.6781695572183237,0.021094019084372938,0.16040614840402967,0.5228405345740355
sxk9px,831943,30026389,355,40.9982299804688,29.1632080078125,2343.5014084507043,36.09188249675759,0.14617839752343925,0.027630505268400708,0.24665530138318648,0.17632146868136342
sxk9py,4170050,209264567,354,40.9927368164063,29.1741943359375,11779.802259887005,50.18274768887663,0.735028987766767,0.019887536898092313,0.14448657575880383,0.557866264164378
sxk9pz,742616,20350712,355,40.9982299804688,29.1741943359375,2091.8760563380283,27.4040850183675,0.13047629778705988,0.03635823548873522,0.3618179924286975,0.19987880617955117
sxk9q0,1326830,55840483,355,41.0037231445313,29.0972900390625,3737.549295774648,42.0856349343925,0.23317074062504997,0.023704751666182324,0.1948548518046992,0.22167597397894473
sxk9q1,1961922,69701130,355,41.0092163085938,29.0972900390625,5526.540845070423,35.52696284561772,0.3448086320327616,0.028068628929535728,0.25243635768915085,0.31709694972967833
sxk9q2,1170139,45790300,355,41.0037231445313,29.1082763671875,3296.1661971830986,39.13235948891542,0.20562724638710378,0.025489162849930976,0.21840021682680047,0.20945913751901277
sxk9q3,563157,17023297,355,41.0092163085938,29.1082763671875,1586.3577464788732,30.2283324188459,0.09893059361485092,0.0329724689834448,0.31714269058532135,0.16439422270599205
sxk9q4,644984,13308183,354,41.0147094726563,29.0972900390625,1821.9887005649719,20.63335369559555,0.11363459983271948,0.048231463885769384,0.5184856367166332,0.23508991089789355
sxk9q5,475506,10233139,354,41.0202026367188,29.0972900390625,1343.2372881355932,21.520525503358527,0.08375922215800741,0.04625234478434209,0.4923710942335354,0.20634278378066578
sxk9q6,393171,9342515,354,41.0147094726563,29.1082763671875,1110.6525423728813,23.76196362397023,0.0692453075446215,0.0419076994566978,0.43504335438153,0.17898472159569406
sxk9q7,723284,17289558,354,41.0202026367188,29.1082763671875,2043.1751412429378,23.904245082153068,0.12743722950695419,0.04165929803572496,0.4317656893556209,0.2187357674615542
sxk9q8,3179457,202907431,355,41.0037231445313,29.1192626953125,8956.21690140845,63.8182655088589,0.5588296559396729,0.015644980226526994,0.08850589912512322,0.417732528895308
sxk9q9,3065913,175936826,355,41.0092163085938,29.1192626953125,8636.374647887324,57.38480707052027,0.5388706378100205,0.017395900777282532,0.11160935412904835,0.4106922527057289
sxk9qb,498087,10853069,355,41.0037231445313,29.1302490234375,1403.0619718309858,21.789504644770894,0.08749244356115823,0.045683994052322534,0.48487168738837877,0.20670621670932438
sxk9qc,561141,13194938,355,41.0092163085938,29.1302490234375,1580.6788732394366,23.5144785356978,0.0985762166284018,0.04234690164715298,0.4408386419178082,0.2012549442152237
sxk9qd,3423558,188790529,355,41.0147094726563,29.1192626953125,9643.825352112675,55.14453939439612,0.6017382753688482,0.018101336547688508,0.12091760262307683,0.45749207354511673
sxk9qe,3487104,137570471,355,41.0202026367188,29.1192626953125,9822.828169014085,39.45120965706787,0.61290853329588,0.02528367674896887,0.21568882087827418,0.4937426195705983
sxk9qf,611110,13404750,355,41.0147094726563,29.1302490234375,1721.4366197183099,21.935085336518792,0.10735987914619756,0.04538217051252794,0.4808891157247126,0.21941865011975206
sxk9qg,1491686,38422970,355,41.0202026367188,29.1302490234375,4201.9323943661975,25.758081794694057,0.26214949681456223,0.0386726288492596,0.3923564899311599,0.3012115947495415
sxk9qh,877613,15842178,355,41.0256958007813,29.0972900390625,2472.1492957746477,18.051439529724377,0.15420637221150046,0.05509204922080274,0.609011288791558,0.2906478471855177
sxk9qj,1895095,70786027,355,41.0311889648438,29.0972900390625,5338.295774647887,37.3522314184777,0.3330616325915733,0.02670067876133631,0.23438620964275916,0.303459005706929
sxk9qk,1028849,23871518,355,41.0256958007813,29.1082763671875,2898.1661971830986,23.202158917392154,0.18079097435565702,0.042914478591664945,0.4483278386110213,0.2610520336322663
sxk9qm,2925618,112722780,355,41.0311889648438,29.1082763671875,8241.177464788732,38.52956195921682,0.5142092691027389,0.025886910161076908,0.22364850584941032,0.4270410401267403
sxk9qn,535464,11971555,354,41.0366821289063,29.0972900390625,1512.6101694915253,22.35734801966145,0.0943285461683237,0.044528855282667305,0.46962959283617134,0.20691886016867797
sxk9qp,370010,8563891,354,41.0421752929688,29.0972900390625,1045.225988700565,23.14502581011324,0.06516251436601422,0.04301995653474081,0.4497196235841936,0.18052964713146802
sxk9qq,720564,17990361,355,41.0366821289063,29.1082763671875,2029.7577464788733,24.96705497360401,0.1265999479333019,0.03989299904009526,0.40845931525920626,0.21115775813107318
sxk9qr,275500,6551508,354,41.0421752929688,29.1082763671875,778.2485875706215,23.78042831215971,0.04850240541950178,0.0418752958250254,0.4346157873819972,0.16433642000825038
sxk9qs,3045435,168807639,355,41.0256958007813,29.1192626953125,8578.69014084507,55.429729743041634,0.5352709691946906,0.01800837145484773,0.1196909251256565,0.4105969559739804
sxk9qt,4013804,213131539,355,41.0311889648438,29.1192626953125,11306.49014084507,53.09963789960845,0.7054930366504202,0.018797120421892192,0.13009849402513673,0.5328746738628352
sxk9qu,2351535,110822401,355,41.0256958007813,29.1302490234375,6624.042253521126,47.12768510781255,0.4132956760909968,0.02117402107931343,0.16146177739275466,0.3377455064815241
sxk9qv,1535790,80780186,355,41.0311889648438,29.1302490234375,4326.169014084507,52.59845812252977,0.26990219652207814,0.01897588725793246,0.13245732838279403,0.2286687360802929
sxk9qw,2295177,143616162,355,41.0366821289063,29.1192626953125,6465.287323943662,62.57302247277661,0.40338894087160215,0.01595582852948207,0.09260755283937665,0.3101545244619345
sxk9qx,2631420,161628028,355,41.0421752929688,29.1192626953125,7412.450704225352,61.42236055057725,0.4624944870296441,0.016254252779814984,0.09654527076533934,0.3527097221503526
sxk9r0,591541,14895148,355,41.0037231445313,29.1412353515625,1666.312676056338,25.180246170595108,0.10391999658279334,0.039556576832829926,0.40402021302551444,0.19395006151560967
sxk9r1,605724,14315677,355,41.0092163085938,29.1412353515625,1706.2647887323944,23.63399336991765,0.10641311602664648,0.042133659701256994,0.43802490733697214,0.20589665341974417
sxk9r2,889562,21412427,355,41.0037231445313,29.1522216796875,2505.8084507042254,24.070752797444136,0.15630679414159998,0.04137231506110732,0.4279789394439186,0.23780843773229557
sxk9r3,532448,11407643,355,41.0092163085938,29.1522216796875,1499.8535211267606,21.424895952280785,0.09353249694973877,0.04645783200146152,0.49508250490979494,0.2139974993377556
sxk9r4,653924,15333472,355,41.0147094726563,29.1412353515625,1842.0394366197183,23.448400731583487,0.11488581977012254,0.04246572883647186,0.4424065706399234,0.21314204503106277
sxk9r5,294329,6223647,355,41.0202026367188,29.1412353515625,829.0957746478873,21.145204855790627,0.05167540685237825,0.047069444930649296,0.5031527578879846,0.18711861216306017
sxk9r6,651886,16704414,355,41.0147094726563,29.1522216796875,1836.2985915492957,25.624747271762242,0.11452757557449589,0.03887307383181519,0.39500136815435355,0.19866971334845318
sxk9r7,321930,6779416,355,41.0202026367188,29.1522216796875,906.8450704225352,21.058664927158077,0.05652717233004802,0.047261961160718416,0.5056930159579512,0.19127692541841895
sxk9r8,1235205,40063644,355,41.0037231445313,29.1632080078125,3479.450704225352,32.43481365441364,0.2170646933118551,0.030736306364685172,0.2876364503269159,0.23823622041637332
sxk9r9,818767,24210303,355,41.0092163085938,29.1632080078125,2306.385915492958,29.56922176883045,0.14386229079057533,0.03370496225993257,0.32680796377359383,0.19874599268548088
sxk9rb,1005467,30410355,355,41.0037231445313,29.1741943359375,2832.301408450704,30.245005554632822,0.17668083412889443,0.03295435218160071,0.31690363878137784,0.21874767552463945
sxk9rc,1054399,26579711,355,41.0092163085938,29.1741943359375,2970.138028169014,25.208399287176867,0.1852822104686407,0.03951257401358745,0.40343959435953575,0.2507294256359092
sxk9rd,910112,23454466,355,41.0147094726563,29.1632080078125,2563.6957746478874,25.77096665025843,0.15991911907787454,0.03865336821459707,0.3921023452150671,0.2295740869190323
sxk9re,707651,17340214,355,41.0202026367188,29.1632080078125,1993.3830985915492,24.50390658672142,0.12433007192833287,0.04064395206815221,0.4183681654844713,0.2125414999951744
sxk9rf,815263,21343572,355,41.0147094726563,29.1741943359375,2296.5154929577466,26.17998363718211,0.14324634983793758,0.03805177407284054,0.3841642904708359,0.21552173202780706
sxk9rg,1146680,46454579,354,41.0202026367188,29.1741943359375,3239.2090395480227,40.51224317159103,0.20207296633393107,0.02462311662458274,0.2069727080286324,0.20354288884234145
sxk9rh,135601,3685396,354,41.0256958007813,29.1412353515625,383.05367231638417,27.178236148700968,0.023841178231816404,0.036659261784696494,0.36579004443342067,0.12642583809229768
sxk9rj,1273351,74033197,354,41.0311889648438,29.1412353515625,3597.036723163842,58.14044752782226,0.22440237761700882,0.01717019773109206,0.10863119491465094,0.18967102280630144
sxk9rk,260357,6123017,354,41.0256958007813,29.1522216796875,735.4717514124294,23.517773672303797,0.04583301562183975,0.042340993434647256,0.4407606828569468,0.16431131579237185
sxk9rm,187303,4384809,354,41.0311889648438,29.1522216796875,529.1045197740114,23.410244363411156,0.03295514450789922,0.04253464934444891,0.44331597903895575,0.15606339486721615
sxk9rn,1394212,88363272,355,41.0366821289063,29.1412353515625,3927.357746478873,63.378648297389496,0.24501529920685297,0.015753328510007422,0.0899355583355668,0.19849137694546712
sxk9rq,1638521,100478414,355,41.0366821289063,29.1522216796875,4615.552112676056,61.32262815063096,0.28796048134097935,0.016280644936710144,0.09689351615489784,0.23064039178515489
sxk9rs,347926,8771595,354,41.0256958007813,29.1632080078125,982.8418079096045,25.211093738323665,0.06126957344997591,0.03950836776705127,0.4033840927963483,0.1639039292538876
sxk9rt,1467757,79837573,354,41.0311889648438,29.1632080078125,4146.206214689266,54.3942716675853,0.2586720331016739,0.018350552625053758,0.12420601706722635,0.21833222829133964
sxk9ru,1777704,90594488,354,41.0256958007813,29.1741943359375,5021.762711864407,50.96151440284772,0.31330911687740864,0.019584221339589366,0.14048431685857024,0.2614616768717571
sxk9rv,1761400,71998563,355,41.0311889648438,29.1741943359375,4961.69014084507,40.875759623027136,0.30956042663754774,0.024404672645483558,0.20409033244636024,0.2779193983801915
sxk9rw,1310799,74938125,354,41.0366821289063,29.1632080078125,3702.822033898305,57.169806354750044,0.23100366594447677,0.017461207984633922,0.11247108490593813,0.19544389163291517
sxk9ry,251991,6203892,354,41.0366821289063,29.1741943359375,711.8389830508474,24.619498315416028,0.04435826722012011,0.040453895432673956,0.41586036184707914,0.15580889560820782
sxk9s0,739267,20109802,354,41.0476684570313,29.0093994140625,2088.324858757062,27.202353141693056,0.13025469349269228,0.03662687955174506,0.36536275979072386,0.20078711338210176
sxk9s1,1063435,35574555,354,41.0531616210938,29.0093994140625,3004.053672316384,33.45249592123637,0.18739863801679604,0.02980404207029708,0.27533519190153094,0.2137796041822165
sxk9s2,348130,8388693,354,41.0476684570313,29.0203857421875,983.4180790960452,24.096438112199465,0.061305534324222956,0.04132839698814247,0.4273994390078968,0.1711337057293251
sxk9s3,1644736,69980790,354,41.0531616210938,29.0203857421875,4646.146892655367,42.54834210475116,0.2898696780201463,0.023447570307512537,0.19146133520835115,0.2603471751766077
sxk9s4,1025039,29326891,354,41.0586547851563,29.0093994140625,2895.590395480226,28.610512380504545,0.18063023739135653,0.03483044770315682,0.34165878169556285,0.2289388006826184
sxk9s5,2482413,92952174,355,41.0641479492188,29.0093994140625,6992.712676056338,37.444282639512444,0.43630170348806446,0.026635213931283843,0.23352239902907707,0.37546791215036823
sxk9s6,2052228,86228483,354,41.0586547851563,29.0203857421875,5797.254237288135,42.017009318652704,0.36170187688621597,0.02374337627902563,0.19536450485805118,0.3118006652777665
sxk9s7,1268463,49878901,354,41.0641479492188,29.0203857421875,3583.228813559322,39.322314486114294,0.22354072686544227,0.025366344240194967,0.21677962117929603,0.22151239515959836
sxk9s8,1800672,90486667,354,41.0476684570313,29.0313720703125,5086.64406779661,50.251609954505874,0.3173578882485175,0.01986033814814519,0.1441276873470508,0.2653888279780775
sxk9s9,1603122,79798416,354,41.0531616210938,29.0313720703125,4528.593220338983,49.776882857324644,0.28253401223133906,0.020049368419043964,0.14662194806962048,0.24176039298282348
sxk9sb,100965,2432625,354,41.0476684570313,29.0423583984375,285.2118644067797,24.093745357302037,0.017735585876812652,0.0413329968234201,0.4274601339876412,0.14065295031006123
sxk9sd,327789,8601475,354,41.0586547851563,29.0313720703125,925.957627118644,26.240889718690987,0.057719847348442516,0.0379637897838515,0.38300333484618837,0.15530489359776628
sxk9se,246402,6943134,354,41.0641479492188,29.0313720703125,696.0508474576271,28.17807485328853,0.04337304503302818,0.03536308624926451,0.3486869650577634,0.13496722104044875
sxk9sf,50887,1118151,354,41.0586547851563,29.0423583984375,143.74858757062148,21.973215163008234,0.008907896364343597,0.04530377621090138,0.47985470030282956,0.1501919375458894
sxk9sg,171885,5163316,354,41.0641479492188,29.0423583984375,485.5508474576271,30.039363527940193,0.03023727804152181,0.0331792009832247,0.319870526210259,0.11712725249214297
sxk9sh,2398712,81935445,355,41.0696411132813,29.0093994140625,6756.935211267606,34.158100263808244,0.4215885546077182,0.029190176696880173,0.2672352178466914,0.37528255357941015
sxk9sj,1196294,36700186,354,41.0751342773438,29.0093994140625,3379.361581920904,30.678232942738155,0.2108188624853676,0.032490494235340464,0.310783017725778,0.24080810905749073
sxk9sk,1727264,64087632,354,41.0696411132813,29.0203857421875,4879.276836158192,37.10355336532227,0.3044176144410306,0.026879152918014224,0.2367411820864788,0.28411468473466506
sxk9sm,1859350,57077499,355,41.0751342773438,29.0203857421875,5237.605633802817,30.697555059563825,0.3267782965892797,0.03247010998327484,0.310514046840615,0.32189902166468026
sxk9sn,1830569,49095014,355,41.0806274414063,29.0093994140625,5156.532394366197,26.81953753177291,0.3217191080739066,0.03714774070021479,0.3722355399986953,0.33687403765134316
sxk9sp,2371935,78794481,355,41.0861206054688,29.0093994140625,6681.507042253521,33.219494210423136,0.4168816336919701,0.03001246038384268,0.27808527849279113,0.3752427271322164
sxk9sq,510073,11270158,354,41.0806274414063,29.0203857421875,1440.8841807909605,22.09518637528354,0.0898526512761335,0.04505481427781997,0.4765696393009728,0.20586774768358526
sxk9sr,785217,29666931,354,41.0861206054688,29.0203857421875,2218.1271186440677,37.781824642105306,0.1383547041380446,0.02639788366710586,0.23039081828594188,0.1659655383824138
sxk9ss,324275,9205798,354,41.0696411132813,29.0313720703125,916.0310734463277,28.388861305990286,0.05710040366165758,0.035101438041320814,0.3452345082364209,0.14354063503408657
sxk9st,755466,18392382,354,41.0751342773438,29.0313720703125,2134.084745762712,24.345744216152678,0.1331102336982214,0.040906915786971365,0.4218379805156453,0.21972855774344854
sxk9su,210465,5902237,354,41.0696411132813,29.0423583984375,594.5338983050848,28.04379350485829,0.037038113965301836,0.035531812718401876,0.35091331643961465,0.1312006747075957
sxk9sv,216284,5552065,354,41.0751342773438,29.0423583984375,610.9717514124294,25.670253000684287,0.03806388027531935,0.038804430828577686,0.39409562143960536,0.14487340262460513
sxk9sw,558470,12203777,354,41.0806274414063,29.0313720703125,1577.5988700564972,21.852162157322685,0.09838401613365505,0.04555359935998037,0.4831511250784682,0.21381414881709898
sxk9sx,410275,9415188,354,41.0861206054688,29.0313720703125,1158.9689265536724,22.948480896959357,0.07226038005992305,0.04338680733322966,0.45456023209289137,0.18695033566981353
sxk9sy,318282,6576794,354,41.0806274414063,29.0423583984375,899.1016949152543,20.66341797525465,0.05604396484125287,0.048161627396403436,0.5175641419126558,0.19450001796267374
sxk9sz,292080,6679731,354,41.0861206054688,29.0423583984375,825.0847457627119,22.869525472473295,0.0514251078460511,0.04353594510249683,0.45652810992730425,0.17295600847042703
sxk9t0,343313,7356413,354,41.0476684570313,29.0533447265625,969.8107344632768,21.42771465106186,0.06045639936712476,0.0464517491154443,0.4950022410261297,0.19082015186482626
sxk9t1,179410,4106184,354,41.0531616210938,29.0533447265625,506.80790960451975,22.887152332645893,0.031563775976370036,0.043502561149334706,0.4560876075530523,0.1589209254493747
sxk9t2,227462,5439537,354,41.0476684570313,29.0643310546875,642.54802259887,23.91404718150724,0.040034324649503204,0.04164229346438866,0.4315413134702846,0.15748642129573764
sxk9t3,180227,4788494,354,41.0531616210938,29.0643310546875,509.11581920903956,26.569237683587918,0.03170779575215356,0.03749638485600185,0.376835911250339,0.13524623040160919
sxk9t4,130947,4188123,354,41.0586547851563,29.0533447265625,369.90677966101697,31.983344406515613,0.023020776718356784,0.031168820411282185,0.2933434875821516,0.10411758997749523
sxk9t5,126245,4161261,354,41.0641479492188,29.0533447265625,356.6242937853107,32.96178858568656,0.022191913822721385,0.030246397511383576,0.2811720866849483,0.09988596568138945
sxk9t6,193112,5196352,354,41.0586547851563,29.0643310546875,545.5141242937854,26.908488338373587,0.033979148029963456,0.03702539688528968,0.37062120928453973,0.13497176640633632
sxk9t7,208444,5359369,354,41.0641479492188,29.0643310546875,588.8248587570622,25.711313350348295,0.036681854519942596,0.03874270117241074,0.39328109656979027,0.14366162713489689
sxk9t8,390476,8256333,354,41.0476684570313,29.0753173828125,1103.0395480225989,21.14427775330622,0.06877023619121074,0.04707149904610766,0.5031798620098963,0.19909312393681639
sxk9t9,358762,8675855,354,41.0531616210938,29.0753173828125,1013.45197740113,24.182759043599937,0.06317973047615737,0.041181481816151534,0.42546088841859575,0.17186407785888888
sxk9tb,267210,7600464,354,41.0476684570313,29.0863037109375,754.8305084745763,28.443785786460086,0.04704105420622712,0.035033895205111715,0.34434327826226757,0.13623172142303924
sxk9tc,282447,9186014,354,41.0531616210938,29.0863037109375,797.8728813559322,32.52296537049429,0.04972701421065004,0.03065325265938105,0.2865405539182667,0.12077107612293503
sxk9td,286694,6197665,354,41.0586547851563,29.0753173828125,809.8700564971751,21.61770040531019,0.05047567025441089,0.04604539068765725,0.48964032803253743,0.18222506758784884
sxk9te,234287,6401473,354,41.0641479492188,29.0753173828125,661.8276836158192,27.323210421406223,0.04123742742762137,0.03646546063109417,0.3632328317546226,0.13783604872572175
sxk9tf,265446,8805383,354,41.0586547851563,29.0863037109375,749.8474576271186,33.17203122292293,0.046730098411267344,0.030055273550929015,0.278650199658933,0.11630612878556704
sxk9tg,340829,11088033,354,41.0641479492188,29.0863037109375,962.7937853107345,32.532539778011845,0.060018522839528354,0.030644258975938202,0.2864218819655892,0.1279395305773466
sxk9th,127663,4712811,354,41.0696411132813,29.0533447265625,360.62994350282486,36.91602891989065,0.022441877154497438,0.027015323609244524,0.23853795889416152,0.08727070167639665
sxk9tj,120140,4017952,354,41.0751342773438,29.0533447265625,339.3785310734463,33.443915431996004,0.021115731777239865,0.02981166590487364,0.2754357886527775,0.09741174883990115
sxk9tk,179156,5083334,354,41.0696411132813,29.0643310546875,506.090395480226,28.373785974234746,0.03151900116235656,0.035120022356875065,0.3454797288993465,0.12570721948345354
sxk9tm,493562,13333783,354,41.0751342773438,29.0643310546875,1394.2429378531074,27.015416502891227,0.08694211208646185,0.036879389254204274,0.3686946337277244,0.1714678685788406
sxk9tn,125824,3781401,354,41.0806274414063,29.0533447265625,355.43502824858757,30.05309797812818,0.022117700449888016,0.03316408817181435,0.31967111216017474,0.11138372396297404
sxk9tp,156455,4136763,354,41.0861206054688,29.0533447265625,441.9632768361582,26.44059314179796,0.027517296229600453,0.03767813306422044,0.37923408491322175,0.13303233283468685
sxk9tq,437009,11701325,354,41.0806274414063,29.0643310546875,1234.4887005649719,26.775935964705532,0.07697301737423967,0.03720800649745693,0.3730307492012252,0.16579033692233533
sxk9tr,135130,4507605,354,41.0861206054688,29.0643310546875,381.7231638418079,33.357544586694296,0.0237581509192166,0.02988862489322331,0.27645126506815054,0.09956608516389678
sxk9ts,322928,8176970,354,41.0696411132813,29.0753173828125,912.2259887005649,25.3213409800327,0.056862956124349856,0.039337027924115184,0.40112325786015124,0.16014104664509027
sxk9tt,423978,10879908,354,41.0751342773438,29.0753173828125,1197.677966101695,25.661491869861173,0.0746759283923118,0.03881762768444003,0.39426975439239836,0.17055407619233776
sxk9tu,156944,4106020,355,41.0696411132813,29.0863037109375,442.0957746478873,26.162325415434804,0.02752556444994135,0.03807735926584336,0.3845018879449487,0.13461846149844356
sxk9tv,32858,1456563,352,41.0751342773438,29.0863037109375,93.3465909090909,44.32902185160387,0.0057626760125500205,0.02250781039789874,0.17906117189032608,0.057752224775882835
sxk9tw,569618,18216476,355,41.0806274414063,29.0753173828125,1604.5577464788732,31.98016214375248,0.10006632263739447,0.031171912271482926,0.29338428478051415,0.15806171128033036
sxk9tx,89153,2136996,354,41.0861206054688,29.0753173828125,251.84463276836158,23.969984184491828,0.01565338074639042,0.04154551961211071,0.43026437926519157,0.14003668030203076
sxk9ty,317993,14791072,355,41.0806274414063,29.0863037109375,895.7549295774647,46.51382892076241,0.055835117669507245,0.0214528611605769,0.16514108155534593,0.08862690683525884
sxk9tz,1140716,48718281,355,41.0861206054688,29.0863037109375,3213.2845070422536,42.70851026898895,0.2004552056766412,0.023359841155799647,0.190303746128563,0.19740976781221775
sxk9u0,1836732,67958108,355,41.0916137695313,29.0093994140625,5173.892957746479,36.999468621442865,0.32280245399031826,0.02695456396434791,0.23773623335537702,0.29728258779983585
sxk9u1,2619078,122201772,355,41.0971069335938,29.0093994140625,7377.684507042253,46.658317163520906,0.46032498268105526,0.02138656950597364,0.16426636096416816,0.3715073961659891
sxk9u2,1729831,97256261,354,41.0916137695313,29.0203857421875,4886.5282485875705,56.222984210596294,0.30487012210863934,0.01775474105315367,0.116344263524913,0.24831236453352143
sxk9u3,1105935,78924646,354,41.0971069335938,29.0203857421875,3124.1101694915255,71.3646335453711,0.19489048681826446,0.013992935391813422,0.06670711248868666,0.1564354745193911
sxk9u4,2366743,108175515,355,41.1026000976563,29.0093994140625,6666.881690140845,45.70648988926977,0.4159689723260754,0.021830967673300183,0.170130209588382,0.34221734350476735
sxk9u5,1301308,51877922,354,41.1080932617188,29.0093994140625,3676.0112994350284,39.86598253449606,0.22933060389801238,0.02502127901239171,0.21222647400164044,0.22419936492910078
sxk9u7,1583670,68259044,354,41.1080932617188,29.0203857421875,4473.64406779661,43.10181035190412,0.2791050371046058,0.023147178135694144,0.18749765049282088,0.2516228211210703
sxk9u8,2993261,159854332,354,41.0916137695313,29.0313720703125,8455.5395480226,53.40474218586351,0.5275860404907388,0.018689932128375154,0.12868414092090832,0.4079154706197896
sxk9u9,190634,7438953,354,41.0971069335938,29.0313720703125,538.5141242937854,39.0221733793552,0.03354232917513901,0.025560952105173704,0.21934747844158362,0.08928387395507238
sxk9ub,3303714,188317433,354,41.0916137695313,29.0423583984375,9332.525423728814,57.0017359250831,0.5823123213369098,0.017512602441929082,0.11314923648229465,0.44156339588052523
sxk9uc,147101,7238934,354,41.0971069335938,29.0423583984375,415.53954802259886,49.21063758913944,0.02586838437809609,0.020279599877253418,0.1496598598314848,0.0630058270141127
sxk9ud,1249,56689,323,41.1026000976563,29.0313720703125,3.8668730650154797,45.38751000800641,0.00017890060131244207,0.021984056718514305,0.17215022464056248,0.05177029781308745
sxk9ue,666201,23337815,354,41.1080932617188,29.0313720703125,1881.9237288135594,35.03119178746354,0.11737470703320782,0.02846473316504016,0.25766296627392754,0.1594611848054237
sxk9uf,166600,6902460,354,41.1026000976563,29.0423583984375,470.6214689265537,41.431332533013205,0.029305644608209797,0.024078206477124258,0.1997826004777462,0.08044873136907071
sxk9uk,888696,38003892,354,41.1135864257813,29.0203857421875,2510.4406779661017,42.7636582138324,0.1565958575998599,0.023329786622768772,0.18990717556387166,0.1665892529890634
sxk9um,771302,34955205,354,41.1190795898438,29.0203857421875,2178.8192090395482,45.31973857192124,0.13590178470104622,0.02201685944133122,0.1725830576610441,0.14690616658904557
sxk9uq,735784,32644008,354,41.1245727539063,29.0203857421875,2078.4858757062148,44.36629228143042,0.12964071444856257,0.022488944966918466,0.17881224189998793,0.14439217268399018
sxk9ur,643487,30095771,354,41.1300659179688,29.0203857421875,1817.7598870056497,46.769819747718294,0.11337071047611245,0.021335691184276032,0.16359501981421784,0.12843800327754407
sxk9us,402552,15056871,354,41.1135864257813,29.0313720703125,1137.1525423728813,37.40354289632147,0.07089897892359974,0.026664147511729748,0.2339041785870621,0.11980053882263844
sxk9ut,190742,9208214,354,41.1190795898438,29.0313720703125,538.819209039548,48.275754684338004,0.033561367285034505,0.02067151213506044,0.15483115513087697,0.06994230363878724
sxk9uu,366732,13713846,354,41.1135864257813,29.0423583984375,1035.9661016949153,37.394735119924086,0.06458467247492686,0.02667041110709478,0.2339868269365925,0.11540531881342656
sxk9uv,254678,9227269,354,41.1190795898438,29.0423583984375,719.4293785310734,36.23111929573815,0.044831928343168244,0.02752461304205692,0.24525804992849112,0.1049597648187651
sxk9uw,87523,3093070,354,41.1245727539063,29.0313720703125,247.24011299435028,35.34008203557922,0.01536604631000469,0.028216638973805813,0.25438935515465394,0.08707303896339946
sxk9ux,82662,2819777,354,41.1300659179688,29.0313720703125,233.5084745762712,34.11213132999443,0.014509155085912034,0.02922939791018751,0.26775274306304364,0.09048223147905152
sxk9uy,244810,8101017,354,41.1245727539063,29.0423583984375,691.5536723163842,33.09103794779625,0.04309240919086495,0.030128614886127593,0.2796179410204454,0.11405006873973908
sxk9uz,19893,639877,354,41.1300659179688,29.0423583984375,56.19491525423729,32.16593776705374,0.0034443113819268506,0.030992435652097635,0.2910160848079709,0.08971584340974008
sxk9v0,3006058,198127406,354,41.0916137695313,29.0533447265625,8491.689265536723,65.90937566740229,0.5298418802345597,0.015149363100154797,0.0819662146298023,0.3954791805531324
sxk9v1,416031,12840565,354,41.0971069335938,29.0533447265625,1175.2288135593221,30.864442793926415,0.07327504080583487,0.03229510721879184,0.3082048795325662,0.14375399242385428
sxk9v2,2864841,187765607,354,41.0916137695313,29.0643310546875,8092.771186440678,65.54137105689286,0.5049483175946312,0.015234294834172149,0.08308689168989422,0.3783898898232101
sxk9v3,103557,3442399,354,41.0971069335938,29.0643310546875,292.53389830508473,33.241586758982976,0.018192500514304558,0.029992573755673983,0.27782287377152776,0.09608161249147151
sxk9v4,188404,4848545,354,41.1026000976563,29.0533447265625,532.2146892655368,25.734830470690643,0.03314922746155608,0.038707434180165805,0.392815747432102,0.14104918345271986
sxk9v5,273321,8804211,354,41.1080932617188,29.0533447265625,772.0932203389831,32.21198151623915,0.04811829392448061,0.030948272222098987,0.2904333468777133,0.12081280981045042
sxk9v6,92692,2950533,354,41.1026000976563,29.0643310546875,261.84180790960454,31.831582013550253,0.01627723140305858,0.03131695759939634,0.2952981627149133,0.099983510796615
sxk9v7,66838,2119892,354,41.1080932617188,29.0643310546875,188.80790960451978,31.716867650139143,0.011719719428631186,0.03142986955837643,0.2967880397756263,0.09724021553272971
sxk9v8,2941337,183759257,354,41.0916137695313,29.0753173828125,8308.861581920904,62.47473750882677,0.518432940322093,0.015980890049421947,0.09293824042997637,0.3907845303544579
sxk9vb,3766416,184869365,354,41.0916137695313,29.0863037109375,10639.593220338984,49.083628839724554,0.6638768724930754,0.020331968656861724,0.15035086762322547,0.5098190710321203
sxk9vc,213522,4178373,354,41.0971069335938,29.0863037109375,603.1694915254237,19.568817264731504,0.03757699824262157,0.05084189794132244,0.5529304010534042,0.19218301908585636
sxk9vd,25944,1179962,353,41.1026000976563,29.0753173828125,73.4957507082153,45.48111316682085,0.004523930114857243,0.021938911328034754,0.1715545297090427,0.054633109993112876
sxk9ve,97867,3697052,354,41.1080932617188,29.0753173828125,276.46045197740114,37.776288227901134,0.017189474168884434,0.026401742271655898,0.2304417327015396,0.08116515172868097
sxk9vg,245124,8467469,354,41.1080932617188,29.0863037109375,692.4406779661017,34.54361466033518,0.04314776073259815,0.028865348197771604,0.2629490949784042,0.10908816100633996
sxk9vh,397711,9717377,354,41.1135864257813,29.0533447265625,1123.4774011299435,24.433261840884462,0.07004561327541366,0.040760988346584585,0.41991246307777014,0.17500566821612057
sxk9vj,172232,5589969,354,41.1190795898438,29.0533447265625,486.5310734463277,32.45604185052719,0.030298446783500858,0.030716264728717524,0.2873720002725809,0.10742051283022487
sxk9vk,146504,4443751,354,41.1135864257813,29.0643310546875,413.85310734463275,30.331943155135697,0.025763145937284876,0.03286020859404898,0.31566141100698164,0.1127326254581939
sxk9vm,162121,4446392,354,41.1190795898438,29.0643310546875,457.9689265536723,27.426379062552044,0.028516091883932688,0.03632878838613535,0.36142943692878143,0.1283900953973873
sxk9vq,15109,445266,354,41.1245727539063,29.0643310546875,42.68079096045198,29.47024952015355,0.0026009936250745015,0.03381777347933611,0.3282965115722378,0.1003096490092235
sxk9vr,120735,4468298,354,41.1300659179688,29.0643310546875,341.0593220338983,37.00913571044022,0.021220617660460423,0.026947542184838913,0.237643580740806,0.08614750658456409
sxk9vt,34880,904866,354,41.1190795898438,29.0753173828125,98.53107344632768,25.942259174311925,0.006086201687517603,0.03839912633180456,0.3887476151008564,0.12088462571151924
sxk9vu,94814,3467882,354,41.1135864257813,29.0863037109375,267.8361581920904,36.57563229059,0.01665129500674601,0.027266060257032668,0.2418464373157031,0.08420983769943313
sxk9vw,107610,3276738,354,41.1245727539063,29.0753173828125,303.9830508474576,30.45012545302481,0.01890695847177165,0.03273308980474215,0.31398407434676795,0.10743009323427054
sxk9vx,17,504,17,41.1300659179688,29.0753173828125,1.0,29.647058823529413,0.0,0.03361676883527783,0.3256442485968695,0.09769327457906085
sxk9w0,172220,4111771,354,41.0476684570313,29.0972900390625,486.49717514124296,23.875107420740914,0.030296331437956913,0.0417099278201731,0.43243375104828385,0.150937557321055
sxk9w1,122368,3269143,354,41.0531616210938,29.0972900390625,345.6723163841808,26.7156691291841,0.02150848093323214,0.037291629576070406,0.37413415850966153,0.12729618420616096
sxk9w2,93538,2330783,354,41.0476684570313,29.1082763671875,264.2316384180791,24.91803331266437,0.016426363263906632,0.03997116749755826,0.4094907506598265,0.13434567948268258
sxk9w3,41241,1278498,354,41.0531616210938,29.1082763671875,116.5,31.00065468829563,0.0072075111046032625,0.032153663966962676,0.3063385311121117,0.09694681710685579
sxk9w4,195516,5211690,354,41.0586547851563,29.0972900390625,552.3050847457627,26.656079297857975,0.034402922253933564,0.037374683669742954,0.37523006004284504,0.136651063590607
sxk9w5,259477,9453456,355,41.0641479492188,29.0972900390625,730.9211267605634,36.432731995514054,0.0455490443862449,0.0273727133279491,0.2432537281398841,0.10486044951233667
sxk9w6,276553,10871448,354,41.0586547851563,29.1082763671875,781.223163841808,39.31054083665699,0.04868802699098287,0.025373922274871914,0.21687961359934127,0.09914550297349038
sxk9w7,2687917,182326427,355,41.0641479492188,29.1082763671875,7571.597183098592,67.83186646016227,0.47242565597975134,0.014720631893522853,0.07630909207394135,0.3535906868080083
sxk9w8,2682829,170074570,355,41.0476684570313,29.1192626953125,7557.264788732395,63.39374220272705,0.4715312759663321,0.015749583585845883,0.0898861439364829,0.3570377363573773
sxk9w9,2860556,169711398,355,41.0531616210938,29.1192626953125,8057.904225352113,59.32811593270679,0.502772525306929,0.01682705204944317,0.10410337621245716,0.38317178057858736
sxk9wb,1297750,103847104,355,41.0476684570313,29.1302490234375,3655.6338028169016,80.02088537853977,0.22805899322130968,0.012481140158092263,0.04675892401014396,0.17366897245795995
sxk9wc,179073,11058995,354,41.0531616210938,29.1302490234375,505.85593220338984,61.75690919345742,0.031504370022344276,0.01616634282311942,0.09538529595778078,0.050668647802975225
sxk9wd,2444126,149125036,355,41.0586547851563,29.1192626953125,6884.861971830986,61.01364495938425,0.4295715290435319,0.016362957906775055,0.09797963853738602,0.3300939618916881
sxk9we,1369336,95510160,355,41.0641479492188,29.1192626953125,3857.2845070422536,69.74925073174151,0.24064254032048968,0.014316545840134134,0.07097716313624541,0.18974292716521637
sxk9wh,69609,2244268,353,41.0696411132813,29.0972900390625,197.19263456090653,32.2410607823701,0.012242948850555008,0.030920445273246087,0.2900661693604684,0.09558991500352902
sxk9wj,2782180,184510979,355,41.0751342773438,29.0972900390625,7837.12676056338,66.31885032600334,0.48899541682977793,0.01505596671866051,0.08073384626422937,0.36651694566011334
sxk9wk,2901982,199472414,355,41.0696411132813,29.1082763671875,8174.597183098592,68.73661311476087,0.5100544801881995,0.014527152844269827,0.07375612957276412,0.37916497500356894
sxk9wm,928894,60711801,355,41.0751342773438,29.1082763671875,2616.6028169014085,65.35923474583753,0.1632206610220647,0.01527668332639023,0.08364620925700032,0.1393483254925454
sxk9wn,2972204,193605276,355,41.0806274414063,29.0972900390625,8372.405633802817,65.13862305548341,0.5223982603183732,0.015328343137308882,0.0843278621832598,0.39097714087783914
sxk9wp,2841558,159127999,355,41.0861206054688,29.0972900390625,8004.388732394366,56.00026429163156,0.49943301439990495,0.01782522796687019,0.11727434069986677,0.3847854122898935
sxk9x0,1186622,110986222,355,41.0476684570313,29.1412353515625,3342.5971830985914,93.53123572628857,0.2085246649722431,0.01068019654171063,0.022995412988627294,0.15286588937715834
sxk9x2,1075438,106375898,355,41.0476684570313,29.1522216796875,3029.4028169014086,98.91402200777729,0.18898049291799743,0.010099579632483292,0.015334153526532614,0.13688659110055798
sxk9x3,131040,13281657,354,41.0531616210938,29.1522216796875,370.1694915254237,101.35574633699633,0.02303717064632235,0.00985651415621537,0.012126896468786418,0.01976408839306157
sxk9x8,18197,1706692,354,41.0476684570313,29.1632080078125,51.40395480225989,93.78974556245535,0.0031453425450494294,0.010650790392597254,0.02260739787133002,0.008983959142933606
sxk9x9,1087628,109501445,355,41.0531616210938,29.1632080078125,3063.7408450704224,100.67913385826772,0.19112327836681428,0.009922688970579617,0.013000075349117539,0.13768631746150525
sxk9xc,350159,34102757,354,41.0531616210938,29.1741943359375,989.1497175141243,97.39220468415778,0.06166320399994483,0.010257230342053157,0.01741435989187145,0.04838855076752281
sxk9xf,49,5045,42,41.0586547851563,29.1741943359375,1.1666666666666667,102.95918367346938,1.0400448924391436e-05,0.009703162438860177,0.010103415448952852,0.003038304948932929
sxk9y0,1162900,48570739,355,41.0916137695313,29.0972900390625,3275.774647887324,41.766909450511655,0.2043547587854643,0.0238852118086729,0.19723602939738544,0.20221913996904065
sxk9y1,922964,38245618,355,41.0971069335938,29.0972900390625,2599.898591549296,41.43782206023204,0.16217827236648769,0.02407444469644911,0.1997329636564036,0.17344467975346245
sxk9y4,530542,35946954,354,41.1026000976563,29.0972900390625,1498.7062146892656,67.75515227823622,0.09346090193771601,0.01473727442095416,0.07652869077788876,0.08838123858976783
sxk9y5,25967,1784985,354,41.1080932617188,29.0972900390625,73.35310734463278,68.74051680979704,0.0045150287847531825,0.014526329062330413,0.07374525974262698,0.025284098072115322
sxk9y6,5860,405794,353,41.1026000976563,29.1082763671875,16.60056657223796,69.24812286689419,0.0009735173749567752,0.01442000098430041,0.07234225721041045,0.022384139325592876
sxk9y7,513882,36386779,354,41.1080932617188,29.1082763671875,1451.6440677966102,70.80765428639259,0.0905240972075404,0.014102849827199873,0.06815743712571086,0.08381409918299153
sxk9ye,301087,19213151,354,41.1080932617188,29.1192626953125,850.5282485875706,63.8126222653253,0.05301285095557641,0.015646361619284285,0.08852412664858055,0.06366623366347765
sxk9ys,399830,28014806,354,41.1135864257813,29.1192626953125,1129.4632768361582,70.06679338718955,0.07041914804271511,0.01425175573411014,0.07012225552859928,0.07033008028848037
sxk9yt,492166,22773315,354,41.1190795898438,29.1192626953125,1390.2994350282486,46.2716136425515,0.08669602688818304,0.021564917013851343,0.16661966227274935,0.11067311750355294
sxk9yv,483795,23816608,355,41.1190795898438,29.1302490234375,1362.8028169014085,49.22871877551442,0.08498016385365285,0.020272166494954166,0.1495617761043827,0.1043546475288718
sxk9yy,271422,12949225,354,41.1245727539063,29.1302490234375,766.728813559322,47.70882610842157,0.047783540492151465,0.020916639905196273,0.1580656242249212,0.08086816561198239
sxk9yz,162859,11056893,354,41.1300659179688,29.1302490234375,460.05367231638417,67.89242841967591,0.028646185634885246,0.01470751998777876,0.07613608004078906,0.04289315395665639
sxk9zj,180361,8006227,355,41.1190795898438,29.1412353515625,508.05915492957746,44.390012253203295,0.031641857054940915,0.02247695492437181,0.17865403288910375,0.07574550980518976
sxk9zn,239159,10127242,355,41.1245727539063,29.1412353515625,673.687323943662,42.34522639750124,0.04197750092856966,0.023559775382865435,0.19294188491605155,0.08726681612481423
sxk9zq,119501,7034001,354,41.1245727539063,29.1522216796875,337.5734463276836,58.861440490037744,0.021003089627024844,0.016960236922450397,0.10586075504920575,0.04646038925367912
sxk9zr,143116,8022145,354,41.1300659179688,29.1522216796875,404.28248587570624,56.053446155566114,0.02516591337871135,0.01780834603150846,0.11705158300030091,0.052731614265188215
sxkb3x,550056,25442761,354,40.8663940429688,29.2510986328125,1553.8305084745762,46.25485586922059,0.09690080634975963,0.02157271296067162,0.1667225300507862,0.1178473234600676
sxkb3z,1222208,53475244,354,40.8663940429688,29.2620849609375,3452.5649717514125,43.75298148923915,0.21538695118751472,0.022803466629638048,0.18296236571872204,0.2056595755468769
sxkb5n,120308,2230721,354,40.8169555664063,29.3170166015625,339.85310734463275,18.541751171991887,0.02114534661485508,0.05364302906812961,0.5898914195989675,0.1917691685100888
sxkb5p,342674,14540904,354,40.8224487304688,29.3170166015625,968.0056497175141,42.433636634235455,0.06034375721690974,0.02351080413366528,0.19229570765124443,0.09992934234721014
sxkb5r,541989,24509324,354,40.8224487304688,29.3280029296875,1531.042372881356,45.22107275239903,0.09547876530784327,0.022064791040213538,0.17321551670526855,0.11879979072707084
sxkb5z,1376156,84093236,354,40.8224487304688,29.3499755859375,3887.446327683616,61.10734248152099,0.24252471917077256,0.016337909137321367,0.09764911918987636,0.19906203917650367
sxkb6e,1326719,48960159,354,40.8444213867188,29.2950439453125,3747.7937853107346,36.90318673358865,0.23381002436610918,0.02702469944547443,0.23866167336559677,0.23526551906595544
sxkb6f,21423,1556372,353,40.8389282226563,29.3060302734375,60.68838526912181,72.64958222471176,0.003724716014225396,0.013745783404104794,0.06344593377632704,0.02164108134285589
sxkb6g,2089632,149974963,354,40.8444213867188,29.3060302734375,5902.9152542372885,71.77099269153612,0.36829540894668955,0.013913819227346847,0.06566317206257886,0.2775057378814563
sxkb6j,438943,19412313,354,40.8554077148438,29.2730712890625,1239.9519774011299,44.22513401512269,0.07731394056440531,0.02256056348659484,0.1797572506532845,0.10804693359106907
sxkb6m,2733631,116981363,355,40.8554077148438,29.2840576171875,7700.369014084507,42.793399328585316,0.4804613650861676,0.02331361038418732,0.18969372955683378,0.3932310744273675
sxkb6n,2506614,122526755,355,40.8609008789063,29.2730712890625,7060.884507042254,48.88138141732233,0.44055580936557204,0.020415920724652096,0.15145861795481214,0.3538266519423441
sxkb6p,5013870,203706837,355,40.8663940429688,29.2730712890625,14123.577464788732,40.62866348748572,0.8812868736197799,0.024552732998647495,0.20604399373939392,0.6787140096556641
sxkb6q,2604925,135854060,355,40.8609008789063,29.2840576171875,7337.816901408451,52.15277215274912,0.4578371367042624,0.019137740617411206,0.1345929888537033,0.3608638923490946
sxkb6r,4028,215889,353,40.8663940429688,29.2840576171875,11.410764872521247,53.59707050645481,0.0006496597699230342,0.018622989868316783,0.12780083556907368,0.03879501250966823
sxkb6s,3896702,159907481,354,40.8499145507813,29.2950439453125,11007.632768361582,41.036620454938564,0.6868435316212662,0.024309240500089434,0.2028311021083019,0.5416398027673769
sxkb6t,3298890,132927102,355,40.8554077148438,29.2950439453125,9292.647887323943,40.29449360239353,0.5798238556532533,0.024755849394798357,0.20872412135398266,0.46849393536347206
sxkb6u,1087015,43185245,354,40.8499145507813,29.3060302734375,3070.6638418079096,39.72828801810463,0.19155529201064606,0.02510778267811644,0.21336789275298443,0.19809907223334755
sxkb6v,535,38356,272,40.8554077148438,29.3060302734375,1.9669117647058822,71.69345794392524,6.0337898539300285e-05,0.01392884572827035,0.06586144724291346,0.019800670701851545
sxkb6w,390165,9989186,355,40.8609008789063,29.2950439453125,1099.056338028169,25.602465623518256,0.06852167315859758,0.03890677317295896,0.3954460320835313,0.1665989808360777
sxkb72,594684,26280339,354,40.8279418945313,29.3280029296875,1679.8983050847457,44.19210706862805,0.10476777642768745,0.022577386044212302,0.17997922486153642,0.12733121095784214
sxkb73,2464013,147607162,355,40.8334350585938,29.3280029296875,6940.881690140845,59.90518800022565,0.4330673103577749,0.016665225680090188,0.10196807187715658,0.33373753881358936
sxkb74,1999006,157310540,354,40.8389282226563,29.3170166015625,5646.909604519774,78.69438110741038,0.3523199668412336,0.012691260289700442,0.049531466147440605,0.2614834166330957
sxkb75,85804,6813776,354,40.8444213867188,29.3170166015625,242.38418079096044,79.41093655307445,0.015063023060834709,0.012576886191404483,0.048022296109739605,0.024950804975506176
sxkb76,657433,48232530,354,40.8389282226563,29.3280029296875,1857.1553672316384,73.36493604671503,0.11582909455576605,0.013611935895025051,0.061679811434524084,0.09958430961939346
sxkb78,1563165,114042766,355,40.8279418945313,29.3389892578125,4403.281690140845,72.95632003019514,0.2747142352145607,0.01368806969180335,0.06268439941961935,0.2111052844760783
sxkb79,980534,76371211,354,40.8334350585938,29.3389892578125,2769.870056497175,77.88736647581828,0.17278494960525412,0.0128225896730347,0.05126436173613365,0.13632877324451798
sxkb7b,1125517,74907699,354,40.8279418945313,29.3499755859375,3179.4265536723165,66.554036056319,0.19834237818839046,0.015002842425851825,0.08003286945063769,0.1628495255670646
sxkb7h,77304,4756773,354,40.8499145507813,29.3170166015625,218.3728813559322,61.53333592052158,0.013564653300541029,0.016224985798100174,0.0961590919665029,0.038342984900329585
sxkb7j,722407,50091746,354,40.8554077148438,29.3170166015625,2040.6977401129943,69.34006176573594,0.12728263300345097,0.014400908849615018,0.07209033585713003,0.11072494385955467
sxkb7n,508789,31671216,354,40.8609008789063,29.3170166015625,1437.2570621468926,62.248232567921086,0.08962630930293149,0.016038947036880594,0.0937043043138205,0.09084970780619818
sxkb7q,775770,42345864,354,40.8609008789063,29.3280029296875,2191.4406779661017,54.5855910901427,0.1366893983585747,0.018286352585119153,0.12335889540128937,0.13269024747138908
sxkb7r,816181,37279133,354,40.8663940429688,29.3280029296875,2305.5960451977403,45.675080650002876,0.1438130007566015,0.021845947310197414,0.17032786639632852,0.1517674604485196
sxkb7x,1128679,52240768,354,40.8663940429688,29.3389892578125,3188.358757062147,46.2848763908959,0.19889977173921972,0.021558750994025995,0.16653830143571607,0.18919133064816862
sxkb7z,305768,13415599,354,40.8663940429688,29.3499755859375,863.7514124293785,43.87509157269564,0.053838011996509914,0.02274014593799971,0.18212684708285218,0.09232466252241259
sxkb84,107064,5577577,354,40.8828735351563,29.1851806640625,302.4406779661017,52.095727788986025,0.0188107102495222,0.019158656126852837,0.134868969697643,0.05362818808395844
sxkb85,1148476,33620908,355,40.8883666992188,29.1851806640625,3235.143661971831,29.274367074279304,0.20181927582289377,0.03404328670201773,0.3312721660591114,0.24065514289375906
sxkb86,657448,36532196,354,40.8828735351563,29.1961669921875,1857.1977401129943,55.56666991153673,0.11583173873769599,0.017964070809142356,0.11910637662957693,0.11681413010526026
sxkb87,865136,26535153,355,40.8883666992188,29.1961669921875,2437.0028169014086,30.67165509237854,0.15201313726114052,0.03249743951041743,0.31087466086181936,0.19967159434134418
sxkb8c,966527,45782078,354,40.8773803710938,29.2181396484375,2730.3022598870057,47.36761414838902,0.17031581251908548,0.02106699521222805,0.16004956751070368,0.16723593901657094
sxkb8d,892430,49767802,354,40.8828735351563,29.2071533203125,2520.9887005649716,55.76661698956781,0.15725408262161714,0.017899777253144466,0.11825802101606915,0.14555526413995273
sxkb8e,484779,16646693,354,40.8883666992188,29.2071533203125,1369.4322033898304,34.33872548109551,0.08539385542709015,0.029037079219117187,0.26521509152674766,0.1393402262569874
sxkb8f,268104,14749557,354,40.8828735351563,29.2181396484375,757.3559322033898,55.01431161041984,0.047198647449250945,0.018144107597108067,0.12148196804520237,0.06948364362803636
sxkb8h,560334,12715941,355,40.8938598632813,29.1851806640625,1578.405633802817,22.69350244675497,0.09843436036448096,0.043872151826423955,0.4609643688511689,0.20719336291048734
sxkb8j,605454,13970648,354,40.8993530273438,29.1851806640625,1710.322033898305,23.07466463183,0.10666629905337721,0.04315057049958416,0.4514430792020629,0.2100993330979829
sxkb8k,791053,23039165,355,40.8938598632813,29.1961669921875,2228.318309859155,29.124679383050186,0.13899066192031193,0.03421765511583278,0.33357296308896156,0.1973653522709068
sxkb8m,393312,9788678,355,40.8993530273438,29.1961669921875,1107.9211267605633,24.887819339354,0.06907485985321832,0.04001949855724595,0.410128480602687,0.1713909460780589
sxkb8n,606537,12619341,354,40.9048461914063,29.1851806640625,1713.3813559322034,20.805558440787618,0.10685720898871816,0.04783416825876118,0.5132433076812698,0.22877303859648365
sxkb8p,778731,27978344,355,40.9103393554688,29.1851806640625,2193.6084507042256,35.92812408906285,0.13682467321642997,0.027756094031650472,0.2483124492986002,0.17027100604108103
sxkb8q,320832,7256095,354,40.9048461914063,29.1961669921875,906.3050847457627,22.616493990624377,0.05649347576934097,0.04402087753562337,0.46292680953925897,0.17842347590031638
sxkb8r,2550494,153309757,355,40.9103393554688,29.1961669921875,7184.4901408450705,60.109828527336276,0.4482691338523714,0.016608584087662418,0.10122068417790261,0.34415459895003075
sxkb8s,809885,29816460,355,40.8938598632813,29.2071533203125,2281.3661971830984,36.81567136074875,0.14230099297626922,0.027088766454435063,0.2395070396833999,0.17146280698840843
sxkb8t,1171073,44496174,355,40.8993530273438,29.2071533203125,3298.7971830985916,37.996071978433456,0.20579142699491304,0.02624942541493804,0.22843190670229485,0.21258357090712754
sxkb8v,2827037,147401794,355,40.8993530273438,29.2181396484375,7963.484507042253,52.14003000314464,0.49688048056050627,0.019142408607724842,0.1346545831414186,0.38821271133477997
sxkb8w,3720736,165910301,354,40.9048461914063,29.2071533203125,10510.553672316384,44.59072102938774,0.6558244571224617,0.022376009537693958,0.17732205514861793,0.5122737365303086
sxkb8x,2544942,138013565,355,40.9103393554688,29.2071533203125,7168.850704225352,54.23053452691653,0.44729319088175357,0.018405856093769483,0.12493574817951664,0.35058595807108245
sxkb8y,2521096,124874395,354,40.9048461914063,29.2181396484375,7121.74011299435,49.531788952106545,0.44435336309437806,0.020148377100913595,0.14792837092563524,0.35542586544375515
sxkb8z,1483293,77775051,354,40.9103393554688,29.2181396484375,4190.093220338983,52.43404438637545,0.2614107004659001,0.01903527534726314,0.13324095620018891,0.2229597771861867
sxkb90,980200,49463360,355,40.8718872070313,29.2291259765625,2761.1267605633802,50.462517853499286,0.1722393443885125,0.01977749610684771,0.14303458385202145,0.16347791622756516
sxkb91,768840,20851588,355,40.8773803710938,29.2291259765625,2165.7464788732395,27.120841787628116,0.13508601112666394,0.036736556782549626,0.36680995450538695,0.20460319414028083
sxkb92,771694,34594661,354,40.8718872070313,29.2401123046875,2179.9265536723165,44.829506255070015,0.13597088598881504,0.022257088567207574,0.17575288898087277,0.14790548688643235
sxkb93,1379370,44993877,355,40.8773803710938,29.2401123046875,3885.549295774648,32.61915004676048,0.24240633926990957,0.030563141113716365,0.28535152907090866,0.25528989621020926
sxkb95,550265,22405397,355,40.8883666992188,29.2291259765625,1550.0422535211267,40.71746703860867,0.09666440903682409,0.02449931542920373,0.205339147130831,0.12926683046502616
sxkb96,2823159,126607100,355,40.8828735351563,29.2401123046875,7952.560563380282,44.84589780455157,0.49619879705185066,0.02224897151567706,0.17564578421548588,0.4000328932009412
sxkb97,3860149,171916057,355,40.8883666992188,29.2401123046875,10873.659154929577,44.53611946067367,0.6784832172789719,0.02240338120971835,0.17768322527294186,0.5282432196771628
sxkb98,931417,46192943,354,40.8718872070313,29.2510986328125,2631.1214689265535,49.59426658521371,0.1641266640150959,0.02012304574986011,0.14759412290450127,0.1591669016819175
sxkb99,489602,15859289,354,40.8773803710938,29.2510986328125,1383.0564971751412,32.39220632268659,0.08624404805696032,0.030776611168499925,0.2881682735561163,0.1468213157067071
sxkb9b,3442205,157322782,354,40.8718872070313,29.2620849609375,9723.742937853107,45.70407108234402,0.6067253479807724,0.021832120516149217,0.17014542138818511,0.47575137000299617
sxkb9c,3320186,133882863,354,40.8773803710938,29.2620849609375,9379.056497175141,40.32390444390766,0.5852159856535636,0.024737838013336965,0.2084864605755012,0.47219712813014486
sxkb9d,3554311,146200676,354,40.8828735351563,29.2510986328125,10040.426553672316,41.13333807874437,0.6264872586098881,0.024252220329343068,0.20207871905552072,0.49916469674357783
sxkb9f,1234502,41989076,354,40.8828735351563,29.2620849609375,3487.2937853107346,34.01296717218765,0.21755412269728538,0.029314365852504947,0.2688738978928616,0.23295005525595824
sxkb9g,730038,21596161,354,40.8883666992188,29.2620849609375,2062.2542372881358,29.58224229423674,0.12862781649060404,0.033690177112871464,0.32661287326551497,0.18802333352307732
sxkb9h,3262253,164692369,355,40.8938598632813,29.2291259765625,9189.445070422535,50.48424171883664,0.5733837218970348,0.019769002480225346,0.14292251016575094,0.4442453583776496
sxkb9j,1808462,90782100,355,40.8993530273438,29.2291259765625,5094.259154929578,50.198511221137075,0.31783309019720485,0.019881304152393427,0.14440433447164605,0.2658044634795372
sxkb9k,882238,31450232,354,40.8938598632813,29.2401123046875,2492.1977401129943,35.64824004406974,0.15545744913962734,0.02797340508979517,0.2511798759511316,0.1841741771830786
sxkb9s,941130,28057685,354,40.8938598632813,29.2510986328125,2658.5593220338983,29.812762317639432,0.16583885995412329,0.03343054678070651,0.323187042382304,0.21304331468257748
sxkb9t,737828,19954283,354,40.8993530273438,29.2510986328125,2084.25988700565,27.044626932022098,0.13000102830621438,0.0368397032128784,0.36817097509018043,0.2014520123414042
sxkb9v,1062013,36372677,354,40.8993530273438,29.2620849609375,3000.036723163842,34.24880580557865,0.1871479695698387,0.02911309364465848,0.2662181044043935,0.21086901002020514
sxkbb0,2028859,128202239,355,40.9158325195313,29.1851806640625,5715.095774647887,63.18932907609646,0.35657496751983747,0.015800451902367955,0.0905573530678087,0.2767696831842288
sxkbb1,515722,25399155,354,40.9213256835938,29.1851806640625,1456.8418079096045,49.24970235902288,0.09084845019094515,0.020263546732762906,0.1494480380550781,0.10842832655018503
sxkbb2,657469,15402976,354,40.9158325195313,29.1961669921875,1857.2570621468926,23.42768404289784,0.11583544059239789,0.04250312092667973,0.4428999605160361,0.21395479656948935
sxkbb3,771382,26096187,354,40.9213256835938,29.1961669921875,2179.045197740113,33.8304329113202,0.1359158870046725,0.029472067232787065,0.2709547728599368,0.17642755276125177
sxkbb8,550955,12490364,354,40.9158325195313,29.2071533203125,1556.370056497175,22.670388688731386,0.0970592809867601,0.043916685554642294,0.4615519928787729,0.20640709455436393
sxkbb9,1760710,73790796,354,40.9213256835938,29.2071533203125,4973.757062146893,41.90968188969222,0.3103134350295933,0.02380403647487192,0.1961649181633033,0.2760688799697063
sxkbbb,896393,63585964,354,40.9158325195313,29.2181396484375,2532.183615819209,70.93536428776217,0.15795267548750463,0.014077495202939053,0.0678228820138307,0.13091373744540244
sxkbbc,490907,35751058,354,40.9213256835938,29.2181396484375,1386.7429378531074,72.82653944637171,0.08647409188486424,0.013712429077145148,0.06300582232080391,0.07943361101564614
sxkbbd,1608876,101631652,354,40.9268188476563,29.2071533203125,4544.847457627118,63.16935052794622,0.2835483204196602,0.015805441207402588,0.09062318711397302,0.22567078042795402
sxkbbe,1248796,96299686,354,40.9323120117188,29.2071533203125,3527.6723163841807,77.11402502890785,0.22007385179771335,0.012951015047144791,0.052958938826358805,0.16993937790630698
sxkbbf,173317,4964110,354,40.9268188476563,29.2181396484375,489.5960451977401,28.641795092229845,0.03048970927643246,0.034792538071859794,0.3411585628475356,0.1236903653477634
sxkbbp,27178,946895,353,40.9542846679688,29.1851806640625,76.9915014164306,34.840495989403195,0.0047420743750164335,0.028620085997155893,0.259712852069699,0.08123330768342121
sxkbbr,3551,139938,352,40.9542846679688,29.1961669921875,10.088068181818182,39.40805406927626,0.0005671199336783214,0.025311294710858908,0.21605324080558114,0.06521295619524915
sxkbbs,1299255,95277391,354,40.9378051757813,29.2071533203125,3670.2118644067796,73.33232583288115,0.22896870353120263,0.01361798075517615,0.06175957356561889,0.1788059645415275
sxkbbt,544536,38883266,354,40.9432983398438,29.2071533203125,1538.2372881355932,71.40623576769947,0.09592774739954539,0.01398479432267523,0.06659969081016624,0.08712933042273165
sxkbbv,1561086,100892781,354,40.9432983398438,29.2181396484375,4409.847457627118,64.62986728469797,0.2751239567909032,0.015448818944765524,0.08591754447663114,0.21836203309662156
sxkbbx,125417,3655729,354,40.9542846679688,29.2071533203125,354.2853107344633,29.148592296100208,0.02204595498018925,0.03418967962206279,0.33320382551658645,0.11539331614110841
sxkbby,1685746,106075554,354,40.9487915039063,29.2181396484375,4761.994350282486,62.92499225862022,0.297098871416575,0.015866721504646044,0.09143178267782108,0.2353987447949488
sxkbbz,1395028,76093089,354,40.9542846679688,29.2181396484375,3940.7570621468926,54.545922375751594,0.2458514525962152,0.018299627063184803,0.12353405258164116,0.20915623259184296
sxkbd0,2887909,115529246,354,40.8718872070313,29.2730712890625,8157.9350282485875,40.00446205195524,0.5090147168452729,0.024934881278409926,0.21108645302317405,0.4196362376986432
sxkbd2,1972547,144297246,354,40.8718872070313,29.2840576171875,5572.166666666667,73.15275428164703,0.3476558061956324,0.013651363826609631,0.06220006430543197,0.2620190836285723
sxkbd8,2286498,133605628,354,40.8718872070313,29.2950439453125,6459.033898305085,58.432427231512996,0.40299871026786316,0.017084546930621985,0.10750102974875768,0.3143494061121315
sxkbd9,465977,37604759,354,40.8773803710938,29.2950439453125,1316.319209039548,80.70089081649952,0.08207946151732054,0.012376101177783058,0.04537293116530315,0.07106750241171532
sxkbdc,2089531,165663957,354,40.8773803710938,29.3060302734375,5902.629943502825,79.28284241774828,0.3682776047883613,0.012597180568787768,0.048290081095474724,0.2722813476804953
sxkbdj,1038801,39188746,354,40.8993530273438,29.2730712890625,2934.4661016949153,37.72497908646603,0.18305618617266964,0.0264375559260469,0.23091429506445868,0.19741361884020636
sxkbdn,786848,35044706,354,40.9048461914063,29.2730712890625,2222.7344632768363,44.53808867786409,0.13864221485322567,0.02240239288058714,0.1776701842371267,0.15035060566839598
sxkbdq,1023506,31845862,354,40.9048461914063,29.2840576171875,2891.25988700565,31.114484917528575,0.18036000199811766,0.03203640882244536,0.3047913455735299,0.21768940507074133
sxkbdw,295428,14093129,354,40.9048461914063,29.2950439453125,834.542372881356,47.70410726132933,0.05201528925281148,0.020918704632079604,0.15809286836493877,0.08383856298644966
sxkbdx,918726,31826257,354,40.9103393554688,29.2950439453125,2595.271186440678,34.641728872373264,0.16188950982357977,0.028783829488554992,0.2618734528942723,0.19188469274478753
sxkbe1,2191325,125766308,354,40.8773803710938,29.3170166015625,6190.183615819209,57.392813936773415,0.38622172848004777,0.01739347809797117,0.11157738679481674,0.3038284259744784
sxkbe2,1107342,30005844,354,40.8718872070313,29.3280029296875,3128.084745762712,27.097178649414545,0.19513851108329192,0.03676851973840773,0.3672317067728679,0.2467664697901647
sxkbe3,284149,10915636,354,40.8773803710938,29.3280029296875,802.680790960452,38.4151835832609,0.05002704072029943,0.025963786407462705,0.22466289048181326,0.10241779564875358
sxkbe4,1588896,127952107,354,40.8828735351563,29.3170166015625,4488.406779661017,80.52893770265644,0.28002627008899345,0.012402495040773105,0.04572119906684054,0.20973474878234757
sxkbe5,25670,2150607,354,40.8883666992188,29.3170166015625,72.51412429378531,83.77900272691858,0.0044626739825405675,0.011921934780932708,0.03938019042706741,0.01493792891589862
sxkbe6,42877,2640316,354,40.8828735351563,29.3280029296875,121.12146892655367,61.578841803297806,0.007495903213760964,0.01621301520526497,0.09600113959520933,0.03404747412819547
sxkbe7,1461051,102910464,354,40.8883666992188,29.3280029296875,4127.262711864407,70.43591496806066,0.25748990750019984,0.014177174854154933,0.06913815833272438,0.2009843827499572
sxkbe8,773469,40904144,354,40.8718872070313,29.3389892578125,2184.9406779661017,52.8840121582119,0.13628378085052342,0.018873617894657902,0.13110788072700275,0.13473101081346722
sxkbe9,1195722,55845565,354,40.8773803710938,29.3389892578125,3377.7457627118642,46.70447227700084,0.2107180310144396,0.02136547965078517,0.1639880796222901,0.1966990455967947
sxkbed,65274,3445602,354,40.8828735351563,29.3389892578125,184.38983050847457,52.78674510524864,0.011444019392737148,0.018908329450222812,0.13156590085919212,0.04748058383267364
sxkbef,897530,42141399,354,40.8828735351563,29.3499755859375,2535.3954802259886,46.95263556649917,0.15815310447779335,0.021252794619479005,0.16250119687979533,0.15945753219839393
sxkbeg,615445,33716597,355,40.8883666992188,29.3499755859375,1733.6478873239437,54.78409443573349,0.10812189513640438,0.018220214987257365,0.12248620759394815,0.11243118887366751
sxkbek,6630,468445,352,40.8938598632813,29.3280029296875,18.835227272727273,70.6553544494721,0.0011129662218294786,0.014133205999471338,0.06855798783023172,0.02134647270435015
sxkbem,3840,265820,314,40.8993530273438,29.3280029296875,12.229299363057326,69.22395833333333,0.0007007385268930737,0.014425027422578176,0.07240858123095509,0.02221309133811168
sxkbep,1357971,40117545,354,40.9103393554688,29.3170166015625,3836.076271186441,29.542269312083985,0.23931908927772072,0.03373560875085699,0.3272123452424132,0.26568706606712844
sxkbeq,1306399,96461868,354,40.9048461914063,29.3280029296875,3690.392655367232,73.837983648181,0.23022803924503063,0.013524848131622018,0.060530685494854096,0.17931883311997765
sxkber,1554617,115377336,354,40.9103393554688,29.3280029296875,4391.573446327684,74.2159232788526,0.27398360926392207,0.013456066423984817,0.05962310857093056,0.20967545905602458
sxkbeu,800495,30420282,355,40.8938598632813,29.3499755859375,2254.9154929577467,38.00183886220401,0.14065039778640948,0.026245452446967667,0.22837948325755553,0.16696912342775327
sxkbev,349687,11407992,355,40.8993530273438,29.3499755859375,985.0338028169014,32.62343753127797,0.06140635983643111,0.030559136675178827,0.28529869037098704,0.12857405899679789
sxkbew,257885,13377335,355,40.9048461914063,29.3389892578125,726.4366197183099,51.87325745972042,0.045269199067580715,0.01924066431231496,0.13595107043714266,0.0724737604784493
sxkbex,442048,22319205,355,40.9103393554688,29.3389892578125,1245.205633802817,50.49045578760678,0.0776417828748376,0.01976657423681428,0.14289046941303835,0.09721638883629782
sxkbey,228125,10400849,354,40.9048461914063,29.3499755859375,644.4209039548023,45.59276273972603,0.04015119749080612,0.021885303930869206,0.17084717831736626,0.07935999173877416
sxkbez,131167,8577737,354,40.9103393554688,29.3499755859375,370.5282485875706,65.39554156152082,0.02305955805332909,0.015268214845749264,0.0835344673727922,0.04120203084916802
sxkbf8,614878,13892927,355,40.9158325195313,29.2950439453125,1732.050704225352,22.59460738553014,0.10802222660896556,0.04406333112585989,0.46348698607688715,0.21466165444934204
sxkbfb,1245547,36580024,355,40.9158325195313,29.3060302734375,3508.5830985915495,29.36864205044049,0.21888263318976028,0.03393437669398995,0.3298350948745502,0.25216837169519724
sxkbfc,678783,38364763,355,40.9213256835938,29.3060302734375,1912.0647887323944,56.519923156590544,0.11925559035848501,0.01766162764358327,0.11511562898330373,0.11801360194593062
sxkbff,197825,8764829,354,40.9268188476563,29.3060302734375,558.8276836158192,44.30597245039808,0.03480994999234746,0.022519493320791704,0.17921532844714724,0.07813156352878739
sxkbfr,174,6155,142,40.9542846679688,29.2840576171875,1.2253521126760563,35.37356321839081,1.4062578827346156e-05,0.028190007128507548,0.2540379470686306,0.07622122792576831
sxkbft,377480,15865321,354,40.9432983398438,29.2950439453125,1066.3276836158193,42.02956712938434,0.06647931696711938,0.023736298949592685,0.19527111926038293,0.10511685765509844
sxkbfu,551366,28320929,355,40.9378051757813,29.3060302734375,1553.143661971831,51.36502613508994,0.09685794527793545,0.019430671178036745,0.1384582173609399,0.10933802690283678
sxkbfv,811983,26993799,354,40.9432983398438,29.3060302734375,2293.737288135593,33.24429082874888,0.14307298237381175,0.02999014149486175,0.2777907800090729,0.1834883216643901
sxkbfw,517537,15308007,355,40.9487915039063,29.2950439453125,1457.850704225352,29.578575058401622,0.09091140803855677,0.03369434004268048,0.32666780326304434,0.16163832660590305
sxkbfx,4102167,265944695,354,40.9542846679688,29.2950439453125,11588.042372881357,64.83029457357539,0.723062654303471,0.015401131422049161,0.08528830602554852,0.5317303498200943
sxkbfy,3976529,290298480,355,40.9487915039063,29.3060302734375,11201.49014084507,73.00298325499449,0.6989407538280537,0.013679332299091622,0.06256910923167798,0.5080292604491409
sxkbfz,1252983,90349716,354,40.9542846679688,29.3060302734375,3539.5,72.10769499665997,0.2208119311137545,0.013848939507711136,0.0648070820003404,0.17401047637973024
sxkbg0,2599900,137882895,354,40.9158325195313,29.3170166015625,7344.350282485876,53.0339224585561,0.4582448372814585,0.018820368490204905,0.13040525306109593,0.3598929620153497
sxkbg1,1455024,86686451,354,40.9213256835938,29.3170166015625,4110.237288135593,59.57733411957466,0.256427475200754,0.016756780689906717,0.10317614328209118,0.21045207562515514
sxkbg2,2163276,145962979,354,40.9158325195313,29.3280029296875,6110.949152542373,67.47311901024187,0.381277284549874,0.01479878411189563,0.077340313199225,0.29009619314467927
sxkbg3,330157,28986289,354,40.9213256835938,29.3280029296875,932.6468926553672,87.79547003395355,0.0581372755357808,0.011377150604163166,0.032191745063618826,0.0503536163941322
sxkbg4,1425065,58026322,355,40.9268188476563,29.3170166015625,4014.2676056338028,40.71836863581661,0.25043870851385436,0.024498774287675402,0.20533200675033514,0.23690669798479858
sxkbg6,1593573,75250013,355,40.9268188476563,29.3280029296875,4488.938028169014,47.220938733274224,0.28005942142683493,0.021132294218348616,0.1609111900720795,0.24431495202040826
sxkbg7,3300215,132300260,355,40.9323120117188,29.3280029296875,9296.38028169014,40.088376060347585,0.5800567671150813,0.024882816824904348,0.21039946082449834,0.46915957522790636
sxkbg8,1003357,61542000,355,40.9158325195313,29.3389892578125,2826.357746478873,61.336094729991416,0.17630993361232317,0.01627707627568045,0.09684642755371131,0.1524708817947396
sxkbg9,1484770,83219481,355,40.9213256835938,29.3389892578125,4182.450704225352,56.048735494386335,0.2609337868749381,0.017809840082685005,0.11707129705535381,0.21777503992906283
sxkbgb,3489017,252688758,354,40.9158325195313,29.3499755859375,9855.9802259887,72.42405468359713,0.614977310947698,0.0137885285697653,0.0640099576613895,0.4496871049618055
sxkbgc,3301336,248910666,354,40.9213256835938,29.3499755859375,9325.80790960452,75.3969502044021,0.5818931303616183,0.01324556816258906,0.056845576998488384,0.4243788643526793
sxkbgd,1240343,74329573,355,40.9268188476563,29.3389892578125,3493.923943661972,59.92662755382987,0.2179678624370414,0.016659273405010694,0.10188953140916633,0.18314436312867885
sxkbge,5308423,345121014,355,40.9323120117188,29.3389892578125,14953.304225352113,65.01384949918271,0.933064058386421,0.01535771587291198,0.08471543640817568,0.6785594717929474
sxkbgf,4422964,271937641,355,40.9268188476563,29.3499755859375,12459.05352112676,61.483123308261156,0.7774160960628822,0.016238215054380875,0.09633365244389559,0.5730913629771861
sxkbgg,2059594,138914763,354,40.9323120117188,29.3499755859375,5818.062146892656,67.44764405023514,0.363000346492607,0.014804365334434176,0.07741395761657481,0.2773244298297973
sxkbgh,948210,47922965,355,40.9378051757813,29.3170166015625,2671.0140845070423,50.54045517343204,0.16661607067992745,0.01974705789225684,0.14263295059636255,0.15942113465485797
sxkbgj,4381114,319431146,355,40.9432983398438,29.3170166015625,12341.166197183098,72.91094137244545,0.7700596095138267,0.013696577269135214,0.0627966571859665,0.5578807238154686
sxkbgk,5689212,335024354,355,40.9378051757813,29.3280029296875,16025.949295774648,58.88765509177721,1.0,0.016952699652904128,0.10576130052641798,0.7317283901579253
sxkbgm,1288024,91392460,354,40.9432983398438,29.3280029296875,3638.4858757062148,70.9555567287566,0.22698891638086635,0.014073494685536595,0.06777009505341708,0.17922326998263155
sxkbgn,1753813,128503663,354,40.9487915039063,29.3170166015625,4954.274011299435,73.27101749160258,0.30909764017821145,0.013629359850631096,0.061909721109272564,0.23494126445752977
sxkbgp,1314988,71475932,354,40.9542846679688,29.3170166015625,3714.6553672316386,54.354816926086016,0.2317420978181086,0.018363848350777583,0.12438145461113569,0.19953390485601671
sxkbgr,512515,34854542,355,40.9542846679688,29.3280029296875,1443.7042253521126,68.00687199399042,0.09002862965267013,0.014682806165114111,0.07580998032732043,0.08576303485506521
sxkbgs,1354184,106153350,354,40.9378051757813,29.3389892578125,3825.3785310734465,78.38916277256267,0.23865152147981106,0.0127406123938115,0.0501826688054863,0.1821108656775136
sxkbgt,521039,40930659,354,40.9432983398438,29.3389892578125,1471.861581920904,78.55584514786801,0.09178572454570767,0.012713613312781312,0.04982641503174477,0.07919793169151879
sxkbgu,29324,1712274,355,40.9378051757813,29.3499755859375,82.60281690140845,58.391556404310464,0.005092235575617387,0.017096484714609273,0.10765854920620986,0.03586212966479513
sxkbgv,1023398,70838717,355,40.9432983398438,29.3499755859375,2882.811267605634,69.21912784664421,0.17983278539080874,0.014426032627131657,0.07242184493852942,0.14760950325512495
sxkbgw,1244610,107645798,355,40.9487915039063,29.3389892578125,3505.943661971831,86.48958147532159,0.21871792523524497,0.011548733496130876,0.03445578703988597,0.16343928377663725
sxkbgx,793744,68459336,355,40.9542846679688,29.3389892578125,2235.898591549296,86.24863432038542,0.1394636919156168,0.011580959072145016,0.034881004589075726,0.10808888571765447
sxkbhc,2431,140344,351,40.7894897460938,29.3939208984375,6.925925925925926,57.73097490744549,0.00036979373953391754,0.01729177143564381,0.11023536399677167,0.03332946481670524
sxkbhd,1039466,82638586,355,40.7949829101563,29.3829345703125,2928.0732394366196,79.50099955169289,0.1826572543482812,0.012562656318789065,0.04783453246647205,0.14221043778373846
sxkbhe,1939974,127993702,355,40.8004760742188,29.3829345703125,5464.715492957746,65.97701927963983,0.3409505635314792,0.01513385456701628,0.0817615790183304,0.26319386817753454
sxkbhf,2515890,199600303,355,40.7949829101563,29.3939208984375,7087.014084507042,79.33586245821559,0.4421863653806028,0.012588772489579434,0.04817913621018261,0.32398419662947675
sxkbhj,1746605,87170499,354,40.8114624023438,29.3609619140625,4933.912429378531,49.90853627465855,0.30782702262148237,0.01999658607298095,0.14592548325473084,0.25925656081145687
sxkbhk,2171169,172309690,355,40.8059692382813,29.3719482421875,6115.969014084507,79.36263367798638,0.38159053743133287,0.012584531291177568,0.04812317345596286,0.28155032823872184
sxkbhm,1995282,146117895,354,40.8114624023438,29.3719482421875,5636.389830508475,73.23170108285446,0.3516635046074297,0.013636667160770503,0.06200614131002506,0.26476629561820825
sxkbhn,3446130,212942906,354,40.8169555664063,29.3609619140625,9734.830508474577,61.791895836779226,0.6074172422524375,0.016157204210341065,0.09526471165769251,0.453771483074014
sxkbhp,2300660,166248151,354,40.8224487304688,29.3609619140625,6499.039548022599,72.26106899759199,0.4054951705673077,0.013819585778000016,0.06441975855880239,0.3031725469647561
sxkbhq,32,1806,31,40.8169555664063,29.3719482421875,1.032258064516129,56.4375,2.0129901143983397e-06,0.017687375635640063,0.11545537459635788,0.03463802147198744
sxkbhs,875540,70005066,355,40.8059692382813,29.3829345703125,2466.3098591549297,79.95644516526943,0.15384197563763688,0.012491186661306141,0.04689148795477781,0.12175682933277915
sxkbj1,2440694,178426176,355,40.7894897460938,29.4049072265625,6875.194366197183,73.10468907613982,0.4289682444118388,0.013660327126858024,0.06231833535084637,0.31897327169354106
sxkbj2,1356689,68391245,355,40.7839965820313,29.4158935546875,3821.6591549295777,50.41040724882416,0.23841942239012162,0.019797900164886896,0.14330381607766549,0.20988474049638478
sxkbj3,2798400,185635810,355,40.7894897460938,29.4158935546875,7882.816901408451,66.33641009148084,0.49184660468702235,0.015051987285631953,0.08068133751283187,0.3684970245347652
sxkbj4,336786,25115061,354,40.7949829101563,29.4049072265625,951.3728813559322,74.57275836881581,0.05930582767001455,0.013391764571772019,0.05877464348859066,0.059146472415587376
sxkbj8,538603,28882641,354,40.7839965820313,29.4268798828125,1521.4774011299435,53.62510234811169,0.0948818853068604,0.018613273056615174,0.12767262191492879,0.10471910628928091
sxkbj9,1987572,146836698,355,40.7894897460938,29.4268798828125,5598.794366197183,73.87742330843864,0.34931744636927947,0.013517637615338918,0.06043554249226052,0.26265287520617375
sxkbjd,1390751,107204448,354,40.7949829101563,29.4268798828125,3928.675141242938,77.0838546943342,0.24509750818859447,0.012956077458948244,0.05302573751877346,0.18747597698764815
sxkbjf,2308212,153673617,355,40.7949829101563,29.4378662109375,6502.005633802817,66.5769075804129,0.4056802623092829,0.014997696148310298,0.07996496414701493,0.3079656728606025
sxkbjz,305290,28931091,354,40.8224487304688,29.4378662109375,862.4011299435028,94.7659307543647,0.05375375073234281,0.010541192101823034,0.021161244772997453,0.0439759989445392
sxkbk0,1147493,94361252,354,40.8279418945313,29.3609619140625,3241.505649717514,82.23252952305592,0.20221628099453326,0.012145867566475848,0.042334990993242214,0.15425189399414593
sxkbk2,836161,70612663,354,40.8279418945313,29.3719482421875,2362.036723163842,84.44864445961962,0.1473350510872683,0.011827510735285644,0.03813426199875914,0.11457481436071554
sxkbk3,1567935,136324895,354,40.8334350585938,29.3719482421875,4429.1949152542375,86.94550156734813,0.2763312902601092,0.011488244446799911,0.03365763201860581,0.2035291927876582
sxkbk6,1261113,114588857,354,40.8389282226563,29.3719482421875,3562.4661016949153,90.86327474223167,0.22224507771977656,0.010993447661528927,0.027128771951447316,0.16371018598927778
sxkbk7,991348,93032559,354,40.8444213867188,29.3719482421875,2800.4180790960454,93.8445016280862,0.17469122849793836,0.010644582521272688,0.02252548480237017,0.1290415053892679
sxkbkk,1608032,143112691,354,40.8499145507813,29.3719482421875,4542.463276836158,88.9986586087839,0.2833995411164028,0.011223513525504568,0.03016449869187924,0.20742902838904573
sxkbkm,1758102,140481525,354,40.8554077148438,29.3719482421875,4966.389830508475,79.90521880983015,0.3098536999313761,0.012499184614155836,0.04699702120910319,0.23099669631469424
sxkbkq,13941,1124872,354,40.8609008789063,29.3719482421875,39.38135593220339,80.68804246467255,0.0023950999921306167,0.012378069445577738,0.04539890252443218,0.015296240751821085
sxkbkt,74227,5290555,354,40.8554077148438,29.3829345703125,209.680790960452,71.2753445511741,0.013022243447314716,0.01401044024779493,0.06693808964658479,0.02919699730709574
sxkbkw,1796231,134113771,354,40.8609008789063,29.3829345703125,5074.098870056498,74.66398865179367,0.31657503411846294,0.013375423355987695,0.05855902060186422,0.2391702300634833
sxkbkx,1314942,84584369,354,40.8663940429688,29.3829345703125,3714.5254237288136,64.32555124104333,0.23173398899352346,0.01552179190921589,0.08688042517384757,0.18827791984762068
sxkbkz,2874111,213636178,355,40.8663940429688,29.3939208984375,8096.087323943662,74.33122033213053,0.5051552535069874,0.013435222417928291,0.05934807121653965,0.37141309881985307
sxkbm3,246337,21358943,354,40.8334350585938,29.4158935546875,695.867231638418,86.7061911121756,0.04336158691133182,0.011519915655644268,0.03407553467452003,0.040575771240288286
sxkbm6,1827871,163750861,354,40.8389282226563,29.4158935546875,5163.477401129943,89.58556758108203,0.3221524952026619,0.011150066024791894,0.029195356472871196,0.2342653535837247
sxkbm7,1640639,147269597,355,40.8444213867188,29.4158935546875,4621.518309859155,89.76355980809916,0.2883327881154334,0.011127981154268416,0.02890394587049605,0.21050413544195218
sxkbm8,179402,16967832,354,40.8279418945313,29.4268798828125,506.7853107344633,94.57994894148337,0.03156236574600741,0.010561898386933508,0.021434464894916665,0.028523995490680184
sxkbm9,1921757,172058051,354,40.8334350585938,29.4268798828125,5428.692090395481,89.53163745468339,0.3387026061808893,0.011156774866526201,0.029283879863078777,0.24587698828554616
sxkbmb,1563530,146318209,355,40.8279418945313,29.4378662109375,4404.30985915493,93.5819645289825,0.2747783957304604,0.010674413213128434,0.022919101775297806,0.1992206075439116
sxkbmc,113,9362,98,40.8334350585938,29.4378662109375,1.153061224489796,82.84955752212389,9.551432685665604e-06,0.012055519400851356,0.04114284393763086,0.012349539184169223
sxkbmh,251785,21611584,354,40.8499145507813,29.4049072265625,711.2570621468926,85.83348491768771,0.04432195378828241,0.011636907323819818,0.035619243633993734,0.041711140741995806
sxkbmj,2482610,214896959,355,40.8554077148438,29.4049072265625,6993.267605633803,86.56090122894857,0.43633633258842686,0.011539229177390045,0.03433037723743834,0.3157345459831303
sxkbmk,1814288,159031788,355,40.8499145507813,29.4158935546875,5110.670422535211,87.65520578871711,0.31885719750030633,0.011395335365147903,0.032431693590687455,0.23292954632742066
sxkbmn,2601217,219812604,355,40.8609008789063,29.4049072265625,7327.371830985915,84.50375497315295,0.45718533617561485,0.011819806346861637,0.0380326023368116,0.33143951602397387
sxkbmp,918313,75783511,354,40.8663940429688,29.4049072265625,2594.1045197740114,82.52470671764421,0.16181670668110906,0.012102917392703479,0.041768262019313315,0.12580217328257032
sxkbs6,1477914,124439216,354,40.8828735351563,29.3719482421875,4174.8983050847455,84.19922674797046,0.26046249682582717,0.011862505014306973,0.03859601267637566,0.1939025515809917
sxkbs7,2951337,252788989,354,40.8883666992188,29.3719482421875,8337.110169491525,85.6523633187264,0.5201957282753796,0.011661486182989227,0.035943562499645976,0.3749200785426595
sxkbs9,2716955,224835237,354,40.8773803710938,29.3829345703125,7675.014124293785,82.75265398212336,0.47887915166865574,0.012069619401881372,0.04132889392100201,0.3476140743443596
sxkbsb,3746504,245642457,355,40.8718872070313,29.3939208984375,10553.532394366197,65.56577999115976,0.65850644514355,0.015228632023172874,0.08301217071008676,0.48585816281351096
sxkbsc,1309106,107416391,354,40.8773803710938,29.3939208984375,3698.039548022599,82.05324167790843,0.23070522594398535,0.012172374206736955,0.04268474699462872,0.17429908225917834
sxkbsd,2683317,220897260,354,40.8828735351563,29.3829345703125,7579.9915254237285,82.32246134169016,0.47294948555138994,0.012132615111485265,0.04216012440809969,0.3437126772084029
sxkbsh,690860,18305779,355,40.8938598632813,29.3609619140625,1946.0845070422536,26.497089135280664,0.12137851241470826,0.03759809936018577,0.3781780375219427,0.19841836994687856
sxkbsj,1039974,50457498,354,40.8993530273438,29.3609619140625,2937.7796610169494,48.518037950948774,0.18326296119959018,0.020568497663540228,0.15347187574695897,0.17432563556380082
sxkbsk,2686066,229878089,354,40.8938598632813,29.3719482421875,7587.757062146893,85.58169791807052,0.4734340759597485,0.011671103914819797,0.036070468791591384,0.3422249938093013
sxkbsm,2976857,214734195,354,40.8993530273438,29.3719482421875,8409.200564971752,72.13453484665202,0.5246943631321673,0.013843793721699986,0.06473918318247733,0.3867078091472603
sxkbsn,3012733,246224487,354,40.9048461914063,29.3609619140625,8510.545197740114,81.72794834457618,0.5310185411933787,0.01222076344611521,0.043323244620444616,0.3847099522214984
sxkbsp,3183036,257292313,354,40.9103393554688,29.3609619140625,8991.627118644068,80.83236036287369,0.5610393488742368,0.012355996977183587,0.04510765556856672,0.40625984088253575
sxkbsq,279859,10994516,354,40.9048461914063,29.3719482421875,790.5621468926554,39.28591183417364,0.04927080468833944,0.025389789227434834,0.21708897856705994,0.09961625685195559
sxkbu0,401265,31599881,354,40.9158325195313,29.3609619140625,1133.5169491525423,78.75065355812244,0.07067210811401174,0.012682203062056797,0.0494119557269164,0.06429406239788314
sxkbu5,310021,16215588,354,40.9323120117188,29.3609619140625,875.7655367231638,52.30480515836024,0.05458772571304273,0.01908221959757574,0.13386038714713974,0.07836952414327183
sxkbu7,574800,56404974,355,40.9323120117188,29.3719482421875,1619.1549295774648,98.12973903966596,0.10097722618093583,0.010180216396545571,0.016398158314968672,0.07560350582114567
sxkbue,969033,97719027,355,40.9323120117188,29.3829345703125,2729.6704225352114,100.84179486147531,0.17027638416645033,0.009906699215843372,0.012789090002630385,0.12303019591730434
sxkbug,920608,94163220,355,40.9323120117188,29.3939208984375,2593.261971830986,102.28372988286003,0.16176412942002236,0.009767176885859959,0.010948088209931315,0.11651931705699504
sxkbuh,1438672,115710869,355,40.9378051757813,29.3609619140625,4052.5971830985914,80.4289434978925,0.2528305773901506,0.012417895436889356,0.04592440780670078,0.19075872651511563
sxkbuj,42530,2990774,353,40.9432983398438,29.3609619140625,120.48158640226629,70.32151422525277,0.007455972820692194,0.014200205874604802,0.06944205341490181,0.026051796998955077
sxkbuk,1009472,93369904,355,40.9378051757813,29.3719482421875,2843.5830985915495,92.49380270081785,0.17738484198143847,0.010799858854821256,0.024574361196999163,0.13154169774610666
sxkbum,383296,20787905,354,40.9432983398438,29.3719482421875,1082.7570621468926,54.234599369677746,0.0675045544407509,0.01840447912749432,0.12491757906363844,0.08472846182761716
sxkbut,300644,21906133,354,40.9432983398438,29.3829345703125,849.276836158192,72.86402855204162,0.05293475944924581,0.013705383595791312,0.06291285695960057,0.055928188702352236
sxkbuv,323504,10885110,354,40.9432983398438,29.3939208984375,913.8531073446328,33.64752831495128,0.056964492710459176,0.02963179971781716,0.2730624483218334,0.12179387939387143
sxkbuy,300336,17465295,354,40.9487915039063,29.3939208984375,848.4067796610169,58.15251917852006,0.05288046558028458,0.01716663955657283,0.10858424468331938,0.06959159931119502
sxkbuz,43293,887397,354,40.9542846679688,29.3939208984375,122.29661016949153,20.497470722749636,0.00756923519261769,0.048549650268249346,0.5226841166347056,0.16210369962524407
sxkbv5,848017,84147808,355,40.9323120117188,29.4049072265625,2388.780281690141,99.22891640144006,0.14900392117432376,0.010067561755717514,0.014911676575845054,0.10877624779478015
sxkbv6,55601,3133843,354,40.9268188476563,29.4158935546875,157.06497175141243,56.36306900955019,0.009738874605522939,0.017710691564265833,0.11576302905140883,0.04154612093928871
sxkbv7,1143657,105344256,355,40.9323120117188,29.4158935546875,3221.569014084507,92.11175728387096,0.20097218123078153,0.010844604087974724,0.02516477603926896,0.14822995967332775
sxkbve,859841,86577668,355,40.9323120117188,29.4268798828125,2422.087323943662,100.69032297831808,0.15108237032500552,0.009921587414846554,0.012985540284518423,0.10965332131285938
sxkbvf,595418,60794308,355,40.9268188476563,29.4378662109375,1677.2338028169015,102.10357765468964,0.10460150430921361,0.009784393295689241,0.011175259311240462,0.07657363080982166
sxkbvg,454071,45494104,355,40.9323120117188,29.4378662109375,1279.0732394366198,100.19160880126677,0.07975521269035239,0.00997092390831574,0.013636536959624518,0.059919609971134026
sxkbvh,190956,14981805,354,40.9378051757813,29.4049072265625,539.4237288135594,78.45684346132093,0.033599090947234844,0.012729635712671813,0.050037831132130006,0.03853071300270339
sxkbvj,223851,16104528,354,40.9432983398438,29.4049072265625,632.3474576271186,71.94306927375798,0.039397781919571384,0.013880585739623042,0.06522465508479874,0.047145843869139586
sxkbvk,120542,5627284,354,40.9378051757813,29.4158935546875,340.5141242937853,46.683180965970365,0.02118659585296199,0.02137520321090159,0.16411638232199327,0.06406553179367137
sxkbvn,204356,10630488,354,40.9487915039063,29.4049072265625,577.276836158192,52.01945624302687,0.03596122680463899,0.019186692879855038,0.13523891558762816,0.06574453343953574
sxkbvp,3253,236230,351,40.9542846679688,29.4049072265625,9.267806267806268,72.61912081155856,0.0005159333808304946,0.013751541394337817,0.06352191064929497,0.019417726561369832
sxkbvr,25095,1596445,354,40.9542846679688,29.4158935546875,70.88983050847457,63.61605897589161,0.004361313675226583,0.015694630460091265,0.08916103561123706,0.029801230256029727
sxkc00,474268,38878786,354,40.9597778320313,29.1851806640625,1339.7401129943503,81.97640574527482,0.08354098900939053,0.012183769390481266,0.042835106823796605,0.07132922435371235
sxkc01,376005,28057266,354,40.9652709960938,29.1851806640625,1062.1610169491526,74.61939601866996,0.06621930574400958,0.013383405826114178,0.058664349561140985,0.063952818889149
sxkc02,37260,1583935,353,40.9597778320313,29.1961669921875,105.55240793201133,42.51033279656468,0.006524351871714129,0.023468486030708065,0.19173731887278067,0.06208824197203409
sxkc03,968638,58646415,354,40.9652709960938,29.1961669921875,2736.2655367231637,60.54523464906394,0.17068793705602428,0.01648934175597975,0.09964727763846547,0.14937573923075662
sxkc04,207597,7210264,354,40.9707641601563,29.1851806640625,586.4322033898305,34.73202406585837,0.036532546380299215,0.02870921305374784,0.26088888655094133,0.10383944843149184
sxkc05,287972,8590287,354,40.9762573242188,29.1851806640625,813.4802259887006,29.8302855833206,0.05070095455484093,0.033410974219279584,0.3229287817821623,0.13236930272303732
sxkc06,607367,18664032,354,40.9707641601563,29.1961669921875,1715.725988700565,30.729414011627238,0.10700352038884095,0.03243655554474219,0.31007129490621876,0.1679238527440543
sxkc07,104451,3172254,354,40.9762573242188,29.1961669921875,295.0593220338983,30.37073843237499,0.018350093757328385,0.03281837104864861,0.3151093632014916,0.10737787459057734
sxkc08,206992,7655669,354,40.9597778320313,29.2071533203125,584.723163841808,36.98533759758831,0.03642589770912537,0.026964834750891703,0.23787175672602168,0.09685965541419425
sxkc09,264873,9266532,354,40.9652709960938,29.2071533203125,748.228813559322,34.98481158895017,0.04662909066154402,0.028502361982612048,0.2581594797754955,0.11008820739572947
sxkc0b,1722335,81816327,354,40.9597778320313,29.2181396484375,4865.353107344633,47.50314369736434,0.30354873625885564,0.021007015972673404,0.15925813944640776,0.2602615572151213
sxkc0c,1513024,80256205,354,40.9652709960938,29.2181396484375,4274.079096045198,53.04357696903684,0.2666516453298167,0.018816949423307208,0.13036013835946528,0.22576419323871127
sxkc0d,772483,49663529,354,40.9707641601563,29.2071533203125,2182.1553672316386,64.29077274192441,0.13610996995832936,0.015530175480390013,0.08699104667481171,0.12137429297327405
sxkc0e,1479026,71265798,354,40.9762573242188,29.2071533203125,4178.039548022599,48.18427667938224,0.26065851884623265,0.020710675788729534,0.15534792084588486,0.2290653394461283
sxkc0f,2219957,111902467,354,40.9707641601563,29.2181396484375,6271.0649717514125,50.40749302801811,0.3912689429478982,0.01979904247960334,0.14331888895840827,0.3168839267510512
sxkc0g,3244533,152923708,354,40.9762573242188,29.2181396484375,9165.347457627118,47.13273312368837,0.5718799659505639,0.021171758097955073,0.16143191727833375,0.4487455513488948
sxkc0h,287826,9552748,354,40.9817504882813,29.1851806640625,813.0677966101695,33.189315767164885,0.05067521785072294,0.03003966819247021,0.2784442864341339,0.11900593842574622
sxkc0j,1537585,70772397,354,40.9872436523438,29.1851806640625,4343.460451977401,46.02828266404784,0.27098122882188413,0.021678673955477536,0.16812068890763054,0.24012306684760804
sxkc0k,2148148,94164027,354,40.9817504882813,29.1961669921875,6068.214689265536,43.83498110930904,0.37861053893414187,0.022760906565818865,0.18240078425862302,0.3197476125314862
sxkc0m,4156882,228293897,354,40.9872436523438,29.1961669921875,11742.604519774011,54.91950384927934,0.7327077485898791,0.018175372913928928,0.12189451494234314,0.5494637784956182
sxkc0n,3785048,215437347,354,40.9927368164063,29.1851806640625,10692.225988700566,56.917996020129735,0.6671612990076391,0.017538322456070857,0.11348861292582796,0.5010594931830957
sxkc0p,523111,15315117,355,40.9982299804688,29.1851806640625,1473.5521126760564,29.27699283708429,0.09189121821835212,0.03404024385837211,0.3312320156358268,0.16369345744359454
sxkc0q,546522,13081191,354,40.9927368164063,29.1961669921875,1543.8474576271187,23.93534203563626,0.09627783708706814,0.04160539918746898,0.4310544922570958,0.19671083363807643
sxkc0r,476689,12716500,354,40.9982299804688,29.1961669921875,1346.5790960451977,26.676722139592062,0.08396775997288122,0.03734587059561707,0.3748498705697677,0.17123239315194716
sxkc0s,4545777,290018513,355,40.9817504882813,29.2071533203125,12805.005633802817,63.79954692014149,0.799004439731918,0.015649563231641545,0.08856637203030505,0.5858730194214341
sxkc0t,971576,37822324,354,40.9872436523438,29.2071533203125,2744.5649717514125,38.92883727057894,0.17120584415669993,0.025622080234345816,0.2201540661426604,0.18589031075248805
sxkc0u,4369876,231754032,355,40.9817504882813,29.2181396484375,12309.50985915493,53.03446413582445,0.7680841687530554,0.018820176626676045,0.13040272141544018,0.5767797345517708
sxkc0v,635425,19224131,355,40.9872436523438,29.2181396484375,1789.9295774647887,30.253973324940002,0.11163402419853408,0.0329446161560128,0.316775171599363,0.17317636841878276
sxkc0y,472647,21840855,354,40.9927368164063,29.2181396484375,1335.1610169491526,46.20965540879345,0.08325524108216276,0.021593768970479453,0.1670003648017391,0.10837877819803565
sxkc0z,538761,18640151,354,40.9982299804688,29.2181396484375,1521.9237288135594,34.598181754061635,0.09490973735652233,0.028819953941331345,0.2623501162522412,0.145141851025238
sxkc10,33655,964344,354,40.9597778320313,29.2291259765625,95.07062146892656,28.65381072648938,0.0058702601632399844,0.03477799897593234,0.3409667189923631,0.1063991978119769
sxkc15,3676878,263734665,354,40.9762573242188,29.2291259765625,10386.661016949152,71.72788028321854,0.648093221716937,0.013922170556293507,0.0657733681262774,0.47339726563973905
sxkc16,392,16084,226,40.9707641601563,29.2401123046875,1.7345132743362832,41.03061224489796,4.5835606764132154e-05,0.024312791505408354,0.2028779577417965,0.060895472247273846
sxkc17,4501812,261582394,355,40.9762573242188,29.2401123046875,12681.160563380281,58.106023530080776,0.7912761737551146,0.01718035246787133,0.10876518700478624,0.5865228777300161
sxkc1c,93584,3017551,354,40.9652709960938,29.2620849609375,264.361581920904,32.244304581979826,0.01643447208849175,0.03091734427201554,0.290025251545913,0.09851170592571812
sxkc1d,3662500,171483848,354,40.9707641601563,29.2510986328125,10346.045197740114,46.82152846416382,0.6455586851977014,0.021312178710541092,0.16328477193990296,0.5008765112203619
sxkc1e,3001821,217604014,354,40.9762573242188,29.2510986328125,8479.72033898305,72.49066949694868,0.5290949869787521,0.013775875149381762,0.06384299535784542,0.3895193894924801
sxkc1f,4296498,244613487,355,40.9707641601563,29.2620849609375,12102.811267605633,56.93322491945766,0.7551856198881427,0.017533639407769776,0.11342681994746664,0.5626579799059399
sxkc1h,555929,20539590,355,40.9817504882813,29.2291259765625,1565.9971830985914,36.946426612031395,0.09766003961780019,0.02699315673472363,0.2382454662463083,0.13983566760635263
sxkc1j,1573064,46150020,355,40.9872436523438,29.2291259765625,4431.166197183099,29.337662040450994,0.27645430356220946,0.033970089018138604,0.3303063201815454,0.2926099085480102
sxkc1k,292863,14449402,355,40.9817504882813,29.2401123046875,824.9661971830986,49.33843469472074,0.051417710095367136,0.020227177623542043,0.1489681464471725,0.08068284100090874
sxkc1n,1191948,35876433,354,40.9927368164063,29.2291259765625,3367.084745762712,30.098991734538757,0.21005275484086922,0.03311368832411363,0.319006084490555,0.24273875373577491
sxkc1p,619742,18647630,354,40.9982299804688,29.2291259765625,1750.683615819209,30.089343630091232,0.10918497048103322,0.03312427100943161,0.3191457233759169,0.17217319634949832
sxkc1r,34856,944193,354,40.9982299804688,29.2401123046875,98.46327683615819,27.088392242368602,0.006081970996429715,0.03678040213211525,0.36738849535373314,0.11447392830362074
sxkc20,302969,7833480,355,41.0037231445313,29.1851806640625,853.4338028169014,25.855714611065817,0.05319416536573164,0.03852716116602952,0.3904370390042854,0.15436702745729775
sxkc21,781393,24165805,354,41.0092163085938,29.1851806640625,2207.324858757062,30.926569600700287,0.13768061402470777,0.03223044032484434,0.3073515977123745,0.1885819091310078
sxkc22,418677,8995457,354,41.0037231445313,29.1961669921875,1182.7033898305085,21.485433878622423,0.07374147449827452,0.04632753761741016,0.4933632661711235,0.1996280120001292
sxkc23,934700,25290587,354,41.0092163085938,29.1961669921875,2640.3954802259886,27.05743768053921,0.16470538730015993,0.03682232513108523,0.3679416707219213,0.22567627232668835
sxkc24,2450758,97065463,355,41.0147094726563,29.1851806640625,6903.543661971831,39.60630262147466,0.43073731682831895,0.025184918614385474,0.21438570400204895,0.3658318329804379
sxkc25,1209158,75056404,354,41.0202026367188,29.1851806640625,3415.700564971751,62.07328074577516,0.21308651290847558,0.01608407965616247,0.09429983072896148,0.17745050825462133
sxkc26,2132467,97714689,354,41.0147094726563,29.1961669921875,6023.918079096045,45.82236864626744,0.37584631114459305,0.021775880240473607,0.16940332907684688,0.3139134165242692
sxkc27,318224,25554976,354,41.0202026367188,29.1961669921875,898.9378531073446,80.30499270953794,0.0560337406711238,0.012437038625356113,0.046177002816327306,0.05307671931468485
sxkc28,386219,9529203,354,41.0037231445313,29.2071533203125,1091.0141242937852,24.673055960478383,0.0680198173594966,0.04036643688995604,0.4147063434619958,0.17202577519024637
sxkc29,1386493,33460643,354,41.0092163085938,29.2071533203125,3916.646892655367,24.133293857235486,0.24434691307808498,0.04126554177452124,0.4265700623699713,0.2990138578656509
sxkc2b,675354,15722617,354,41.0037231445313,29.2181396484375,1907.7796610169491,23.280556567370592,0.11898818684685113,0.04277058149229769,0.44642911159054505,0.21722046426995928
sxkc2c,1016097,22926329,354,41.0092163085938,29.2181396484375,2870.330508474576,22.56313029169459,0.17905395240352756,0.04412453121564024,0.46429452330058735,0.2646261236726455
sxkc2d,1972866,88640871,355,41.0147094726563,29.2071533203125,5557.369014084507,44.93000082114041,0.34673239281634255,0.02220741687240934,0.17509746931306175,0.2952419157653583
sxkc2e,1174556,70314823,355,41.0202026367188,29.2071533203125,3308.6084507042256,59.86502388987839,0.20640367652060865,0.01667638791967182,0.10211535800033672,0.17511718096452705
sxkc2g,1439301,78261453,355,41.0202026367188,29.2181396484375,4054.369014084507,54.37462559950976,0.2529411444161806,0.01835717068258289,0.12429334255682192,0.214346803858373
sxkc2k,227828,19702322,354,41.0256958007813,29.1961669921875,643.5819209039548,86.4789314746212,0.040098842688593504,0.011550154096012712,0.03447453190265796,0.03841154945281284
sxkc2m,266259,23355806,354,41.0311889648438,29.1961669921875,752.1440677966102,87.71837196113559,0.046873413071869555,0.011387138905769678,0.032323541036104325,0.04250845146113998
sxkc2q,341803,31704131,354,41.0366821289063,29.1961669921875,965.5451977401129,92.75556680310004,0.06019021838617847,0.010769413557299124,0.02417263448182629,0.04938494321487281
sxkc2r,326276,29501574,354,41.0421752929688,29.1961669921875,921.6836158192091,90.41907464845714,0.05745313753111024,0.011047395301859116,0.027840612863017304,0.048569380130682356
sxkc2u,847672,46866804,354,41.0256958007813,29.2181396484375,2394.553672316384,55.288842854311575,0.1493641963002966,0.018054177492573452,0.12029533731960078,0.14064353860608786
sxkc2x,806975,87694967,355,41.0421752929688,29.2071533203125,2273.169014084507,108.67123145078844,0.1417894666714245,0.009193607414957252,0.003379819931334825,0.1002665726493976
sxkc2z,855345,91409071,355,41.0421752929688,29.2181396484375,2409.4225352112676,106.86807194757671,0.15029205339490867,0.009348583944656716,0.0054247404041861055,0.10683185949769189
sxkc31,767127,22207369,354,41.0092163085938,29.2291259765625,2167.0254237288136,28.948751640862596,0.135165820730549,0.03442488725034606,0.33630739800836945,0.19550829391389513
sxkc33,500821,15803189,354,41.0092163085938,29.2401123046875,1414.7485875706216,31.554565403607278,0.08822171986175266,0.031591019723368,0.2989144215718485,0.1514295303747814
sxkc38,491335,16217582,354,41.0037231445313,29.2510986328125,1387.9519774011299,33.00717840170149,0.0865495392092649,0.03020492981511848,0.2806249190511207,0.14477215316182163
sxkc39,408557,14206940,354,41.0092163085938,29.2510986328125,1154.1158192090395,34.773458782984996,0.0719575330895484,0.02867510235285027,0.26043879471610665,0.12850191157751586
sxkc3b,620880,23735217,354,41.0037231445313,29.2620849609375,1753.8983050847457,38.22834847313491,0.10938557575011724,0.02609034930636053,0.2263328921495591,0.14446977066994982
sxkc3g,57168,4993737,354,41.0202026367188,29.2620849609375,161.4915254237288,87.35196263643996,0.010015103477802961,0.011434849142920374,0.03295307920490476,0.016896496195933502
sxkc3h,1410092,71372040,354,41.0256958007813,29.2291259765625,3983.3107344632767,50.61516553529841,0.24850691636904623,0.01971796778034742,0.14224910560050116,0.2166295731384827
sxkc3k,1186077,45739770,354,41.0256958007813,29.2401123046875,3350.5,38.563912798241596,0.2090178220334946,0.0258639110122729,0.2233450313146619,0.21331598481784475
sxkc3p,329395,35648090,355,41.0421752929688,29.2291259765625,927.8732394366198,108.2229238452314,0.05783938671687476,0.009231656278303293,0.003881875950887759,0.041652133487078656
sxkc3s,999472,66324258,354,41.0256958007813,29.2510986328125,2823.367231638418,66.3592957081339,0.17612331743118845,0.015046804052688914,0.08061294458145489,0.14747020557626836
sxkc3u,649269,52254588,354,41.0256958007813,29.2620849609375,1834.093220338983,80.48218534998591,0.11438995447070281,0.012409690748107452,0.04581614666486191,0.09381781212895055
sxkc3v,874427,58616804,354,41.0311889648438,29.2620849609375,2470.132768361582,67.03453118442134,0.1540805354693151,0.014895464112990656,0.07861600903483246,0.1314411775389703
sxkc3x,95381,8874071,354,41.0421752929688,29.2510986328125,269.4378531073446,93.0381417682767,0.016751245083697363,0.010736739868484309,0.023741504069301523,0.01884832277937861
sxkc40,245610,14487282,354,40.9597778320313,29.2730712890625,693.8135593220339,58.98490289483327,0.04323343222712788,0.016924797215625887,0.10539312693688559,0.06188134064005519
sxkc41,3981382,227004708,354,40.9652709960938,29.2730712890625,11246.841807909605,57.01656058122531,0.7017708200096978,0.017508057029762894,0.11308925961731896,0.5251663518919841
sxkc42,3966198,272387709,354,40.9597778320313,29.2840576171875,11203.949152542373,68.67728464388314,0.6990942027814273,0.014539684216639648,0.07392148144870082,0.5115423863816093
sxkc43,460803,15127910,354,40.9652709960938,29.2840576171875,1301.7033898305085,32.82945206519923,0.08116739503029001,0.03036795140168239,0.2827759943173414,0.14164997481640543
sxkc44,2515337,157667052,354,40.9707641601563,29.2730712890625,7105.4717514124295,62.68227756360281,0.44333817351208027,0.015928061848137484,0.09224117055391191,0.3380090726246297
sxkc48,919141,37653591,354,40.9597778320313,29.2950439453125,2596.4435028248586,40.96606614219146,0.1619626655236412,0.02435100543932051,0.2033821918729691,0.17438852342843955
sxkc4b,116368,4979756,354,40.9597778320313,29.3060302734375,328.7231638418079,42.79317338099821,0.020450808161260128,0.02331373319286753,0.18969535002146087,0.07122417071932036
sxkc4r,744100,70243055,355,40.9982299804688,29.2840576171875,2096.056338028169,94.40002015858083,0.13073715862430715,0.01058200832467439,0.02169981619342517,0.09802595589504255
sxkc4x,1754819,172664721,355,40.9982299804688,29.2950439453125,4943.152112676056,98.39460422983795,0.3084036037467632,0.0101528404303904,0.01603693152944602,0.22069360208156802
sxkc4z,2124198,198783860,355,40.9982299804688,29.3060302734375,5983.656338028169,93.58066432601858,0.3733338700550919,0.010674561364337627,0.02292105663543917,0.268210026029196
sxkc50,1424584,115714575,354,40.9597778320313,29.3170166015625,4024.2485875706216,81.22692308772245,0.2510615486709493,0.012296051074271681,0.044316667382382456,0.18903808428437927
sxkc51,1119638,94818857,354,40.9652709960938,29.3170166015625,3162.8192090395482,84.68706581948808,0.19730603515065323,0.011794251756854083,0.03769540867024088,0.1494228472065295
sxkc52,1015933,64993907,355,40.9597778320313,29.3280029296875,2861.7830985915493,63.97459970293317,0.178520571003982,0.015606808386416225,0.0880022204230624,0.1513650658297061
sxkc53,1194882,97266743,355,40.9652709960938,29.3280029296875,3365.8647887323946,81.40280211769866,0.2099766262361666,0.01226951680208362,0.04396654677679914,0.16017360239835635
sxkc54,472159,44410998,354,40.9707641601563,29.3170166015625,1333.7824858757062,94.05941218953785,0.08316921703004236,0.010620287199616897,0.02220490722365693,0.06487992408812672
sxkc56,1930913,177155704,355,40.9707641601563,29.3280029296875,5439.191549295775,91.74711859104994,0.3393578006970469,0.010887657831189113,0.025732871615435998,0.24527032197256363
sxkc57,2007217,174557913,355,40.9762573242188,29.3280029296875,5654.132394366197,86.96514278227018,0.35277068838256964,0.01148565278874887,0.03362343500427416,0.257026512369081
sxkc58,510027,40714072,354,40.9597778320313,29.3389892578125,1440.7542372881355,79.82728757497152,0.08984454245154837,0.01251137165216577,0.047157829581688765,0.07703852859059047
sxkc5e,128293,11685879,354,40.9762573242188,29.3389892578125,362.409604519774,91.08742487898795,0.0225529327955545,0.010966424387212048,0.02677219894648182,0.02381871264083269
sxkc5k,1501904,137754506,355,40.9817504882813,29.3280029296875,4230.715492957746,91.71991418892286,0.263945639695285,0.010890883626208398,0.025775436088191654,0.192494578613157
sxkc5m,1873595,170767864,355,40.9872436523438,29.3280029296875,5277.732394366197,91.14449173914319,0.329282314531724,0.010959565678319272,0.026681698054124996,0.2385021295884443
sxkc5n,1169732,109538930,355,40.9927368164063,29.3170166015625,3295.019718309859,93.64446727968458,0.20555570301731962,0.010667296204441824,0.022825192608555384,0.15073654989469035
sxkc5p,1955678,179421371,355,40.9982299804688,29.3170166015625,5508.9521126760565,91.74382030170611,0.3437110477552872,0.010888048828054072,0.025738030832096272,0.2483191426783299
sxkc5q,2092501,186142305,355,40.9927368164063,29.3280029296875,5894.369014084507,88.95685354511181,0.367762100541462,0.011228782066654189,0.03023401726788434,0.2665036755593887
sxkc5r,93069,8447484,354,40.9982299804688,29.3280029296875,262.90677966101697,90.76581890855172,0.016343688508897485,0.011005238405504386,0.02728435121104437,0.019625887319541548
sxkc5s,438899,37353992,354,40.9817504882813,29.3389892578125,1239.8276836158193,85.10840079380449,0.07730618429741086,0.011735932028813643,0.036925877915666074,0.06519209238288742
sxkc5t,374386,27688139,354,40.9872436523438,29.3389892578125,1057.587570621469,73.95612816718574,0.06593391037437248,0.013503271434099899,0.06024598025216306,0.06422753133770964
sxkc60,980155,64437891,355,41.0037231445313,29.2730712890625,2761.0,65.74255194331509,0.1722314341879221,0.015187746684862946,0.08247268730888042,0.1453038101242096
sxkc61,2173631,197498900,355,41.0092163085938,29.2730712890625,6122.904225352113,90.86128234277115,0.3820233132947445,0.010993688460016218,0.027131949295509977,0.2755559040949741
sxkc62,1926401,182982196,355,41.0037231445313,29.2840576171875,5426.481690140845,94.98655575864008,0.33856467125118456,0.010516733853924818,0.02083851737708709,0.2432468250889553
sxkc63,637168,46211317,354,41.0092163085938,29.2840576171875,1799.9096045197741,72.52611085302463,0.1122568047684306,0.013769152557593594,0.06375429053521901,0.09770605049846712
sxkc64,2194048,203253057,355,41.0147094726563,29.2730712890625,6180.416901408451,92.6383821137915,0.38561225919371855,0.010783021842811361,0.0243521962625575,0.2772342403143702
sxkc65,2176526,210572856,355,41.0202026367188,29.2730712890625,6131.059154929578,96.7472274624792,0.38253220286605905,0.01032554081517122,0.01831571886061448,0.2732672576644256
sxkc68,543956,47661833,354,41.0037231445313,29.2950439453125,1536.5988700564972,87.62075057541419,0.09582550569825476,0.011399811258344085,0.032490753150537705,0.07682507993393964
sxkc69,112153,9665080,354,41.0092163085938,29.2950439453125,316.816384180791,86.17763234153344,0.019707793038949793,0.011590489595744356,0.03500676016550447,0.02429748317691619
sxkc6b,376052,32359278,354,41.0037231445313,29.3060302734375,1062.2937853107344,86.0500090413028,0.06622759084739004,0.01160765983809208,0.035233322085356254,0.0569293102187799
sxkc6h,2390212,213080142,355,41.0256958007813,29.2730712890625,6732.991549295774,89.14696353294185,0.42009440560731265,0.01120486300501295,0.029918404452599266,0.3030416052608986
sxkc6j,2646198,208476611,355,41.0311889648438,29.2730712890625,7454.078873239437,78.78345120055265,0.4650921969035256,0.012676930139093536,0.04934237933273434,0.3403672516322882
sxkc6n,2565090,166668436,355,41.0366821289063,29.2730712890625,7225.605633802817,64.97566791028775,0.4508348513594207,0.015366726644720476,0.08483433384240728,0.3410346961043167
sxkc6p,2423015,174556661,355,41.0421752929688,29.2730712890625,6825.394366197183,72.0410979709164,0.42586059027323064,0.013861724150679672,0.06497577579026556,0.3175951459283411
sxkc6r,283254,16970623,354,41.0421752929688,29.2840576171875,800.1525423728814,59.913092136386425,0.049869271198480274,0.016663030755478966,0.1019391097737816,0.06549022277107067
sxkc81,306207,33633189,355,41.0531616210938,29.1851806640625,862.5549295774648,109.83808012227023,0.05376334824376848,0.009096029318392922,0.002092273696087384,0.03826202587946415
sxkc82,1026819,99416023,355,41.0476684570313,29.1961669921875,2892.4478873239436,96.81942289731685,0.18043413641791312,0.010317849303121308,0.01821422910285214,0.13176816422339482
sxkc83,535072,57214099,355,41.0531616210938,29.1961669921875,1507.2450704225353,106.92785083129,0.09399374953527571,0.009343362426069068,0.005355842292452917,0.06740237736242886
sxkc84,52053,5818930,354,41.0586547851563,29.1851806640625,147.04237288135593,111.7885616583098,0.009113437439696824,0.008937464072992948,0.0,0.006379406207787776
sxkc88,274297,29672807,355,41.0476684570313,29.2071533203125,772.6676056338029,108.17765779428868,0.04815413711401078,0.009235515621328365,0.003932800110688151,0.03488773601301399
sxkc90,814373,89342197,355,41.0476684570313,29.2291259765625,2294.008450704225,109.70672775251636,0.14308990364848334,0.009106910118055892,0.002235846210163877,0.1008336864169875
sxkc92,952060,104352337,355,41.0476684570313,29.2401123046875,2681.8591549295775,109.6068913723925,0.16729283228599348,0.009115197664343336,0.0023452006595489567,0.11780854279806012
sxkc98,806707,73413729,355,41.0476684570313,29.2510986328125,2272.4140845070424,91.00420474844026,0.1417423570323529,0.010976441787305327,0.02690437887446971,0.10729096358498795
sxkc9b,1045611,81466574,355,41.0476684570313,29.2620849609375,2945.3830985915492,77.91288921023211,0.18373743618445673,0.012818394628420465,0.051209007982679446,0.14397890772392355
sxkcd0,2099522,188078057,355,41.0476684570313,29.2730712890625,5914.146478873239,89.58136994992194,0.36899626761579696,0.011150587915398705,0.029202242836816272,0.2670580601821027
sxkcd1,2048874,186204504,355,41.0531616210938,29.2730712890625,5771.476056338028,90.88138362827583,0.3600932489602041,0.01099125953157315,0.027099899503777305,0.26019524412327605
sxkcd2,399960,30315719,354,41.0476684570313,29.2840576171875,1129.8305084745762,75.79687718771878,0.07044206428610783,0.013175772667519115,0.05592462311561271,0.06608683193495929
sxkcd3,319562,25783590,354,41.0531616210938,29.2840576171875,902.7175141242938,80.68415518741277,0.05626960169927356,0.012378665069654812,0.045406761803974016,0.05301074973068369
sxkcd4,1436298,136302727,355,41.0586547851563,29.2730712890625,4045.9098591549296,94.89864011507362,0.2524132703634491,0.01052646647140087,0.020966939588952353,0.18297937113110008
sxkcd5,1726122,159818858,355,41.0641479492188,29.2730712890625,4862.315492957747,92.58839062360597,0.3033591809391588,0.010788837666422045,0.024428936248870544,0.21968010753207232
sxkcd9,343779,26487995,354,41.0531616210938,29.2950439453125,971.1271186440678,77.0494852797873,0.06053854528574792,0.012961849277068269,0.05310189685117109,0.058307550755374866
sxkcdd,358179,30385855,354,41.0586547851563,29.2950439453125,1011.8050847457627,84.83427280773022,0.06307695993848074,0.01177381011154058,0.03742568047925989,0.05538157610071448
sxkcdf,53146,4663543,354,41.0586547851563,29.3060302734375,150.12994350282486,87.74965190230685,0.00930611016299106,0.011383084375929565,0.032270041379776286,0.016195289528026627
sxkcdg,396200,32228907,354,41.0641479492188,29.3060302734375,1119.2090395480227,81.3450454316002,0.06977925601567204,0.012278217719699447,0.04408135567463485,0.06206988591336088
sxkcdh,1806844,163384623,355,41.0696411132813,29.2730712890625,5089.701408450705,90.4254174682485,0.31754867454042174,0.011046621247018794,0.027830399183609505,0.23063319193337806
sxkcdj,1170131,105277537,355,41.0751342773438,29.2730712890625,3296.143661971831,89.97072720917572,0.20562584012922105,0.011102386213421486,0.028566219773255366,0.15250795402243134
sxkcdm,1068759,97142439,355,41.0751342773438,29.2840576171875,3010.588732394366,90.89274476285112,0.18780644336814933,0.01098988718942636,0.027081791403427084,0.13958904777873263
sxkcdq,1821889,164524026,355,41.0806274414063,29.2840576171875,5132.081690140845,90.30408877818572,0.32019331827113956,0.011061446595115702,0.028026020145695222,0.23254312883350622
sxkcdr,1613758,145212116,355,41.0861206054688,29.2840576171875,4545.797183098592,89.98382409258389,0.28360758584720974,0.011100772087253394,0.028544921324688364,0.2070887864904533
sxkcdu,348924,24277085,354,41.0696411132813,29.3060302734375,985.6610169491526,69.57699957583887,0.06144549968771392,0.01435193831662578,0.0714441680427498,0.06444510019422468
sxkcdv,309723,23104942,354,41.0751342773438,29.3060302734375,874.9237288135594,74.5987285413095,0.054535194632034795,0.013387108716944028,0.05871320932901279,0.05578859904112819
sxkcej,331050,25331105,354,41.0751342773438,29.3170166015625,935.1694915254237,76.517459598248,0.0582946925000093,0.013051855350511609,0.054289529989054404,0.05709314374672283
sxkcen,417897,28024416,354,41.0806274414063,29.3170166015625,1180.5,67.06058191372516,0.07360397703791816,0.014889686353292849,0.07853977130311804,0.07508471531747812
sxkceq,308290,21699709,354,41.0806274414063,29.3280029296875,870.8757062146892,70.38732686755976,0.054282587118328805,0.014186947419341392,0.06926710765595942,0.058777943279617995
sxkcer,199909,12715437,354,41.0861206054688,29.3280029296875,564.7146892655368,63.60612578723319,0.03517731500181241,0.015697077598782527,0.08919332568780139,0.0513821182076091
sxkcex,353295,23480554,354,41.0861206054688,29.3389892578125,998.0084745762712,66.46160857074116,0.06221601430209553,0.015023675380939867,0.08030776098713127,0.06764353830760625
sxkcez,207701,17235335,354,41.0861206054688,29.3499755859375,586.7259887005649,82.98147336796646,0.03655087937501339,0.01203637778029064,0.04089026961657678,0.037852696447482403
sxkcf2,1544289,138215196,355,41.0916137695313,29.2840576171875,4350.10985915493,89.50086156153414,0.2713961697402484,0.011160606969311804,0.029334444587011798,0.1987776521942774
sxkcf3,1498968,129876305,355,41.0971069335938,29.2840576171875,4222.4450704225355,86.64381427755629,0.2634295430523214,0.01152819954170191,0.03418484082705093,0.19465613238474025
sxkcf9,536105,48941239,354,41.0971069335938,29.2950439453125,1514.4209039548023,91.29039833614684,0.09444154087612938,0.01094206851273214,0.02645082237123689,0.07404432532466163
sxkcfd,1533314,138848359,354,41.1026000976563,29.2950439453125,4331.395480225989,90.5544193818096,0.2702283420870354,0.011030901822759417,0.027622980856771426,0.19744673371795618
sxkcfe,1350488,127760938,355,41.1080932617188,29.2950439453125,3804.1915492957746,94.60353442607413,0.23732939674876694,0.010559267994169775,0.02139975677476048,0.17255050475656497
sxkcfk,137381,12205290,354,41.1135864257813,29.2840576171875,388.0819209039548,88.84263471659109,0.024154954487501438,0.011243201904085972,0.03042428750323304,0.026035754392220917
sxkcfm,1590978,144955384,355,41.1190795898438,29.2840576171875,4481.628169014085,91.11086639790116,0.27960326652612294,0.010963605976919115,0.02673500992876352,0.2037427895469151
sxkcfq,1658868,153681026,355,41.1245727539063,29.2840576171875,4672.867605633803,92.64210654494511,0.2915371224834795,0.010782588807332896,0.024346482344991392,0.21137993044193307
sxkcfr,1613089,149729468,354,41.1300659179688,29.2840576171875,4556.748587570622,92.82157897053418,0.28429098298437994,0.01076176288736015,0.024071683637078543,0.2062251931801895
sxkcfs,1544912,132534763,355,41.1135864257813,29.2950439453125,4351.864788732394,85.78790442432967,0.2715056820728663,0.011643083001064905,0.03570073190100223,0.20076419702130704
sxkcft,53012,4049979,355,41.1190795898438,29.2950439453125,149.32957746478874,76.39740058854599,0.009256165166394586,0.013072339612932296,0.054559820514184586,0.022847261770731583
sxkcfu,53819,4395885,354,41.1135864257813,29.3060302734375,152.0310734463277,81.67905386573516,0.009424745792247254,0.012228070058646068,0.04341965561622906,0.019623218739441794
sxkcfv,46128,4174613,354,41.1190795898438,29.3060302734375,130.3050847457627,90.50062868539716,0.008068985577374465,0.011037451003484904,0.027709397514648085,0.01396110915855655
sxkcgj,62557,4906434,352,41.1190795898438,29.3170166015625,177.71875,78.43141454993047,0.01102772600014379,0.012733757639933986,0.05009222009968765,0.022747074230006943
sxkcgm,44769,3235308,354,41.1190795898438,29.3280029296875,126.46610169491525,72.26670240568251,0.007829422694522805,0.013818509988116803,0.06440556347545051,0.024802264928801117
sxkcgn,14311,1132028,352,41.1245727539063,29.3170166015625,40.65625,79.10194954929774,0.0024746568159473865,0.012625951831874658,0.048669718870499534,0.01633317543231303
sxkcgq,53186,4482898,354,41.1245727539063,29.3280029296875,150.24293785310735,84.28718083706238,0.009313161314804206,0.011850141100587705,0.038432870422912324,0.01804907404723664
sxkcgt,78982,5967921,355,41.1190795898438,29.3389892578125,222.4845070422535,75.56052011850801,0.013821229818221831,0.013216932667574684,0.05646773068770388,0.026615180079066447
sxkcgv,2705,236454,351,41.1190795898438,29.3499755859375,7.706552706552706,87.41367837338262,0.00041850695329944326,0.01142678514475688,0.032846674480463314,0.010146957211448605
sxkcgw,2419,232097,351,41.1245727539063,29.3389892578125,6.8917378917378915,95.94749896651508,0.0003676603141135296,0.01041151524776953,0.019450154363222494,0.006092408528846219
sxkcgy,70289,6654546,354,41.1245727539063,29.3499755859375,198.55649717514123,94.6740741794591,0.012328057551310419,0.010551408796739641,0.021296054402819214,0.015018456606763056
sxkcsp,71165,5353883,354,41.0861206054688,29.3609619140625,201.0310734463277,75.23196796177896,0.012482477776018333,0.013274576876942444,0.05722834795088593,0.02590623882847861
sxkcsr,52370,3961155,354,41.0861206054688,29.3719482421875,147.93785310734464,75.63786518999427,0.009169317817816013,0.013203435263080402,0.0562896319856989,0.023305412068180875
sxkcu0,178739,13276021,354,41.0916137695313,29.3609619140625,504.9124293785311,74.27601698566066,0.031445492904704504,0.013445194304943692,0.05947965059794855,0.039855740212677716
sxkcu2,163246,12245684,354,41.0916137695313,29.3719482421875,461.14689265536725,75.01368486823567,0.028714405528677444,0.01331315327898237,0.05773736486108107,0.037421293328398525
sxkcu8,142300,11106510,354,41.0916137695313,29.3829345703125,401.97740112994353,78.04996486296557,0.025022069881723157,0.012795911063472396,0.050912336594088226,0.032789149895432676
sxkcu9,169853,13057235,354,41.0971069335938,29.3829345703125,479.81073446327684,76.87373787922498,0.029879079529413953,0.01299144393337169,0.05349239932712164,0.03696307546872625
sxkcub,161194,13042061,354,41.0916137695313,29.3939208984375,455.3502824858757,80.90909711279576,0.028352681440663014,0.01234429262441496,0.044953216243822175,0.03333284188161076
sxkcuc,150479,12084241,354,41.0971069335938,29.3939208984375,425.0819209039548,80.30516550482128,0.026463854148716336,0.012437011897451262,0.04617665014073229,0.03237769294632112
sxkcue,67414,6447107,355,41.1080932617188,29.3829345703125,189.8985915492958,95.63454178657253,0.011787780919787579,0.010445550595827444,0.019899251914827356,0.014221222218299513
sxkcuf,75471,6973578,353,41.1026000976563,29.3939208984375,213.79886685552407,92.40076320705967,0.013279222475395504,0.010810721612766973,0.02471769565001538,0.016710764427781466
sxkcug,18626,1714831,353,41.1080932617188,29.3939208984375,52.76487252124646,92.06651991839364,0.003230267476409144,0.010849926859399955,0.02523501018556757,0.009831690289156671
sxkcun,71549,6547033,354,41.1245727539063,29.3609619140625,202.11581920903956,91.50418594250094,0.012550168833424543,0.010916531703340395,0.02611386332048417,0.01661927717954243
sxkcuq,75103,7055632,354,41.1245727539063,29.3719482421875,212.15536723163842,93.94607405829328,0.01317666367202263,0.010633086069921032,0.022373788743749363,0.015935801193540648
sxkcus,64599,6408172,354,41.1135864257813,29.3829345703125,182.48305084745763,99.19924457034939,0.011325031205890297,0.010070570066538035,0.014951371337351927,0.012412933245328786
sxkcut,58325,5628739,354,41.1190795898438,29.3829345703125,164.75988700564972,96.50645520788684,0.010219058043998232,0.010351275159078202,0.018655284385877144,0.012749925946561904
sxkcuw,25054,2325922,352,41.1245727539063,29.3829345703125,71.17613636363636,92.83635347649079,0.004379179931766769,0.010760052041991947,0.024049108975443614,0.010280158644869822
sxkcv1,161598,13344107,354,41.0971069335938,29.4049072265625,456.49152542372883,82.57594153392988,0.028423898073975797,0.01209541713643024,0.041669295887896377,0.03239751741815197
sxkcv4,242379,19010316,354,41.1026000976563,29.4049072265625,684.6864406779661,78.43219090762814,0.04266387543942095,0.0127336317558774,0.050090559055366815,0.0448918805242047
sxkcv6,213102,15738379,355,41.1026000976563,29.4158935546875,600.2873239436619,73.853736708243,0.03739714322226767,0.01352196717178915,0.06049267113387235,0.04432580159574907
sxkcv7,219582,15245562,355,41.1080932617188,29.4158935546875,618.5408450704225,69.4299259502145,0.03853621210728271,0.014382296346986331,0.07184474326481809,0.04852877145454332
sxkcve,223428,16205943,355,41.1080932617188,29.4268798828125,629.3746478873239,72.53317847360223,0.03921227058440738,0.013767812740887274,0.06373661160913946,0.046569572891827
sxkcvs,175711,12530574,355,41.1135864257813,29.4268798828125,494.9605633802817,71.31354326137806,0.030824469660601417,0.014002946140621215,0.06683920465274096,0.04162889015824328
sxkcvu,125102,10714855,355,41.1135864257813,29.4378662109375,352.4,85.64895045642756,0.02192830651218689,0.011661950317492687,0.035949686769883055,0.02613472058949574
sxkcvv,130429,10834998,355,41.1190795898438,29.4378662109375,367.4056338028169,83.07200085870474,0.022864698479852806,0.012023276940263011,0.04071740359592191,0.028220510014673537
sxkcvy,150430,11132752,354,41.1245727539063,29.4378662109375,424.94350282485874,74.00619557269162,0.026455216487745226,0.013494148394368572,0.06012560143894918,0.03655633197310641
sxkcvz,133203,10370780,354,41.1300659179688,29.4378662109375,376.27966101694915,77.85695517368228,0.023418461680618258,0.012827591813611431,0.05133036514770361,0.03179203272074386
sxkd00,378506,8210392,354,41.1355590820313,28.8336181640625,1069.225988700565,21.691576883853887,0.06666017901112659,0.04588929040472209,0.4875805795983001,0.19293629918727861
sxkd19,267,18794,185,41.1410522460938,28.8995361328125,1.4432432432432432,70.38951310861424,2.7659572274597746e-05,0.014186507409394974,0.0692613017100563,0.02079775221360911
sxkd1c,1570031,113181879,354,41.1410522460938,28.9105224609375,4435.11581920904,72.08894537751165,0.2767007706151181,0.013852536489770091,0.0648545442984516,0.21314690272011816
sxkd1d,1454529,103846494,354,41.1465454101563,28.8995361328125,4108.838983050848,71.39527228401771,0.2563402171970663,0.013986938829010424,0.06662798764270922,0.19942654833075915
sxkd1e,1448441,102233732,354,41.1520385742188,28.8995361328125,4091.641242937853,70.58190979128594,0.25526703189110533,0.014147891631010876,0.06875176522768789,0.1993124518920801
sxkd1f,81053,5750024,354,41.1465454101563,28.9105224609375,228.9632768361582,70.94153208394508,0.014225522504228207,0.014076273000677495,0.06780675501426842,0.030299892257240266
sxkd1g,253951,9708209,354,41.1520385742188,28.9105224609375,717.3757062146892,38.22867009777477,0.0447037736589643,0.02609013037627039,0.22633000335972545,0.09919164256919263
sxkd1k,176540,13809814,354,41.1575317382813,28.8885498046875,498.7005649717514,78.22484422793701,0.031057855833776758,0.012767341063454278,0.05053535449196149,0.03690110543123218
sxkd1m,1559558,128469795,354,41.1630249023438,28.8885498046875,4405.531073446327,82.37577249451446,0.274854602791641,0.012124772763619897,0.0420566443667269,0.20501521526416674
sxkd1p,1373711,116184961,354,41.1740112304688,28.8775634765625,3880.539548022599,84.57744096101727,0.24209371751619396,0.01180952079622207,0.03789688415343126,0.18083466750736513
sxkd1q,1518380,128641560,354,41.1685180664063,28.8885498046875,4289.209039548023,84.72290204033246,0.2675957945575971,0.011789268887835385,0.03762965954752126,0.19860595405457432
sxkd1r,953230,53221186,354,41.1740112304688,28.8885498046875,2692.74011299435,55.83247065241337,0.16797183337760016,0.01787870244842925,0.1179799382656871,0.15297426484402624
sxkd1s,1315868,93461120,354,41.1575317382813,28.8995361328125,3717.141242937853,71.02621235564662,0.23189722315799777,0.014059514303950017,0.06758562345258755,0.18260374324637468
sxkd1u,263695,11134067,354,41.1575317382813,28.9105224609375,744.9011299435028,42.223276891863705,0.04642143424064685,0.0236276600830084,0.1938376257962024,0.0906462917073135
sxkd1v,276366,11503040,354,41.1630249023438,28.9105224609375,780.6949152542373,41.62248612347394,0.048655062856256405,0.023967891008234505,0.1983269841902844,0.09355663925646479
sxkd1w,137872,5408041,354,41.1685180664063,28.8995361328125,389.4689265536723,39.22508558663108,0.02424150737600781,0.02542906099459219,0.21760717084314754,0.08225120641614972
sxkd1x,242202,8748834,354,41.1740112304688,28.8995361328125,684.1864406779661,36.12205514405331,0.042632674092647774,0.02760748930514985,0.24635160498125164,0.10374835335922894
sxkd1y,186974,7874876,354,41.1685180664063,28.9105224609375,528.1751412429378,42.11749227165274,0.03289714878423608,0.02368686405069724,0.1946188241223987,0.08141365138568486
sxkd2c,1188203,105296343,354,41.1849975585938,28.8665771484375,3356.505649717514,88.61814269110582,0.20939259075236336,0.011271651656209122,0.03079968293037929,0.1558147184057681
sxkd2f,1284319,115153848,354,41.1904907226563,28.8665771484375,3628.0197740112994,89.6614065508647,0.22633580344417364,0.011140645388988357,0.029071050869569272,0.1671563776717923
sxkd2g,1176934,102869853,354,41.1959838867188,28.8665771484375,3324.6723163841807,87.4049462416754,0.20740610500780457,0.011427925425359975,0.032861720521012716,0.15504278966176702
sxkd2j,13845,538919,353,41.2069702148438,28.8336181640625,39.22096317280453,38.92517154207295,0.0023850910519187963,0.025624486978152092,0.22018582320737146,0.06772531069855459
sxkd2k,21554,497885,353,41.2014770507813,28.8446044921875,61.05949008498584,23.0994247007516,0.003747873954323333,0.04310451715501387,0.4508354037860648,0.13787413290384576
sxkd2m,1553448,132351975,354,41.2069702148438,28.8446044921875,4388.271186440678,85.19884476339085,0.27377753935218285,0.011723488199328896,0.036761681171014624,0.2026727818978324
sxkd2n,2531096,161909217,355,41.2124633789063,28.8336181640625,7129.847887323944,63.96802689427821,0.44485931005121065,0.015608409505885816,0.08802334724780932,0.3378085212101902
sxkd2p,3162824,281767363,355,41.2179565429688,28.8336181640625,8909.36338028169,89.08727232372082,0.5559058700192323,0.011212362189644335,0.03001735644366622,0.39813931594656243
sxkd2q,1115476,87854477,355,41.2124633789063,28.8446044921875,3142.1859154929575,78.75962996962731,0.19601846205661347,0.012680759475857912,0.0493929075589251,0.15203079570730696
sxkd2r,72736,5994287,353,41.2179565429688,28.8446044921875,206.05099150141643,82.41155686317641,0.01279573418403782,0.012119514380976176,0.0419872598325456,0.02155319187859015
sxkd2s,923394,81657193,354,41.2014770507813,28.8555908203125,2608.4576271186443,88.43158283462964,0.16271237924017404,0.011295404057870795,0.031113096661681272,0.1232325944666262
sxkd2t,777009,67116032,354,41.2069702148438,28.8555908203125,2194.9406779661017,86.37741905177417,0.1369078077859869,0.011563712365204823,0.03465343371637868,0.10623149556510443
sxkd2u,808787,73738525,354,41.2014770507813,28.8665771484375,2284.7090395480227,91.17174855678937,0.14250959534394134,0.010956292782950237,0.02663851209068513,0.10774827036796447
sxkd30,1550404,127660622,354,41.1795043945313,28.8775634765625,4379.672316384181,82.34023003036629,0.27324094669920235,0.012130000118045001,0.042125619482529755,0.20390634853420056
sxkd31,801021,56813403,354,41.1849975585938,28.8775634765625,2262.771186440678,70.92623414367414,0.14114061421941887,0.01407930480978575,0.06784675983646486,0.11915245790453266
sxkd32,285963,5681777,354,41.1795043945313,28.8885498046875,807.8050847457627,19.868923602004454,0.05034681045502563,0.05007781190066856,0.5428482602893605,0.19809724540532608
sxkd34,40741,1236375,353,41.1904907226563,28.8775634765625,115.41359773371104,30.347193245133894,0.0071397166769119735,0.032843749896710794,0.3154442379472378,0.09963107305800972
sxkd40,1474681,99797060,354,41.1355590820313,28.9215087890625,4165.765536723164,67.67365959146419,0.25989258748052957,0.014754994876002623,0.07676251277265865,0.20495356506816828
sxkd41,689629,48220485,354,41.1410522460938,28.9215087890625,1948.1045197740114,69.92235680344069,0.12150456665016787,0.014281153129522528,0.07051015514052034,0.10620624319727359
sxkd42,1887466,129673704,354,41.1355590820313,28.9324951171875,5331.824858757062,68.7025376880961,0.332657830010274,0.014534347621497913,0.07385106489800239,0.2550158004765925
sxkd43,195165,8590190,354,41.1410522460938,28.9324951171875,551.3135593220339,44.01501293777061,0.03434104839677321,0.022668020100336753,0.18117514425181996,0.07839127715328723
sxkd44,530400,15906503,354,41.1465454101563,28.9215087890625,1498.3050847457628,29.989636123680242,0.09343587034877934,0.03323403433293798,0.32059405408664865,0.16158332547014015
sxkd45,271763,8820929,354,41.1520385742188,28.9215087890625,767.6920903954802,32.458167594558496,0.047843651561358544,0.030714259243727577,0.28734553783132033,0.11969421744234707
sxkd46,267254,9767729,354,41.1465454101563,28.9324951171875,754.9548022598871,36.54848571022323,0.04704881047322158,0.027286257006822145,0.2421129341020852,0.10556804756188067
sxkd48,540242,36880286,354,41.1355590820313,28.9434814453125,1526.1073446327684,68.26623254023197,0.0951708062524041,0.014627104095746725,0.07507498966615102,0.08914206127652816
sxkd49,242816,10759729,354,41.1410522460938,28.9434814453125,685.9209039548023,44.31227349103848,0.042740909272979584,0.02251629834265927,0.17917317060424034,0.0836705876723578
sxkd4b,148920,5976492,354,41.1355590820313,28.9544677734375,420.6779661016949,40.132232070910554,0.02618903550679894,0.024855692774824648,0.21004155807998479,0.0813447922787547
sxkd4c,176874,9208111,354,41.1410522460938,28.9544677734375,499.64406779661016,52.06028585320624,0.031116732951416533,0.01917167407430017,0.13504074194793908,0.06229393565037329
sxkd4d,4233,161791,352,41.1465454101563,28.9434814453125,12.025568181818182,38.22135601228443,0.0006880251524243718,0.02609510998722061,0.22639570949212295,0.06840033045433394
sxkd50,196858,7966462,354,41.1355590820313,28.9654541015625,556.0960451977401,40.46806327403509,0.03463948839726464,0.024649931973460347,0.20732653745049912,0.08644560311323497
sxkd5t,7255,305712,353,41.1630249023438,28.9874267578125,20.55240793201133,42.1381116471399,0.0012201229202744984,0.023675300836222723,0.19446624712214733,0.05919396018083634
sxkd5u,118158,5913275,354,41.1575317382813,28.9984130859375,333.77966101694915,50.04548993720273,0.020766347204898443,0.01994197287238197,0.1452048602532392,0.05809790111940067
sxkd5v,126135,6365266,354,41.1630249023438,28.9984130859375,356.3135593220339,50.46391564593491,0.02217252315523523,0.0197769493763562,0.14302736972497015,0.058428977126155704
sxkd5w,189565,5276945,354,41.1685180664063,28.9874267578125,535.4943502824859,27.83712710679714,0.033353887142932664,0.03579466121112713,0.35438161105864063,0.12966220431764505
sxkd5x,187713,6270472,354,41.1740112304688,28.9874267578125,530.2627118644068,33.404569742106304,0.03302741881398397,0.02984667487740536,0.2758977332117532,0.10588851313331474
sxkd5y,72860,2794724,354,41.1685180664063,28.9984130859375,205.819209039548,38.35745264891573,0.012781270334100425,0.026002762302775505,0.22517717871905418,0.07650004284958654
sxkd78,154810,3230449,354,41.1795043945313,28.9874267578125,437.316384180791,20.867185582326723,0.027227317611284798,0.047693573182416134,0.5113881509645875,0.1724755676172756
sxkd79,6574,97971,351,41.1849975585938,28.9874267578125,18.729344729344728,14.902798904776391,0.0011063588659228696,0.06665422941059573,0.7615746416215249,0.22924684369260345
sxkd7b,100090,2844504,354,41.1795043945313,28.9984130859375,282.7401129943503,28.41946248376461,0.017581341930900066,0.0350637744511936,0.34473753590982686,0.1157282001245781
sxkd7c,108262,4052699,354,41.1849975585938,28.9984130859375,305.82485875706215,37.434178197336095,0.01902189224632594,0.026642384302181757,0.23361701231197554,0.08340042826602083
sxkd7f,30693,1556785,353,41.1904907226563,28.9984130859375,86.94900849858357,50.721174209103054,0.005363449637949621,0.01967683776619393,0.14170639369338697,0.04626633285458083
sxkd7z,196196,17358179,354,41.2179565429688,28.9984130859375,554.2259887005649,88.47366409101103,0.03452279183475706,0.011290037623062337,0.031042286375586217,0.033478640197005805
sxkd80,2006681,165607628,355,41.2234497070313,28.8336181640625,5652.622535211268,82.52812878579107,0.35267646910442646,0.012102416146835973,0.04176164806339121,0.2594020227921159
sxkd81,1484985,133511974,355,41.2289428710938,28.8336181640625,4183.056338028169,89.90796135987905,0.26097158005553667,0.01111012831411321,0.028668377049831915,0.19128061915382524
sxkd82,1222966,113815119,354,41.2234497070313,28.8446044921875,3454.7062146892654,93.06482682265901,0.21552057051437384,0.010733664561020638,0.023700925284856112,0.1579746769455185
sxkd83,1790322,155430774,355,41.2289428710938,28.8446044921875,5043.160563380282,86.8172172380164,0.3146444004481041,0.011505200370849124,0.03388136600136815,0.2304154901140833
sxkd84,670712,63155890,354,41.2344360351563,28.8336181640625,1894.6666666666667,94.16245720965183,0.11816990067893546,0.010608677405638508,0.022051715605300053,0.08933444515684483
sxkd85,540939,51135536,354,41.2399291992188,28.8336181640625,1528.0762711864406,94.53105803057277,0.09529367257274816,0.010567355166597913,0.021506467284396025,0.07315751098624251
sxkd86,1623256,140309373,355,41.2344360351563,28.8446044921875,4572.552112676056,86.43699638257921,0.28527716551848636,0.011555751202399144,0.03454838590790984,0.2100585316353134
sxkd87,67894,4910607,353,41.2399291992188,28.8446044921875,192.3342776203966,72.3275547176481,0.011939774291257591,0.013806899927774789,0.06425236834241672,0.02763355250660533
sxkd89,1626098,142445305,355,41.2289428710938,28.8555908203125,4580.557746478873,87.59945895019857,0.28577673863132785,0.011402578898096337,0.032527272249280155,0.20980189871671354
sxkd8c,1374264,125091441,355,41.2289428710938,28.8665771484375,3871.1661971830986,91.02431628857337,0.2415087951762542,0.0109740192379956,0.026872413255614017,0.17711788060006214
sxkd8d,102752,8390240,354,41.2344360351563,28.8555908203125,290.2598870056497,81.65524758642168,0.01805059608406498,0.012231630745695216,0.0434666390004766,0.025675408958988462
sxkd8f,694018,64050955,355,41.2344360351563,28.8665771484375,1954.9802816901408,92.29004867308917,0.12193363271391774,0.010823676514538671,0.024888636010520913,0.09282013370289868
sxkd8k,50346,2665443,353,41.2454223632813,28.8446044921875,142.62322946175638,52.94249791443213,0.00883767098714619,0.018852807452869103,0.13083328625424276,0.045436355567275155
sxkd94,1587402,148220983,355,41.2344360351563,28.8775634765625,4471.5549295774645,93.3733124942516,0.2789746692525405,0.010698240741832036,0.02323350681042111,0.2022523205199047
sxkd96,1721411,159195198,354,41.2344360351563,28.8885498046875,4862.742937853107,92.47948223869837,0.30338585465197193,0.010801529408229921,0.02459640420488555,0.219749019517846
sxkd9d,1779554,161616640,354,41.2344360351563,28.8995361328125,5026.988700564972,90.8186208454478,0.3136352326487667,0.01099884699856915,0.027200016383586743,0.2277046677692127
sxkd9f,1347974,125822629,354,41.2344360351563,28.9105224609375,3807.8361581920904,93.34202959404261,0.23755683016082002,0.010701822342092568,0.023280766145189626,0.1732740109561309
sxkdd3,1688441,155625664,355,41.2289428710938,28.9324951171875,4756.171830985915,92.1712183013798,0.2967355305292434,0.010837615655336441,0.02507256343776808,0.2152366404018008
sxkdd4,1515687,141084487,355,41.2344360351563,28.9215087890625,4269.540845070423,93.0828640741789,0.26636844624500144,0.010731586863481066,0.023673509996597276,0.19355996537048017
sxkdd6,343311,31510820,355,41.2344360351563,28.9324951171875,967.0732394366197,91.7850578629872,0.06028557230389162,0.01088316232538192,0.025673553266530015,0.04990196659268314
sxkdd9,1404770,133750121,355,41.2289428710938,28.9434814453125,3957.0985915492956,95.21140186649772,0.24687120804759197,0.010491924160350677,0.020511152643773515,0.17896319142644643
sxkddd,326078,32563686,354,41.2344360351563,28.9434814453125,921.1242937853108,99.86471335079337,0.057418234329635165,0.010003529910507802,0.014066774244906892,0.044412796304216684
sxkddf,1737659,163391161,355,41.2344360351563,28.9544677734375,4894.814084507042,94.02947356184384,0.30538718058829745,0.01062366506642568,0.022249478288741697,0.2204458698984307
sxkde1,740139,69547399,354,41.2289428710938,28.9654541015625,2090.7881355932204,93.96532137882208,0.13040840860221892,0.010630910364647313,0.02234508024017306,0.09798941009360516
sxkde3,1803399,170878702,354,41.2289428710938,28.9764404296875,5094.347457627118,94.7536856790982,0.31783860052337876,0.010542552910206613,0.021179200684957836,0.22884078057185248
sxkde4,1391394,128866993,355,41.2344360351563,28.9654541015625,3919.419718309859,92.61718319900761,0.2445199448676597,0.010785487279672917,0.024384727784088497,0.17847937974258835
sxkde8,1825553,164742881,354,41.2234497070313,28.9874267578125,5156.929378531074,90.24272699833968,0.32174388095509016,0.011068959652041256,0.028125155182145936,0.23365826322320687
sxkde9,132139,12152902,354,41.2289428710938,28.9874267578125,373.274011299435,91.97059157402433,0.023230901042388556,0.010861231397606528,0.025384173943844904,0.02387688291282546
sxkdeb,1743127,160184413,354,41.2234497070313,28.9984130859375,4924.087570621469,91.89486078753872,0.3072139249713293,0.010870172436148262,0.025502151245298234,0.22270039285352
sxkdh2,702559,32367532,354,41.1355590820313,29.0203857421875,1984.629943502825,46.07090934711533,0.12378385147376755,0.021658659405686537,0.16785659625629884,0.13700567490852694
sxkdh3,124465,5562931,354,41.1410522460938,29.0203857421875,351.5960451977401,44.69474149359257,0.021878137567036358,0.022324048909692664,0.17663643293093045,0.06830562617620459
sxkdh4,123852,6011105,354,41.1465454101563,29.0093994140625,349.864406779661,48.534581597390435,0.021770078665499883,0.020561501038052654,0.1533795550405387,0.06125292157801153
sxkdh5,125414,6653507,354,41.1520385742188,29.0093994140625,354.2768361581921,53.05234662796817,0.022045426143803264,0.018813844795966376,0.13031917269826385,0.05452755011014144
sxkdh6,122878,5893783,354,41.1465454101563,29.0203857421875,347.11299435028246,47.9645095135012,0.02159838311884976,0.020805371991138338,0.15659744039173196,0.062098100300714415
sxkdh7,142905,7628857,354,41.1520385742188,29.0203857421875,403.6864406779661,53.38411532136734,0.025128718552897,0.01869714015070362,0.1287792510156874,0.05622387829173412
sxkdh8,313223,14261010,354,41.1355590820313,29.0313720703125,884.8107344632768,45.529894037155636,0.05515217041568513,0.021915457423278634,0.17124505465435472,0.089980035687286
sxkdh9,746840,32160827,354,41.1410522460938,29.0313720703125,2109.7175141242938,43.062539499758984,0.1315896528097163,0.023168238282309222,0.1877755398290832,0.14844541891552637
sxkdhb,208383,7640821,354,41.1355590820313,29.0423583984375,588.6525423728814,36.667199339677424,0.03667110151342755,0.027198155365639916,0.24095043001133862,0.09795490006280087
sxkdhd,393674,21637513,354,41.1465454101563,29.0313720703125,1112.0734463276835,54.963022704064784,0.06933397577867183,0.018161008075682328,0.12170497042307539,0.0850452741719929
sxkdhe,532660,29076396,354,41.1520385742188,29.0313720703125,1504.6892655367233,54.58715878796981,0.09383426042622213,0.01828582837658741,0.12335197845224759,0.10268957583402975
sxkdhf,84964,2504394,354,41.1465454101563,29.0423583984375,240.01129943502823,29.475942752224473,0.014914948872758627,0.033811263714485916,0.3282106150081489,0.1089036487133757
sxkdhg,175955,5756874,354,41.1520385742188,29.0423583984375,497.04802259887003,32.7178767298457,0.030954732738509485,0.03047119739744058,0.28413832867129335,0.10690981151834464
sxkdhh,17059,973390,354,41.1575317382813,29.0093994140625,48.18926553672316,57.06020282548801,0.0029447372759654044,0.01749468949669463,0.11291287457310731,0.03593517846510797
sxkdhj,58179,2805805,354,41.1630249023438,29.0093994140625,164.34745762711864,48.22710943811341,0.010193321339880245,0.020692319727513956,0.15510571200656295,0.05366703853988506
sxkdhk,241722,7721882,354,41.1575317382813,29.0203857421875,682.8305084745763,31.945300800092667,0.04254806027089002,0.031205823475905965,0.2938317442527207,0.11793316546543921
sxkdhm,49588,2751647,354,41.1630249023438,29.0203857421875,140.07909604519773,55.4901790755828,0.008678910209211656,0.01798878896648915,0.11943253353932089,0.04190499720824442
sxkdhn,45531,2312400,354,41.1685180664063,29.0093994140625,128.61864406779662,50.787375634183306,0.00796374713656325,0.01965123937985624,0.14136862213278092,0.04798520963542855
sxkdhs,437109,13596885,354,41.1575317382813,29.0313720703125,1234.7711864406779,31.10639451486929,0.07699064525377253,0.032044714410167374,0.30490093808024527,0.14536373310171435
sxkdht,3870,59564,352,41.1630249023438,29.0313720703125,10.994318181818182,15.391214470284238,0.0006236723747046998,0.06455271805307668,0.7338451292414637,0.22059010943473242
sxkdhu,212705,8956728,354,41.1575317382813,29.0423583984375,600.861581920904,42.10868573846407,0.03743297846683805,0.023691806141424507,0.19468403517420424,0.08460829547904791
sxkdhv,159584,5258200,354,41.1630249023438,29.0423583984375,450.8022598870057,32.94941848806898,0.02806887258018386,0.030257718463669956,0.28132146702755556,0.10404465091439537
sxkdhw,496,13503,259,41.1685180664063,29.0313720703125,1.915057915057915,27.223790322580644,5.710207865051975e-05,0.03659814352965483,0.3649835870218241,0.1095350475616026
sxkdhx,123241,3866838,354,41.1740112304688,29.0313720703125,348.138418079096,31.37623031296403,0.021662372321554064,0.03177000517714895,0.30127614059787794,0.10554650280445121
sxkdhz,274522,11462990,354,41.1740112304688,29.0423583984375,775.4858757062146,41.75617983258172,0.04833000475767034,0.023891334660732205,0.19731682063430753,0.09302604952066149
sxkdj0,189900,6618987,354,41.1355590820313,29.0533447265625,536.4406779661017,34.85511848341232,0.03341294053936777,0.028608113586413454,0.2595548757110589,0.1012555210908751
sxkdj1,142836,3687795,354,41.1410522460938,29.0533447265625,403.49152542372883,25.81838612114593,0.025116555316019324,0.03858264921765842,0.3911692056942649,0.13493235042949298
sxkdj2,103431,3951812,354,41.1355590820313,29.0643310546875,292.1779661016949,38.207229940733434,0.018170289386093143,0.026104732750113695,0.22652268216910587,0.08067600722099695
sxkdj4,90850,3083531,354,41.1465454101563,29.0533447265625,256.638418079096,33.94090258668134,0.01595252586206317,0.0293764243604767,0.26969276197319775,0.09207459669540353
sxkdjj,180387,6233085,354,41.1630249023438,29.0533447265625,509.56779661016947,34.553958988175424,0.031736000359406144,0.028856731790477923,0.2628354011970849,0.10106582061070976
sxkdjn,197872,4219807,354,41.1685180664063,29.0533447265625,558.9604519774011,21.32594303388049,0.034818235095727915,0.04667239142840605,0.49791362369696196,0.17374685167609813
sxkdjp,241595,5692978,354,41.1740112304688,29.0533447265625,682.4717514124294,23.564138330677373,0.04252567286388328,0.04225803559910882,0.43966605145305,0.1616677864406333
sxkdk1,4404,182451,352,41.1849975585938,29.0093994140625,12.511363636363637,41.428474114441414,0.0007183400973005809,0.024079863788018463,0.19980446875021307,0.060444178693174325
sxkdk3,18134,679273,354,41.1849975585938,29.0203857421875,51.22598870056497,37.458530936362635,0.003134236980943723,0.026625109530890645,0.23338907112923307,0.07221068722543053
sxkdk4,126151,5016837,354,41.1904907226563,29.0093994140625,356.3587570621469,39.768507582183254,0.02217534361596049,0.02508245381241428,0.213033677526144,0.07943284378901555
sxkdk5,92433,3567245,354,41.1959838867188,29.0093994140625,261.1101694915254,38.59276448887302,0.016231575195068453,0.0258446252990678,0.22309055568636435,0.07828926934245721
sxkdk6,41775,2096833,354,41.1904907226563,29.0203857421875,118.00847457627118,50.19348892878516,0.007301643981308771,0.01988328949331762,0.14443053111128787,0.0484403101203025
sxkdk8,95194,2218969,354,41.1795043945313,29.0313720703125,268.909604519774,23.309967014727818,0.016718280948970904,0.04271684788666614,0.4457200948739548,0.1454188251264661
sxkdk9,131,4154,101,41.1849975585938,29.0313720703125,1.297029702970297,31.709923664122137,1.8535453528618396e-05,0.031436730580019674,0.2968785711848026,0.08907654617291082
sxkdkb,111063,3906820,354,41.1795043945313,29.0423583984375,313.73728813559325,35.17661147276771,0.019515649152041546,0.028347393875173196,0.25611467043465364,0.09049535553682517
sxkdkc,321527,8582539,354,41.1849975585938,29.0423583984375,908.2683615819209,26.693058436772027,0.056615989532094395,0.03732310002457778,0.3745494121262404,0.15199601631033818
sxkdkd,219482,7246928,354,41.1904907226563,29.0313720703125,620.0056497175141,33.018324965145204,0.03862761986278043,0.030194763806817897,0.2804907782328861,0.11118656737381213
sxkdke,196939,7570180,354,41.1959838867188,29.0313720703125,556.3248587570622,38.43921214183072,0.034653766979686265,0.025947598417939456,0.22444928942070685,0.09159242371199244
sxkdkf,211972,6085243,354,41.1904907226563,29.0423583984375,598.7909604519774,28.707768007095275,0.037303766109862135,0.03471285938409747,0.34010719990779836,0.12814479624924302
sxkdkg,53442,2458997,354,41.1959838867188,29.0423583984375,150.96610169491527,46.01244339657947,0.009358288686408344,0.021686120412222138,0.16821894515247462,0.05701648562622823
sxkdkh,76270,3837239,354,41.2014770507813,29.0093994140625,215.45197740112994,50.31124950832569,0.013382381026171185,0.01983684216823161,0.1438176571092583,0.05251296385109732
sxkdkk,87133,3538775,354,41.2014770507813,29.0203857421875,246.13841807909606,40.613487427266364,0.01529729757982651,0.024561885094871207,0.2061647559539929,0.07255753509207642
sxkdkm,129123,4511140,354,41.2069702148438,29.0203857421875,364.7542372881356,34.936765719507754,0.02269924419567729,0.028541447233048124,0.25867521095723156,0.09349203422414357
sxkdkp,45695,3947617,354,41.2179565429688,29.0093994140625,129.0819209039548,86.39056789583105,0.00799265685899715,0.01156195437639393,0.034630236995446734,0.015983930899932025
sxkdkt,66769,3583533,354,41.2069702148438,29.0313720703125,188.6129943502825,53.67061061270949,0.011707556191753508,0.018597519883168948,0.1274647582664458,0.04643471681416119
sxkdku,161368,7527122,354,41.2014770507813,29.0423583984375,455.84180790960454,46.645691834812354,0.028383353951050204,0.021392345706076,0.1643425781169687,0.06917112120082575
sxkdkv,141360,5776234,354,41.2069702148438,29.0423583984375,399.3220338983051,40.86187040181098,0.024856367814114207,0.024412947704550828,0.2041995221264591,0.07865931410781767
sxkdkw,246204,9094698,354,41.2124633789063,29.0313720703125,695.4915254237288,36.93968416435151,0.04333814183155311,0.02699807038210224,0.23831030198718067,0.10182978987824137
sxkdkx,261968,8887985,354,41.2179565429688,29.0313720703125,740.0225988700565,33.927750717644905,0.04611700076111424,0.02938777847227661,0.26984257985669086,0.11323467448978722
sxkdky,133253,4649635,354,41.2124633789063,29.0423583984375,376.42090395480227,34.893285704637044,0.023427275620384692,0.02857691068053914,0.2591431523284372,0.09414203863280043
sxkdm0,76224,1914002,354,41.1795043945313,29.0533447265625,215.32203389830508,25.11022774979009,0.013374272201586067,0.03966644053853604,0.40546986828271636,0.13100295102592516
sxkdm1,47,978,42,41.1849975585938,29.0533447265625,1.119047619047619,20.80851063829787,7.4288920888510236e-06,0.047827414266815915,0.5131541885325241,0.15395145678421945
sxkdmy,245245,26238284,354,41.2124633789063,29.0863037109375,692.7824858757062,106.98804868600787,0.04316909046683292,0.009338110202494147,0.005286539027389639,0.031804325034999935
sxkdmz,1498973,141025014,354,41.2179565429688,29.0863037109375,4234.387005649717,94.0810901864143,0.2641747519766536,0.010617842690296772,0.02217265184173237,0.1915741219361772
sxkdn8,195163,11731871,354,41.1355590820313,29.1192626953125,551.3079096045198,60.11319256211475,0.03434069583918255,0.016607656187112477,0.1012084404992306,0.05440101923719696
sxkdn9,124880,5039530,354,41.1410522460938,29.1192626953125,352.7683615819209,40.35498078155029,0.02195129326709775,0.02471883512687405,0.2082357168554899,0.07783662034361538
sxkdnb,188095,12778535,354,41.1355590820313,29.1302490234375,531.3418079096045,67.93660118557112,0.033094757313799524,0.014697971129869952,0.07601008254253602,0.045969354882420474
sxkdp2,117138,8273444,354,41.1355590820313,29.1522216796875,330.89830508474574,70.62988953200498,0.0205865428336632,0.014138294384688728,0.06862512924270864,0.03499811875637683
sxkdp3,23768,1720157,353,41.1410522460938,29.1522216796875,67.3314447592068,72.37281218444969,0.004139260819795332,0.013798277862530187,0.06413859990424653,0.02213906254513069
sxkdp9,132116,8932158,354,41.1410522460938,29.1632080078125,373.2090395480226,67.6084501498683,0.023226846630095995,0.014769205288063223,0.076950019633257,0.03934379853104429
sxkdpd,42253,2400955,354,41.1465454101563,29.1632080078125,119.35875706214689,56.82330248739734,0.007385905245475875,0.017567497954311367,0.11387358459717299,0.03933220905098501
sxkdpf,135307,8661801,354,41.1465454101563,29.1741943359375,382.2231638418079,64.01591196316525,0.023789352265989775,0.015596752340893203,0.08786953056734145,0.04301340575639528
sxkdpg,116686,7706615,354,41.1520385742188,29.1741943359375,329.6214689265537,66.04575527484018,0.020506864818174646,0.01511812807707662,0.08155406745960556,0.03882102561060392
sxkdpu,87279,6537887,354,41.1575317382813,29.1741943359375,246.55084745762713,74.90790453602814,0.015323034283944496,0.013331928230573026,0.057985100972858625,0.028121654290618733
sxkdpv,143339,8406227,354,41.1630249023438,29.1741943359375,404.9124293785311,58.6457767948709,0.025205223550069645,0.017022500246984734,0.10668232169090923,0.049648352992321516
sxkdpy,122885,7632387,354,41.1685180664063,29.1741943359375,347.1327683615819,62.1099971518086,0.02159961707041706,0.016074586815359265,0.09417457237828324,0.04337210366277691
sxkdpz,77809,5819095,354,41.1740112304688,29.1741943359375,219.79943502824858,74.78691411019291,0.013653674092182006,0.013353467850585252,0.05826931697657129,0.02703836695749879
sxkdqe,560429,53253645,355,41.1959838867188,29.1192626953125,1578.6732394366197,95.0230002373182,0.09845105967683843,0.010512704577285661,0.020785350937587047,0.07515134705506302
sxkdqg,175963,17284931,355,41.1959838867188,29.1302490234375,495.6704225352113,98.2304859544336,0.03086876678390756,0.010169786005770383,0.016260528961173068,0.02648629543708721
sxkdqj,998368,95508528,354,41.2069702148438,29.0972900390625,2820.2485875706216,95.664652713228,0.1759287056411456,0.010442266239867748,0.019855914728511857,0.12910686836735547
sxkdqk,1121796,103276632,355,41.2014770507813,29.1082763671875,3159.9887323943663,92.06364793598836,0.19712940578397384,0.010850264962325964,0.025239471464941078,0.145562425488264
sxkdqm,1210607,111690937,355,41.2069702148438,29.1082763671875,3410.1605633802815,92.26027686937213,0.21274080188691682,0.01082716546437306,0.024934672819829584,0.15639896316679064
sxkdqn,634010,64368541,354,41.2124633789063,29.0972900390625,1790.9887005649719,101.52606583492374,0.11170011633278266,0.00983999519989635,0.011908928289782742,0.08176275991988269
sxkdqs,1488356,137500083,355,41.2014770507813,29.1192626953125,4192.552112676056,92.38386716618874,0.2615641419708739,0.010812696642572825,0.024743756234107114,0.19051802624984387
sxkdr5,1530016,142653497,355,41.1959838867188,29.1412353515625,4309.904225352113,93.23660471524481,0.26888722989521446,0.010713910186157314,0.02344026565036353,0.19525314062175916
sxkdr7,1737448,162414540,355,41.1959838867188,29.1522216796875,4894.219718309859,93.47879188326787,0.3053500905366403,0.010686181984988873,0.02307439111210511,0.22066738070927971
sxkdre,1813143,169361803,354,41.1959838867188,29.1632080078125,5121.872881355932,93.40785751592676,0.3195562611050613,0.010694288443403536,0.023181356100975416,0.23064378960383553
sxkdrg,1645929,157104280,354,41.1959838867188,29.1741943359375,4649.516949152542,95.45021686840684,0.29007997862297336,0.010465700997593912,0.020165137137501628,0.2091055261773318
sxkdrk,173464,14405674,354,41.2014770507813,29.1522216796875,490.01129943502826,83.04705299082231,0.030515622259345777,0.012026884465891763,0.04076500501678786,0.0335904370865784
sxkds0,1643889,154505706,354,41.2234497070313,29.0093994140625,4643.754237288135,93.98791889233397,0.28972036988050287,0.010628357091672026,0.022311389718194876,0.20949767583181048
sxkds2,1539874,143133388,355,41.2234497070313,29.0203857421875,4337.67323943662,92.95136355312188,0.2706200911712142,0.01074675278056632,0.023873624777831202,0.19659615125319932
sxkds3,416038,34124433,354,41.2289428710938,29.0203857421875,1175.2485875706216,82.02239458895582,0.07327627475740217,0.01217694643471203,0.042745077695096105,0.06411691563871035
sxkds6,47448,3657002,353,41.2344360351563,29.0203857421875,134.41359773371104,77.07389141797336,0.008325367854292597,0.0129577501098656,0.05304780820335691,0.021742099959011888
sxkds8,1141203,93059522,355,41.2234497070313,29.0313720703125,3214.656338028169,81.54510810083745,0.20054081162525267,0.01224813125074107,0.043684363714316075,0.15348387725197168
sxkds9,453426,35513359,354,41.2289428710938,29.0313720703125,1280.864406779661,78.32228191590248,0.07986698635715042,0.012751477967350756,0.05032604041035309,0.07100470257311121
sxkdsb,1200245,112451132,355,41.2234497070313,29.0423583984375,3380.9718309859154,93.69014826139663,0.21091934636430482,0.010662100642094764,0.02275663699028155,0.1544705335520978
sxkdsc,167686,9007287,354,41.2289428710938,29.0423583984375,473.68926553672316,53.71519983779206,0.029497083379936728,0.018582110686463413,0.12726143340251672,0.058826388386710726
sxkdsd,143922,7774844,354,41.2344360351563,29.0313720703125,406.5593220338983,54.021233723822625,0.025307994087746255,0.018477036297859347,0.12587497334404552,0.05547808786463603
sxkdse,123825,9358343,354,41.2399291992188,29.0313720703125,349.7881355932203,75.5771693922875,0.021765319138026006,0.013214024890602121,0.05642936247367038,0.032164532138719316
sxkdsf,189132,7056853,354,41.2344360351563,29.0423583984375,534.271186440678,37.3117875346319,0.03327755842455535,0.02672954343799545,0.23476708001298216,0.09372441490108338
sxkdsg,158284,8742037,354,41.2399291992188,29.0423583984375,447.12994350282486,55.230073791412906,0.02783971014625659,0.018073353810621477,0.12054836947515593,0.05565230794492639
sxkdss,5317,89867,352,41.2454223632813,29.0313720703125,15.105113636363637,16.90182433703216,0.0008801970836864226,0.05881721750423402,0.6581650084056011,0.19806564048026085
sxkdsu,56707,2000596,354,41.2454223632813,29.0423583984375,160.18926553672316,35.27952457368579,0.009933838953156447,0.028264936062588286,0.25502663685028826,0.08346167832229599
sxkdt0,330080,30871830,354,41.2234497070313,29.0533447265625,932.4293785310734,93.5283264663112,0.05812370206854049,0.010680528401410809,0.022999791888427962,0.04758652901450673
sxkdt1,1596822,149122790,355,41.2289428710938,29.0533447265625,4498.09014084507,93.38723414381816,0.2806305379094605,0.010696647613530078,0.02321248542939734,0.20340512216544157
sxkdt2,1965,158936,346,41.2234497070313,29.0643310546875,5.679190751445087,80.88346055979643,0.0002919941065073363,0.012348200399038538,0.04500477946017848,0.01370582971260868
sxkdt3,1559825,148381115,355,41.2289428710938,29.0643310546875,4393.87323943662,95.12677063132082,0.27412712254851895,0.010501248686376143,0.02063419007535162,0.19807924280656874
sxkdt8,1380606,132205421,354,41.2234497070313,29.0753173828125,3900.0169491525426,95.75897902805,0.24330915980998513,0.010431990932298399,0.01972033170278433,0.1762325113778249
sxkdt9,136095,13560009,354,41.2289428710938,29.0753173828125,384.4491525423729,99.63634960872919,0.023928259956708768,0.010026434734407778,0.014369004159403924,0.021060483217517315
sxkdtb,392539,36631270,354,41.2234497070313,29.0863037109375,1108.8672316384182,93.31880399145054,0.06913389934597379,0.010704483008490643,0.023315873726959608,0.05538849166026953
sxkf0p,106328,7485301,354,41.1740112304688,29.1851806640625,300.361581920904,70.39821119554585,0.018680969056160297,0.014184757074562213,0.06923820598362083,0.033848140134398456
sxkf0r,78666,5250711,354,41.1740112304688,29.1961669921875,222.22033898305085,66.7468919228129,0.013804745019778675,0.014959558645668745,0.07946173852900447,0.03350184307254641
sxkf1g,288558,26912234,354,41.1520385742188,29.2620849609375,815.1355932203389,93.2645568655175,0.050804253928903524,0.01071070257892834,0.023397941166107016,0.04258236010006457
sxkf1r,1744919,161169492,355,41.1740112304688,29.2401123046875,4915.264788732395,92.36502783223749,0.3066633596168791,0.010814899680929474,0.02477282539862334,0.2220961993514024
sxkf1t,885185,79274342,354,41.1630249023438,29.2510986328125,2500.5225988700563,89.55680676920643,0.15597694274946092,0.011153642830200155,0.02924255253940425,0.11795662568644391
sxkf1u,1790756,167399588,354,41.1575317382813,29.2620849609375,5058.632768361582,93.47984203319716,0.31560990771403846,0.01068606206500384,0.023072808763907146,0.22784877802899905
sxkf1v,1211429,105643492,354,41.1630249023438,29.2620849609375,3422.1158192090397,87.20568188478235,0.21348684205266702,0.0114540082433547,0.033205884173473504,0.15940255468890896
sxkf1w,1826318,168619540,354,41.1685180664063,29.2510986328125,5159.090395480226,92.32759026631726,0.32187873423351654,0.010819280229189564,0.024830626878865173,0.23276430202712112
sxkf1x,463002,41987186,355,41.1740112304688,29.2510986328125,1304.230985915493,90.68467522818476,0.08132512383419024,0.011015074928522108,0.027414144459993874,0.06515183002193133
sxkf22,121266,7960766,354,41.1795043945313,29.1961669921875,342.5593220338983,65.64713934656045,0.021314221700779946,0.015209787223272018,0.08276351294752893,0.039749009074804637
sxkf23,122112,7246663,354,41.1849975585938,29.1961669921875,344.9491525423729,59.344396947064986,0.021463353561628,0.016822443348033227,0.10404256424380147,0.046237116766280034
sxkf24,1481243,139866064,354,41.1904907226563,29.1851806640625,4184.302259887006,94.42479323109038,0.26104932893547633,0.010579234990287052,0.02166322195378302,0.18923349684096832
sxkf25,1051377,96875512,354,41.1959838867188,29.1851806640625,2969.991525423729,92.14155531269944,0.185273068302723,0.010841100809824747,0.025118550167358717,0.13722671286211371
sxkf26,1496871,140134652,355,41.1904907226563,29.1961669921875,4216.538028169014,93.61838929339936,0.2630609277048096,0.010670264475730065,0.022864359047099797,0.19100195710749665
sxkf27,39669,2513001,353,41.1959838867188,29.1961669921875,112.37677053824362,63.34923996067458,0.006950210480080003,0.015760630081933107,0.09003190282039804,0.03187471818217541
sxkf29,53852,3865324,354,41.1849975585938,29.2071533203125,152.12429378531073,71.77679566218525,0.009430562992493098,0.013912695895625537,0.0656483496630893,0.026295898993671955
sxkf2c,1889307,176188199,355,41.1849975585938,29.2181396484375,5321.991549295774,93.25546298192936,0.3320442050134148,0.010711745923145046,0.023411708127808323,0.23945445594773285
sxkf2d,1868974,166008712,355,41.1904907226563,29.2071533203125,5264.715492957746,88.82344644708809,0.32847002482220944,0.011245628008750513,0.030456300035113966,0.23906590738608077
sxkf2e,26964,2073746,354,41.1959838867188,29.2071533203125,76.16949152542372,76.90795134253078,0.004690778743695864,0.012985672032125717,0.05341623889787434,0.019308416789949406
sxkf2f,127886,11448824,355,41.1904907226563,29.2181396484375,360.24225352112677,89.52366951816461,0.02241768425537854,0.011157766752647007,0.029296967833490208,0.02448146932881204
sxkf2g,65466,4774245,354,41.1959838867188,29.2181396484375,184.9322033898305,72.92709192557969,0.011477864921440253,0.013693548156334613,0.0627566879416394,0.026861511827499997
sxkf2u,78238,4251048,354,41.2014770507813,29.2181396484375,221.01129943502823,54.334824509828984,0.013729297695378003,0.018370592888003814,0.12447044900454851,0.04695164308812916
sxkf2v,38491,2268421,353,41.2069702148438,29.2181396484375,109.03966005665723,58.93380270712634,0.00674196579736726,0.016939447471495575,0.10558643755119947,0.036395307323516916
sxkf2y,41745,2746496,353,41.2124633789063,29.2181396484375,118.25779036827196,65.79221463648341,0.00731720195827326,0.015176299742190133,0.08232164451892646,0.029818534726469215
sxkf2z,44632,1893822,353,41.2179565429688,29.2181396484375,126.43626062322946,42.431932245922205,0.0078275605312713,0.023511746285542343,0.19230813937665264,0.0631717341848857
sxkf30,943283,88571558,355,41.1795043945313,29.2291259765625,2657.1352112676054,93.89712101246391,0.16574999160639825,0.01063862370707504,0.022446858050498026,0.12275905153962817
sxkf31,1623205,151762544,354,41.1849975585938,29.2291259765625,4585.324858757062,93.49561146004356,0.28607421927792476,0.010684261627233507,0.023049051927541087,0.20716666907280964
sxkf32,1456473,135384528,355,41.1795043945313,29.2401123046875,4102.740845070422,92.95368194261067,0.2559596769614705,0.010746485030186485,0.023870091802648447,0.18633280141382386
sxkf42,1503467,140568386,354,41.1355590820313,29.2840576171875,4247.081920903955,93.49615655016039,0.26496694888286065,0.01068419940368039,0.023048230885684556,0.1923913334837078
sxkf43,1453991,134664477,354,41.1410522460938,29.2840576171875,4107.319209039548,92.61713243066842,0.2562453792051794,0.010785493185391334,0.024384805710239786,0.18668720715669754
sxkf44,278130,26623655,354,41.1465454101563,29.2730712890625,785.6779661016949,95.72378024664725,0.04896601865121617,0.010435822897260295,0.01977089460812894,0.04020748143829
sxkf45,1558325,144051152,355,41.1520385742188,29.2730712890625,4389.647887323944,92.4397362552741,0.27386344919550626,0.010806168684568811,0.02465761961074738,0.1991017003200786
sxkf46,54968,5478118,353,41.1465454101563,29.2840576171875,155.71671388101984,99.6601295299083,0.009654739682815378,0.010024044723199742,0.014337467881884131,0.011059558142536004
sxkf8b,7309,179437,353,41.2234497070313,29.2181396484375,20.705382436260624,24.550143658503217,0.0012296689413835717,0.0405677148926085,0.4173622134131221,0.12606943228290513
sxkfjb,118441,8684168,354,41.1355590820313,29.4378662109375,334.57909604519773,73.32062377048489,0.020816234103976455,0.013620151241509887,0.06178821320510823,0.033107827834315984
sxkfn0,153758,12149839,355,41.1355590820313,29.4488525390625,433.12112676056336,79.01923151966076,0.026965522248142287,0.012639152084680002,0.048843896646068564,0.03352903456752017
sxkfn1,4,146,4,41.1410522460938,29.4488525390625,1.0,36.5,0.0,0.0273224043715847,0.2425898997844754,0.07277696993534262
sxkfn2,39516,3321469,354,41.1355590820313,29.4598388671875,111.62711864406779,84.05377568579816,0.006903430182661309,0.011883008122340976,0.038866551870001445,0.01649236668886335
sxkfn3,151235,12594107,355,41.1410522460938,29.4598388671875,426.01408450704224,83.27508182629683,0.026522023668374858,0.011993991227299714,0.040330977637637606,0.030664709859153684
sxkfn9,128969,9777478,354,41.1410522460938,29.4708251953125,364.319209039548,75.81262163775791,0.022672097261196678,0.013173039982360635,0.05588856524389968,0.032637037656007575
sxkfnc,144186,10977967,355,41.1410522460938,29.4818115234375,406.15774647887326,76.13753762501214,0.025282934691450324,0.013116897937059268,0.05514776908562238,0.03424238500970194
sxkfnd,113518,8643683,355,41.1465454101563,29.4708251953125,319.76901408450703,76.14372170052326,0.01989204509798717,0.013115834034543687,0.05513373085648248,0.03046455082553576
sxkfnf,62800,5158897,355,41.1465454101563,29.4818115234375,176.90140845070422,82.14804140127389,0.010976721685920388,0.012158344234863588,0.04249962104831277,0.020433591494638102
sxkfp4,118780,9573979,354,41.1465454101563,29.4927978515625,335.5367231638418,80.60261828590671,0.020875992615592878,0.012391171702227564,0.045571787237464134,0.028284731002154253
sxkfp5,141982,11639966,354,41.1520385742188,29.4927978515625,401.07909604519773,81.98198363172797,0.02496601322480864,0.012182941441652247,0.042824182011412325,0.03032346386078974
sxkfph,136047,11353278,355,41.1575317382813,29.4927978515625,383.23098591549297,83.4511455599903,0.023852243078003193,0.011968716805707868,0.03999748080264672,0.02869581439539625
sxkfpj,35060,2878384,355,41.1630249023438,29.4927978515625,98.7605633802817,82.09880205362236,0.006100522477538107,0.01216562741811797,0.04259572289401351,0.017049082602480725
sxkfpm,129339,10290730,355,41.1630249023438,29.5037841796875,364.33521126760564,79.5640139478425,0.022673095843330215,0.012552719232233497,0.047703412278290114,0.030182190773818184
sxkfpq,145253,10706046,354,41.1685180664063,29.5037841796875,410.319209039548,73.70619539699696,0.025542621164328712,0.0135489980837122,0.06084934491730573,0.036134638290221816
sxkfpr,107621,7854637,354,41.1740112304688,29.5037841796875,304.0141242937853,72.98424099385808,0.018908897538520264,0.013682840327835366,0.06261539778783125,0.03202084761331356
sxkfpw,120345,9545120,354,41.1685180664063,29.5147705078125,339.95762711864404,79.31463708504715,0.02115186893028224,0.012592137126170766,0.04822353270210731,0.029273368061829758
sxkfpx,100078,7450556,354,41.1740112304688,29.5147705078125,282.70621468926555,74.4474909570535,0.01757922658535612,0.013414267699178445,0.059071573004471675,0.030026930511090785
sxkfpy,140475,11305588,353,41.1685180664063,29.5257568359375,397.94617563739376,80.48113899270332,0.024770510552695347,0.01240985188966553,0.04581827293308963,0.03108483926681363
sxm40n,148902,10849954,354,41.1685180664063,29.5367431640625,420.6271186440678,72.86640877892842,0.026185862488483026,0.01370493651441408,0.06290695770593226,0.03720219105371779
sxm40q,125936,10430885,354,41.1685180664063,29.5477294921875,355.75141242937855,82.82687237962139,0.022137443674964827,0.012058817260371463,0.04118635930387588,0.027852118363638143
sxm40t,2948,229534,351,41.1630249023438,29.5587158203125,8.398860398860398,77.86092265943012,0.00046170881806229994,0.012826939008514166,0.051321751362695206,0.01571972158145217
sxm40u,13144,1041154,352,41.1575317382813,29.5697021484375,37.34090909090909,79.21135118685332,0.0022677706131957135,0.012608535664006697,0.04843991195521455,0.016119413015801363
sxm40v,157476,10000763,354,41.1630249023438,29.5697021484375,444.8474576271187,63.506585130432576,0.027697276879631028,0.015721642624728017,0.08951746202360313,0.04624333242282266
sxm40w,150213,11577056,354,41.1685180664063,29.5587158203125,424.3305084745763,77.07093260902852,0.02641696398915891,0.012958246922663293,0.05305436366477514,0.034408183891843774
sxm40y,1874,140306,345,41.1685180664063,29.5697021484375,5.431884057971015,74.86979722518677,0.00027656150270251306,0.01333870487866334,0.05807451907019288,0.017615948772949624
sxm415,38483,2845813,354,41.1520385742188,29.5806884765625,108.7090395480226,73.94987397032456,0.006721334187086795,0.01350441191028562,0.06026102887343173,0.022783242592990277
sxm417,144198,8193928,354,41.1520385742188,29.5916748046875,407.33898305084745,56.82414457898168,0.025356647035256967,0.01756723807439056,0.11387015547295931,0.05191069956656767
sxm41e,83734,6677183,354,41.1520385742188,29.6026611328125,236.5367231638418,79.74279265292473,0.014698125954504366,0.012524612012846083,0.04733253658200432,0.024488449142754352
sxm41g,55483,4396140,354,41.1520385742188,29.6136474609375,156.7316384180791,79.23399960348215,0.009718073707674156,0.012604936155974517,0.04839241632680247,0.02132037649341265
sxm41h,131474,10389378,354,41.1575317382813,29.5806884765625,371.3954802259887,79.02230098726744,0.023113675643494994,0.012638661761883323,0.04883742682042994,0.030830800996575477
sxm41j,2,130,2,41.1630249023438,29.5806884765625,1.0,65.0,0.0,0.015360983102918589,0.08475854761696958,0.02542756428509087
sxm41s,92317,6699415,354,41.1575317382813,29.6026611328125,260.78248587570624,72.56967839076226,0.016211126854810326,0.013760897559264823,0.06364536555723303,0.030441398465537138
sxm41u,79987,4642193,354,41.1575317382813,29.6136474609375,225.95197740112994,58.03684348706665,0.014037609308407846,0.017200796259646673,0.1090349435184027,0.0425368095714063
sxm445,57360,4154420,354,41.1520385742188,29.6246337890625,162.03389830508473,72.4271269177127,0.010048949006506066,0.013787944490543142,0.06400225071659293,0.026234939519532124
sxm44h,58602,4088807,354,41.1575317382813,29.6246337890625,165.54237288135593,69.7724821678441,0.010267887270304274,0.014311785827185175,0.07091435460679106,0.028461827471250308
sxm44k,70517,3867765,354,41.1575317382813,29.6356201171875,199.20056497175142,54.848688968617495,0.012368249116645356,0.018198796345643913,0.12220358790423803,0.04531885075292316
