event_id,region,centroid_latitude,centroid_longitude,start_date,end_date,duration_days,total_frp,mean_frp,max_brightness,n_detections,pct_night,conflict_associated
E000001,Eastern_Mediterranean,31.039212970297026,29.76258326732673,2024-01-01,2024-06-30,182,4042.48,2.354385556202679,367.0,1717,0.8270238788584741,1
E000002,Eastern_Mediterranean,29.903718333333334,40.25087666666666,2024-01-01,2024-06-17,169,10.16,1.6933333333333334,350.38,6,0.6666666666666666,1
E000003,Eastern_Mediterranean,31.978918305084747,36.07145372881356,2024-01-01,2024-06-29,181,109.89,1.862542372881356,351.02,59,0.7796610169491526,1
E000004,Eastern_Mediterranean,36.964905507527206,40.36165041884037,2024-01-01,2024-06-30,182,53526.88,7.978369354598301,367.0,6709,0.5911462214935161,1
E000005,Eastern_Mediterranean,37.80244627906976,40.53046976744186,2024-01-01,2024-06-30,182,1073.37,6.240523255813953,367.0,172,0.5465116279069767,1
E000006,Eastern_Mediterranean,37.659486,33.279556,2024-01-01,2024-04-01,92,17.39,3.478,339.42,5,0.0,0
E000007,Eastern_Mediterranean,34.918626093294456,40.83280475218659,2024-01-01,2024-06-30,182,513.3699999999999,1.4967055393586002,356.45,343,0.9008746355685131,1
E000008,Eastern_Mediterranean,35.302558308823535,40.44447139705882,2024-01-01,2024-06-30,182,140.59,1.03375,324.78,136,1.0,1
E000009,Eastern_Mediterranean,36.14882484210527,41.045586842105266,2024-01-01,2024-06-29,181,56.660000000000004,0.596421052631579,314.87,95,1.0,1
E000010,Eastern_Mediterranean,36.1388223160763,40.813580953678475,2024-01-01,2024-06-30,182,484.65999999999997,1.320599455040872,367.0,367,0.9591280653950953,1
E000011,Eastern_Mediterranean,30.46811601513241,31.215725384615382,2024-01-01,2024-06-30,182,2767.7799999999997,3.4902648171500625,367.0,793,0.6254728877679697,1
E000012,Eastern_Mediterranean,30.709078720292506,33.82600575868372,2024-01-01,2024-06-30,182,1091.8000000000002,1.9959780621572216,353.7,547,0.943327239488117,1
E000013,Eastern_Mediterranean,31.005537142857143,30.65404428571429,2024-01-01,2024-06-09,161,12.06,1.7228571428571429,342.26,7,0.7142857142857143,1
E000014,Eastern_Mediterranean,31.453806960784313,31.647525882352937,2024-01-01,2024-06-21,173,412.4300000000001,4.043431372549021,367.0,102,0.696078431372549,1
E000015,Eastern_Mediterranean,29.688904463414634,32.31661009756098,2024-01-01,2024-06-30,182,1242.03,3.0293414634146343,367.0,410,0.8536585365853658,1
E000016,Eastern_Mediterranean,29.788825496062994,32.13956694488189,2024-01-01,2024-06-30,182,919.21,1.4475748031496063,338.57,635,0.9968503937007874,1
E000017,Eastern_Mediterranean,29.818368413173648,31.333650718562875,2024-01-01,2024-06-30,182,553.21,1.6563173652694612,367.0,334,0.9520958083832335,1
E000018,Eastern_Mediterranean,31.50138835051547,34.501357525773194,2024-01-02,2024-06-14,165,346.94,3.576701030927835,367.0,97,0.6804123711340206,1
E000019,Eastern_Mediterranean,29.040045040783035,31.201915171288746,2024-01-02,2024-06-28,179,1242.67,2.027194127243067,352.77,613,0.9265905383360522,1
E000020,Eastern_Mediterranean,31.0763,30.4029475,2024-01-02,2024-06-23,174,6.449999999999999,1.6124999999999998,335.6,4,0.75,1
E000021,Eastern_Mediterranean,32.25023375,38.79088375,2024-01-02,2024-01-03,2,18.439999999999998,2.3049999999999997,341.54,8,0.875,0
E000022,Eastern_Mediterranean,32.9489225,35.31776,2024-01-02,2024-06-23,174,22.08,5.52,349.13,4,0.0,1
E000023,Eastern_Mediterranean,33.16604614349776,35.50979434977578,2024-01-02,2024-06-29,180,1869.79,8.384708520179371,367.0,223,0.32286995515695066,1
E000024,Eastern_Mediterranean,34.703915382513664,36.623214125683056,2024-01-02,2024-06-30,181,1046.77,2.8600273224043717,367.0,366,0.6994535519125683,1
E000025,Eastern_Mediterranean,34.182229506172845,41.06843629629629,2024-01-02,2024-06-29,180,672.38,8.300987654320988,367.0,81,0.7160493827160493,1
E000026,Eastern_Mediterranean,34.46192666666667,35.916045555555556,2024-01-02,2024-06-29,180,32.67,1.21,354.9,27,0.9259259259259259,1
E000027,Eastern_Mediterranean,35.19692722222222,40.084575,2024-01-02,2024-06-30,181,24.47,0.6797222222222222,318.01,36,1.0,1
E000028,Eastern_Mediterranean,36.45747984615385,41.281125538461545,2024-01-02,2024-06-29,180,40.76,0.6270769230769231,317.08,65,1.0,1
E000029,Eastern_Mediterranean,31.651401454545454,38.85920763636364,2024-01-02,2024-06-29,180,79.85999999999999,1.4519999999999997,335.82,55,0.9818181818181818,1
E000030,Eastern_Mediterranean,32.82565601190476,35.17679125000001,2024-01-02,2024-06-30,181,477.68999999999994,2.843392857142857,367.0,168,0.75,1
E000031,Eastern_Mediterranean,36.93880603603604,30.64462855855856,2024-01-03,2024-06-29,179,201.7,1.817117117117117,355.23,111,0.8648648648648649,1
E000032,Eastern_Mediterranean,37.86164666666667,29.371445490196084,2024-01-03,2024-06-29,179,50.730000000000004,0.9947058823529412,330.89,51,0.9803921568627451,1
E000033,Eastern_Mediterranean,31.90538170068027,34.864470816326524,2024-01-03,2024-06-28,178,157.89,1.0740816326530611,344.28,147,0.9863945578231292,1
E000034,Eastern_Mediterranean,34.60862650793651,37.90072888888889,2024-01-03,2024-06-30,180,80.24000000000001,1.2736507936507937,349.9,63,0.9365079365079365,1
E000035,Eastern_Mediterranean,31.35782298642534,30.321130723981902,2024-01-03,2024-06-28,178,509.63,2.3060180995475115,367.0,221,0.9095022624434389,1
E000036,Eastern_Mediterranean,30.243946000000005,38.92811199999999,2024-01-03,2024-06-23,173,94.16,6.277333333333333,367.0,15,0.2,1
E000037,Eastern_Mediterranean,29.969271407407405,38.38110822222222,2024-01-03,2024-06-26,176,2013.6999999999998,14.916296296296295,367.0,135,0.32592592592592595,1
E000038,Eastern_Mediterranean,34.992866523364484,37.91257960747664,2024-01-03,2024-06-30,180,1899.48,3.550429906542056,367.0,535,0.8,1
E000039,Eastern_Mediterranean,34.58139457142857,36.077252,2024-01-03,2024-06-23,173,349.3,9.98,355.8,35,0.6,1
E000040,Eastern_Mediterranean,31.27739345323741,32.1758628057554,2024-01-03,2024-06-26,176,252.5,1.816546762589928,367.0,139,0.841726618705036,1
E000041,Eastern_Mediterranean,29.61213583333333,29.120051666666665,2024-01-03,2024-02-19,48,4.840000000000001,0.4033333333333334,301.05,12,1.0,0
E000042,Eastern_Mediterranean,29.848076875,38.214583125,2024-01-04,2024-06-17,166,371.48,23.2175,367.0,16,0.3125,1
E000043,Eastern_Mediterranean,30.5386725,30.308625625,2024-01-04,2024-06-28,177,27.619999999999997,1.7262499999999998,341.58,16,0.5625,1
E000044,Eastern_Mediterranean,33.64412045454546,36.561336363636364,2024-01-04,2024-06-30,179,39.56,0.8990909090909092,343.41,44,0.9772727272727273,1
E000045,Eastern_Mediterranean,36.26328917098446,33.728565958549225,2024-01-04,2024-06-30,179,299.32000000000005,1.5508808290155442,336.31,193,0.9222797927461139,1
E000046,Eastern_Mediterranean,36.96240737967915,35.4716532798574,2024-01-04,2024-06-30,179,2585.8599999999997,4.6093761140819955,367.0,561,0.6024955436720143,1
E000047,Eastern_Mediterranean,31.333938636363634,36.129176515151514,2024-01-04,2024-06-29,178,71.13,1.0777272727272726,314.44,66,1.0,1
E000048,Eastern_Mediterranean,31.4151325,38.6852809375,2024-01-04,2024-06-24,173,27.64,0.86375,309.82,32,1.0,1
E000049,Eastern_Mediterranean,32.01831581196581,35.18073576923077,2024-01-04,2024-06-30,179,1178.06,5.0344444444444445,367.0,234,0.5726495726495726,1
E000050,Eastern_Mediterranean,29.9088,31.75446,2024-01-04,2024-06-28,177,7.380000000000001,1.8450000000000002,324.12,4,1.0,1
E000051,Eastern_Mediterranean,29.937203035714283,32.48401017857143,2024-01-04,2024-06-27,176,73.28999999999999,1.3087499999999999,340.04,56,0.9464285714285714,1
E000052,Eastern_Mediterranean,30.206098000000004,38.408492,2024-01-05,2024-06-27,175,30.38,6.076,356.22,5,0.0,1
E000053,Eastern_Mediterranean,31.445746538461545,30.716814615384617,2024-01-05,2024-06-22,170,137.18000000000004,5.276153846153847,347.22,26,0.19230769230769232,1
E000054,Eastern_Mediterranean,31.876685000000002,35.49572,2024-01-05,2024-01-06,2,4.41,2.205,331.57,2,0.0,0
E000055,Eastern_Mediterranean,35.003573333333335,32.35374,2024-01-05,2024-06-08,156,3.57,1.19,326.9,3,0.6666666666666666,1
E000056,Eastern_Mediterranean,36.93093461538462,31.076369230769224,2024-01-05,2024-06-29,177,86.74,6.672307692307692,348.81,13,0.3076923076923077,1
E000057,Eastern_Mediterranean,37.33843,32.82725,2024-01-05,2024-01-05,1,4.8,4.8,331.35,1,0.0,0
E000058,Eastern_Mediterranean,36.346621666666664,33.940081666666664,2024-01-05,2024-06-06,154,28.79,4.798333333333333,367.0,6,0.16666666666666666,1
E000059,Eastern_Mediterranean,36.728526249999994,36.20565908854167,2024-01-05,2024-06-30,178,1668.79,2.1729036458333333,367.0,768,0.8841145833333334,1
E000060,Eastern_Mediterranean,36.79859763157894,37.019043421052636,2024-01-05,2024-06-29,177,31.36,0.8252631578947368,313.42,38,1.0,1
E000061,Eastern_Mediterranean,37.329357177914105,37.13175886503067,2024-01-05,2024-06-30,178,682.27,2.0928527607361964,367.0,326,0.8895705521472392,1
E000062,Eastern_Mediterranean,37.42852,35.01735,2024-01-05,2024-01-05,1,0.63,0.63,298.98,1,1.0,0
E000063,Eastern_Mediterranean,31.435314821428573,39.12955232142857,2024-01-05,2024-06-27,175,70.75999999999999,1.2635714285714283,316.01,56,1.0,1
E000064,Eastern_Mediterranean,36.046284932885904,37.78229661073826,2024-01-06,2024-06-30,177,1972.1399999999999,6.617919463087248,367.0,298,0.38926174496644295,1
E000065,Eastern_Mediterranean,37.40208,33.32423,2024-01-06,2024-01-06,1,2.72,2.72,331.7,1,0.0,0
E000066,Eastern_Mediterranean,37.968914999999996,41.74014,2024-01-06,2024-06-24,171,26.64,1.9028571428571428,332.31,14,0.9285714285714286,1
E000067,Eastern_Mediterranean,34.596778,40.901827999999995,2024-01-06,2024-06-12,159,36.879999999999995,7.3759999999999994,349.74,5,0.4,1
E000068,Eastern_Mediterranean,30.929289999999998,41.059090000000005,2024-01-06,2024-06-18,165,4.02,1.3399999999999999,309.22,3,1.0,1
E000069,Eastern_Mediterranean,30.024286842105266,29.93605315789474,2024-01-06,2024-03-08,63,8.790000000000001,0.46263157894736845,306.13,19,1.0,0
E000070,Eastern_Mediterranean,30.29843,37.947445,2024-01-07,2024-01-07,1,14.24,7.12,346.72,2,0.0,0
E000071,Eastern_Mediterranean,37.47278,33.63869,2024-01-07,2024-01-07,1,1.08,1.08,295.47,1,1.0,0
E000072,Eastern_Mediterranean,34.72479421052632,33.31532052631579,2024-01-09,2024-06-28,172,50.690000000000005,0.8892982456140351,313.58,57,1.0,1
E000073,Eastern_Mediterranean,37.44774842105263,38.68501157894737,2024-01-09,2024-06-29,173,87.41999999999999,4.601052631578947,353.63,19,0.15789473684210525,1
E000074,Eastern_Mediterranean,33.267332,36.328326000000004,2024-01-09,2024-06-27,171,4.09,0.818,304.49,5,1.0,1
E000075,Eastern_Mediterranean,29.788296666666668,38.81603666666667,2024-01-10,2024-03-31,82,11.06,3.686666666666667,339.45,3,0.3333333333333333,0
E000076,Eastern_Mediterranean,35.023785,40.510175000000004,2024-01-10,2024-05-01,113,2.61,1.305,328.31,2,0.5,1
E000077,Eastern_Mediterranean,35.037170963855424,33.46311891566265,2024-01-12,2024-06-30,171,221.96999999999997,2.67433734939759,367.0,83,0.7951807228915663,1
E000078,Eastern_Mediterranean,31.492673333333332,31.00960111111111,2024-01-13,2024-05-15,124,59.33,6.592222222222222,367.0,9,0.0,1
E000079,Eastern_Mediterranean,34.06274736842105,42.36459631578947,2024-01-14,2024-06-27,166,178.52000000000007,4.697894736842107,367.0,38,0.6842105263157895,1
E000080,Eastern_Mediterranean,37.554728,29.017428666666664,2024-01-14,2024-06-11,150,60.480000000000004,4.032,348.85,15,0.06666666666666667,1
E000081,Eastern_Mediterranean,35.202590833333325,35.95687,2024-01-14,2024-05-23,131,9.29,0.7741666666666666,307.23,12,1.0,1
E000082,Eastern_Mediterranean,31.21320833333333,31.701751666666667,2024-01-14,2024-05-24,132,26.29,4.381666666666667,339.0,6,0.8333333333333334,1
E000083,Eastern_Mediterranean,31.209786666666663,34.42654666666667,2024-01-14,2024-02-28,46,9.9,3.3000000000000003,340.94,3,0.6666666666666666,0
E000084,Eastern_Mediterranean,29.743617999999998,39.816897,2024-01-15,2024-06-29,167,51.85,5.1850000000000005,351.16,10,0.7,1
E000085,Eastern_Mediterranean,30.365493333333333,32.442299999999996,2024-01-15,2024-03-04,50,28.230000000000004,9.410000000000002,338.52,3,0.0,0
E000086,Eastern_Mediterranean,30.776954285714286,35.30791714285715,2024-01-15,2024-04-19,96,26.83,3.8328571428571427,340.83,7,0.2857142857142857,0
E000087,Eastern_Mediterranean,31.27992,35.51364,2024-01-15,2024-01-15,1,2.43,2.43,333.68,1,0.0,0
E000088,Eastern_Mediterranean,36.693425000000005,34.373905,2024-01-15,2024-04-06,83,4.33,2.165,333.92,2,0.0,0
E000089,Eastern_Mediterranean,29.51817,31.03819,2024-01-16,2024-01-16,1,11.16,11.16,332.16,1,0.0,0
E000090,Eastern_Mediterranean,29.66561,31.21898333333333,2024-01-17,2024-05-17,122,6.6000000000000005,2.2,334.57,3,0.3333333333333333,1
E000091,Eastern_Mediterranean,33.520685,31.539728333333333,2024-01-17,2024-01-20,4,12.08,2.013333333333333,337.73,6,0.6666666666666666,0
E000092,Eastern_Mediterranean,35.11898357142857,40.51187285714286,2024-01-18,2024-06-14,149,12.0,0.8571428571428571,320.01,14,1.0,1
E000093,Eastern_Mediterranean,32.87525,37.28234,2024-01-19,2024-01-19,1,3.22,3.22,327.21,1,0.0,0
E000094,Eastern_Mediterranean,30.14118333333333,35.81295333333333,2024-01-22,2024-01-22,1,11.6,3.8666666666666667,348.26,3,0.0,0
E000095,Eastern_Mediterranean,32.51175583333334,36.1584075,2024-01-22,2024-05-21,121,119.83,9.985833333333334,367.0,12,0.08333333333333333,1
E000096,Eastern_Mediterranean,37.253033043478254,30.442214782608698,2024-01-23,2024-05-16,115,48.95,1.0641304347826088,311.4,46,1.0,1
E000097,Eastern_Mediterranean,37.88004,30.90566,2024-01-24,2024-01-24,1,6.09,6.09,333.66,1,0.0,0
E000098,Eastern_Mediterranean,37.354726666666664,29.958826666666667,2024-01-25,2024-02-17,24,13.650000000000002,4.550000000000001,336.65,3,0.0,0
E000099,Eastern_Mediterranean,36.6686,33.36692,2024-01-26,2024-01-26,1,6.91,6.91,339.0,1,0.0,0
E000100,Eastern_Mediterranean,36.53069444444444,33.26814333333334,2024-01-26,2024-06-29,156,20.78,2.308888888888889,351.66,9,0.1111111111111111,1
E000101,Eastern_Mediterranean,37.80657000000001,31.628930000000004,2024-01-27,2024-05-16,111,20.099999999999998,5.0249999999999995,339.87,4,0.0,1
E000102,Eastern_Mediterranean,31.719849999999997,38.716676666666665,2024-01-29,2024-03-28,60,2.71,0.9033333333333333,303.3,3,1.0,0
E000103,Eastern_Mediterranean,33.203970312500005,34.2846471875,2024-01-30,2024-06-30,153,155.72,4.86625,367.0,32,0.75,1
E000104,Eastern_Mediterranean,29.96697,40.1139725,2024-01-30,2024-01-30,1,13.59,3.3975,330.57,4,1.0,0
E000105,Eastern_Mediterranean,37.35334,30.77848,2024-02-01,2024-02-01,1,1.34,1.34,325.13,1,0.0,0
E000106,Eastern_Mediterranean,37.40801,29.390563333333333,2024-02-01,2024-03-09,38,8.19,2.73,343.23,3,0.0,0
E000107,Eastern_Mediterranean,37.14482,35.306,2024-02-02,2024-02-02,1,1.96,1.96,330.27,1,0.0,0
E000108,Eastern_Mediterranean,37.862899999999996,29.080152916666666,2024-02-02,2024-06-27,147,53.82,2.2425,337.17,24,0.5416666666666666,1
E000109,Eastern_Mediterranean,35.39425,40.081445,2024-02-02,2024-06-19,139,2.99,1.495,310.65,2,1.0,1
E000110,Eastern_Mediterranean,37.95422,31.328557500000002,2024-02-03,2024-03-11,38,23.830000000000002,5.9575000000000005,347.21,4,0.0,0
E000111,Eastern_Mediterranean,37.54891666666666,33.99258,2024-02-04,2024-06-15,133,28.349999999999998,4.725,349.41,6,0.0,1
E000112,Eastern_Mediterranean,29.372172142857146,34.971019285714284,2024-02-04,2024-05-26,113,45.50999999999999,3.250714285714285,354.04,14,0.5,1
E000113,Eastern_Mediterranean,29.209546666666665,34.94874,2024-02-04,2024-04-10,67,4.53,1.51,329.58,3,1.0,0
E000114,Eastern_Mediterranean,33.7664246875,35.92757625,2024-02-05,2024-06-30,147,82.38,2.574375,367.0,32,0.78125,1
E000115,Eastern_Mediterranean,36.741716249999996,29.84952625,2024-02-06,2024-03-31,55,29.86,3.7325,350.59,8,0.0,0
E000116,Eastern_Mediterranean,37.15261333333333,29.662563999999993,2024-02-06,2024-04-29,84,65.03000000000002,4.335333333333335,353.3,15,0.0,1
E000117,Eastern_Mediterranean,37.30595,29.7949,2024-02-06,2024-02-06,1,2.98,2.98,331.76,1,0.0,0
E000118,Eastern_Mediterranean,37.59719,30.0443,2024-02-06,2024-02-06,1,1.59,1.59,329.64,1,0.0,0
E000119,Eastern_Mediterranean,37.62967,29.17179,2024-02-06,2024-02-06,1,2.24,2.24,331.38,1,0.0,0
E000120,Eastern_Mediterranean,37.940150465116275,32.534459069767436,2024-02-06,2024-06-30,146,39.769999999999996,0.9248837209302324,336.67,43,0.9767441860465116,1
E000121,Eastern_Mediterranean,29.73462,35.36734,2024-02-07,2024-02-07,1,4.18,4.18,338.35,1,0.0,0
E000122,Eastern_Mediterranean,30.8744,34.80909,2024-02-07,2024-02-07,1,1.32,1.32,337.73,1,0.0,0
E000123,Eastern_Mediterranean,31.286544545454543,35.151765454545455,2024-02-07,2024-06-28,143,37.410000000000004,3.4009090909090913,352.3,11,0.6363636363636364,1
E000124,Eastern_Mediterranean,34.578714999999995,37.17248333333334,2024-02-07,2024-05-29,113,28.810000000000002,4.801666666666667,343.52,6,0.3333333333333333,1
E000125,Eastern_Mediterranean,37.3639,33.21748,2024-02-07,2024-02-07,1,4.04,4.04,338.06,1,0.0,0
E000126,Eastern_Mediterranean,37.72428,33.93729,2024-02-07,2024-02-07,1,3.32,3.32,347.41,1,0.0,0
E000127,Eastern_Mediterranean,37.760431999999994,33.524718,2024-02-07,2024-04-01,55,81.26,16.252000000000002,349.17,5,0.0,0
E000128,Eastern_Mediterranean,37.80975,34.306086666666666,2024-02-07,2024-04-11,65,12.9,4.3,342.18,3,0.0,0
E000129,Eastern_Mediterranean,37.84064,30.73462,2024-02-07,2024-02-07,1,3.27,3.27,336.05,1,0.0,0
E000130,Eastern_Mediterranean,37.18410125,37.41055,2024-02-07,2024-06-27,142,10.379999999999999,1.2974999999999999,345.4,8,0.875,1
E000131,Eastern_Mediterranean,30.19461888888889,31.73490111111111,2024-02-08,2024-06-27,141,23.849999999999998,2.65,327.65,9,1.0,1
E000132,Eastern_Mediterranean,35.48212,40.01029,2024-02-09,2024-02-09,1,3.91,3.91,332.69,1,0.0,0
E000133,Eastern_Mediterranean,37.72401333333333,29.72885666666667,2024-02-09,2024-04-28,80,12.870000000000001,2.145,337.36,6,0.6666666666666666,1
E000134,Eastern_Mediterranean,31.381757777777775,37.41567111111111,2024-02-10,2024-06-16,128,96.05,10.672222222222222,367.0,9,0.8888888888888888,1
E000135,Eastern_Mediterranean,29.425100000000004,31.154794324324325,2024-02-10,2024-06-23,135,50.54,1.365945945945946,343.1,37,0.8918918918918919,1
E000136,Eastern_Mediterranean,37.68172545454546,32.59297545454546,2024-02-10,2024-06-24,136,53.260000000000005,4.841818181818183,367.0,11,0.09090909090909091,1
E000137,Eastern_Mediterranean,37.377745000000004,41.506435,2024-02-11,2024-02-11,1,4.9399999999999995,2.4699999999999998,330.9,2,0.0,0
E000138,Eastern_Mediterranean,30.516,32.36996,2024-02-11,2024-02-11,1,1.61,1.61,335.2,1,0.0,0
E000139,Eastern_Mediterranean,37.19332714285714,30.03956714285715,2024-02-11,2024-04-17,67,36.26,5.18,350.47,7,0.0,0
E000140,Eastern_Mediterranean,37.59249833333334,32.93752666666666,2024-02-11,2024-03-12,31,35.75,5.958333333333333,352.28,6,0.0,0
E000141,Eastern_Mediterranean,34.972680000000004,35.89268333333333,2024-02-11,2024-05-01,81,3.4899999999999998,0.5816666666666667,302.61,6,1.0,1
E000142,Eastern_Mediterranean,30.670803333333335,35.25517333333333,2024-02-14,2024-06-10,118,9.530000000000001,3.176666666666667,356.48,3,0.0,1
E000143,Eastern_Mediterranean,29.178336666666667,32.54304666666667,2024-02-17,2024-02-17,1,5.52,1.8399999999999999,344.98,3,0.0,0
E000144,Eastern_Mediterranean,37.08097,30.76963,2024-02-17,2024-02-17,1,2.6,2.6,343.57,1,0.0,0
E000145,Eastern_Mediterranean,31.81033,37.03742,2024-02-18,2024-02-18,1,4.26,2.13,332.87,2,0.5,0
E000146,Eastern_Mediterranean,37.031252499999994,36.702959375,2024-02-18,2024-06-29,133,108.75999999999999,6.797499999999999,367.0,16,0.6875,1
E000147,Eastern_Mediterranean,37.96537,35.46849,2024-02-18,2024-02-18,1,5.06,2.53,338.35,2,0.0,0
E000148,Eastern_Mediterranean,29.0816,30.93996,2024-02-19,2024-02-19,1,4.49,4.49,343.39,1,0.0,0
E000149,Eastern_Mediterranean,37.217103333333334,35.04003666666667,2024-02-19,2024-05-22,94,12.080000000000002,4.026666666666667,345.95,3,0.0,1
E000150,Eastern_Mediterranean,37.46494666666667,30.051113333333333,2024-02-20,2024-04-06,47,23.04,7.68,367.0,3,0.0,0
E000151,Eastern_Mediterranean,37.47379,31.82594,2024-02-20,2024-02-20,1,1.13,1.13,328.49,1,0.0,0
E000152,Eastern_Mediterranean,36.18842,40.652145000000004,2024-02-20,2024-06-18,120,5.99,2.995,367.0,2,0.5,1
E000153,Eastern_Mediterranean,30.881028571428573,34.45906,2024-02-20,2024-02-21,2,64.05,9.15,349.77,7,0.7142857142857143,0
E000154,Eastern_Mediterranean,37.3811,30.38881,2024-02-23,2024-02-23,1,3.05,3.05,328.19,1,0.0,0
E000155,Eastern_Mediterranean,37.55329,30.28722,2024-02-23,2024-02-23,1,5.58,5.58,331.55,1,0.0,0
E000156,Eastern_Mediterranean,37.80075,36.99039,2024-02-24,2024-02-24,1,1.46,1.46,329.9,1,0.0,0
E000157,Eastern_Mediterranean,36.35124848484849,42.078813030303024,2024-02-24,2024-06-30,128,41.09,1.2451515151515153,355.06,33,0.9696969696969697,1
E000158,Eastern_Mediterranean,36.783115,33.189915,2024-02-25,2024-03-10,15,6.380000000000001,3.1900000000000004,332.89,2,0.0,0
E000159,Eastern_Mediterranean,36.85786,39.659173333333335,2024-02-25,2024-02-25,1,34.56,11.520000000000001,353.41,3,0.0,0
E000160,Eastern_Mediterranean,37.87207333333333,32.74460666666666,2024-02-25,2024-06-12,109,5.55,1.8499999999999999,330.69,3,0.3333333333333333,1
E000161,Eastern_Mediterranean,31.31393,34.47278,2024-02-25,2024-02-25,1,7.61,7.61,367.0,1,0.0,0
E000162,Eastern_Mediterranean,37.44840666666666,32.80498333333333,2024-02-25,2024-02-25,1,20.880000000000003,6.960000000000001,367.0,3,0.0,0
E000163,Eastern_Mediterranean,34.166394000000004,36.220901,2024-02-25,2024-06-28,125,48.73,4.872999999999999,354.04,10,0.8,1
E000164,Eastern_Mediterranean,36.84298739130435,37.55530413043479,2024-02-26,2024-06-30,126,293.22,6.374347826086957,367.0,46,0.391304347826087,1
E000165,Eastern_Mediterranean,37.96154,41.356656,2024-02-26,2024-06-17,113,14.329999999999998,2.8659999999999997,344.27,5,0.6,1
E000166,Eastern_Mediterranean,35.725372231237316,36.562282494929,2024-02-26,2024-06-30,126,9786.36,9.92531440162272,367.0,986,0.3843813387423935,1
E000167,Eastern_Mediterranean,31.92216666666667,36.85911333333333,2024-02-26,2024-04-05,40,1.85,0.6166666666666667,301.51,3,1.0,0
E000168,Eastern_Mediterranean,34.866789999999995,40.63566333333333,2024-02-27,2024-05-29,93,11.48,3.8266666666666667,343.18,3,0.3333333333333333,1
E000169,Eastern_Mediterranean,34.87410475409837,32.566420983606555,2024-02-27,2024-06-24,119,1944.2600000000002,31.873114754098363,367.0,61,0.2459016393442623,1
E000170,Eastern_Mediterranean,36.33609666666667,29.32318833333333,2024-02-27,2024-06-15,110,27.1,4.516666666666667,346.21,6,0.0,1
E000171,Eastern_Mediterranean,29.741516666666666,35.013020000000004,2024-02-28,2024-02-28,1,8.48,2.8266666666666667,342.94,3,0.0,0
E000172,Eastern_Mediterranean,31.232697999999996,34.809524666666675,2024-02-28,2024-06-28,122,32.449999999999996,2.163333333333333,348.75,15,0.6666666666666666,1
E000173,Eastern_Mediterranean,31.585025,35.564355,2024-02-28,2024-04-01,34,8.49,4.245,340.37,2,0.0,0
E000174,Eastern_Mediterranean,31.66165,35.914604999999995,2024-02-28,2024-02-28,1,15.350000000000001,7.675000000000001,350.64,2,0.0,0
E000175,Eastern_Mediterranean,35.08927,33.02777,2024-02-28,2024-02-28,1,2.17,2.17,344.99,1,0.0,0
E000176,Eastern_Mediterranean,37.579295,41.427505,2024-02-28,2024-02-28,1,11.469999999999999,5.734999999999999,344.15,2,0.0,0
E000177,Eastern_Mediterranean,37.61054520325203,38.08633373983739,2024-02-28,2024-06-30,124,849.2,6.904065040650407,367.0,123,0.9186991869918699,1
E000178,Eastern_Mediterranean,34.76986,32.53816,2024-02-29,2024-02-29,1,2.49,2.49,338.23,1,0.0,0
E000179,Eastern_Mediterranean,36.66268,41.55043,2024-02-29,2024-02-29,1,8.84,8.84,333.35,1,0.0,0
E000180,Eastern_Mediterranean,37.639619999999994,40.60731714285715,2024-02-29,2024-06-28,121,49.77,3.555,346.52,14,0.9285714285714286,1
E000181,Eastern_Mediterranean,37.98283,41.11626,2024-02-29,2024-02-29,1,5.66,2.83,330.24,2,0.0,0
E000182,Eastern_Mediterranean,37.561620000000005,37.05758,2024-02-29,2024-02-29,1,2.43,1.215,304.53,2,1.0,0
E000183,Eastern_Mediterranean,34.32909,39.21408,2024-03-01,2024-03-01,1,3.89,3.89,335.28,1,0.0,0
E000184,Eastern_Mediterranean,35.86326,37.7074825,2024-03-01,2024-03-02,2,39.669999999999995,9.917499999999999,356.06,4,0.0,0
E000185,Eastern_Mediterranean,29.347335,30.675440000000002,2024-03-01,2024-03-01,1,5.39,2.695,340.61,2,0.0,0
E000186,Eastern_Mediterranean,37.94785,33.50034,2024-03-02,2024-03-02,1,7.92,7.92,355.04,1,0.0,0
E000187,Eastern_Mediterranean,32.29085,36.26819,2024-03-02,2024-03-02,1,1.95,1.95,330.01,1,0.0,0
E000188,Eastern_Mediterranean,37.59439,31.45063,2024-03-02,2024-03-02,1,2.68,2.68,326.79,1,0.0,0
E000189,Eastern_Mediterranean,30.064795,31.616785,2024-03-03,2024-03-03,1,3.64,1.82,335.04,2,0.5,0
E000190,Eastern_Mediterranean,34.73116,40.79691,2024-03-03,2024-03-03,1,2.37,2.37,338.02,1,0.0,0
E000191,Eastern_Mediterranean,37.7898,31.00875,2024-03-03,2024-03-03,1,3.73,3.73,332.22,1,0.0,0
E000192,Eastern_Mediterranean,30.41098,30.08582,2024-03-04,2024-03-04,1,1.24,1.24,335.11,1,0.0,0
E000193,Eastern_Mediterranean,36.46617,29.95597,2024-03-04,2024-03-04,1,5.71,5.71,336.92,1,0.0,0
E000194,Eastern_Mediterranean,37.19469,30.81299,2024-03-04,2024-03-04,1,9.350000000000001,4.675000000000001,335.36,2,0.0,0
E000195,Eastern_Mediterranean,37.35961,32.039835,2024-03-04,2024-03-17,14,4.66,2.33,329.08,2,0.0,0
E000196,Eastern_Mediterranean,37.36647052631579,38.30158631578947,2024-03-04,2024-06-22,111,185.36999999999998,9.756315789473684,367.0,19,0.47368421052631576,1
E000197,Eastern_Mediterranean,37.68011,30.25405,2024-03-04,2024-03-04,1,8.83,8.83,347.87,1,0.0,0
E000198,Eastern_Mediterranean,37.94635,30.67482,2024-03-04,2024-03-04,1,3.52,3.52,346.95,1,0.0,0
E000199,Eastern_Mediterranean,29.36745,32.56309,2024-03-04,2024-03-04,1,0.61,0.61,299.86,1,1.0,0
E000200,Eastern_Mediterranean,29.7817,38.59576,2024-03-04,2024-03-04,1,0.4,0.4,298.16,1,1.0,0
E000201,Eastern_Mediterranean,29.29580888888889,30.875585555555556,2024-03-04,2024-06-22,111,9.54,1.0599999999999998,331.17,9,0.8888888888888888,1
E000202,Eastern_Mediterranean,30.2208275,32.416901249999995,2024-03-05,2024-05-14,71,73.81,9.22625,349.06,8,0.0,1
E000203,Eastern_Mediterranean,30.2744,29.93611,2024-03-05,2024-03-05,1,6.45,6.45,344.71,1,0.0,0
E000204,Eastern_Mediterranean,30.44499,38.18045,2024-03-05,2024-03-05,1,2.15,2.15,335.87,1,0.0,0
E000205,Eastern_Mediterranean,37.92806,37.03135,2024-03-05,2024-03-05,1,4.68,4.68,342.39,1,0.0,0
E000206,Eastern_Mediterranean,37.934145,41.516925,2024-03-05,2024-03-05,1,9.08,4.54,342.37,2,0.0,0
E000207,Eastern_Mediterranean,37.96495,31.87863,2024-03-05,2024-03-05,1,2.96,2.96,325.88,1,0.0,0
E000208,Eastern_Mediterranean,35.24938666666667,40.31811666666667,2024-03-06,2024-06-13,100,19.99,6.663333333333333,350.78,3,0.0,1
E000209,Eastern_Mediterranean,37.94292,31.46929,2024-03-07,2024-03-07,1,2.25,2.25,332.08,1,0.0,0
E000210,Eastern_Mediterranean,31.246229999999997,31.09595,2024-03-08,2024-05-29,83,22.26,4.452,347.34,5,0.2,1
E000211,Eastern_Mediterranean,36.34315,29.65583,2024-03-09,2024-03-09,1,1.45,1.45,337.0,1,0.0,0
E000212,Eastern_Mediterranean,37.053979999999996,30.25732,2024-03-09,2024-06-11,95,14.68,7.34,348.54,2,0.0,1
E000213,Eastern_Mediterranean,30.87396,30.41133,2024-03-11,2024-03-11,1,8.8,8.8,367.0,1,0.0,0
E000214,Eastern_Mediterranean,37.717445,39.44443,2024-03-11,2024-03-11,1,5.6,2.8,346.07,2,0.0,0
E000215,Eastern_Mediterranean,37.86256300000001,38.286377,2024-03-11,2024-06-26,108,58.75,5.875,367.0,10,0.3,1
E000216,Eastern_Mediterranean,29.664908571428573,40.51054,2024-03-11,2024-06-26,108,29.09,4.155714285714286,343.1,7,1.0,1
E000217,Eastern_Mediterranean,37.439189999999996,37.67165978021978,2024-03-12,2024-06-30,111,1124.5799999999997,12.358021978021975,367.0,91,0.4725274725274725,1
E000218,Eastern_Mediterranean,35.168504999999996,36.7471025,2024-03-14,2024-06-28,107,56.73,4.7275,367.0,12,0.4166666666666667,1
E000219,Eastern_Mediterranean,36.43099922413794,36.44624103448276,2024-03-14,2024-06-30,109,630.16,5.432413793103448,367.0,116,0.5,1
E000220,Eastern_Mediterranean,34.46609,36.78161,2024-03-14,2024-03-14,1,0.55,0.55,295.33,1,1.0,0
E000221,Eastern_Mediterranean,31.027856000000003,35.363804,2024-03-14,2024-06-13,92,7.98,1.596,317.42,5,1.0,1
E000222,Eastern_Mediterranean,37.709224057971014,38.52014927536232,2024-03-15,2024-06-29,107,459.94,6.665797101449275,367.0,69,0.8405797101449275,1
E000223,Eastern_Mediterranean,30.998615,36.110805,2024-03-15,2024-03-15,1,2.37,1.185,308.54,2,1.0,0
E000224,Eastern_Mediterranean,31.62428,38.65614,2024-03-16,2024-03-16,1,0.63,0.63,295.93,1,1.0,0
E000225,Eastern_Mediterranean,30.477485,32.20098,2024-03-18,2024-04-19,33,3.7300000000000004,1.8650000000000002,330.32,2,0.5,0
E000226,Eastern_Mediterranean,31.115009999999998,33.680595,2024-03-19,2024-05-06,49,1.1099999999999999,0.5549999999999999,301.19,2,1.0,1
E000227,Eastern_Mediterranean,37.94199333333333,32.256326666666666,2024-03-20,2024-03-31,12,10.92,3.64,334.02,3,0.0,0
E000228,Eastern_Mediterranean,32.26130333333333,36.50806333333333,2024-03-21,2024-06-30,102,5.119999999999999,1.7066666666666663,331.25,3,0.3333333333333333,1
E000229,Eastern_Mediterranean,30.45295,35.57592,2024-03-23,2024-03-23,1,1.36,1.36,297.15,1,1.0,0
E000230,Eastern_Mediterranean,36.51842,33.49178,2024-03-23,2024-03-23,1,2.12,2.12,318.99,1,1.0,0
E000231,Eastern_Mediterranean,36.57134,29.38173,2024-03-24,2024-03-24,1,2.95,2.95,335.03,1,0.0,0
E000232,Eastern_Mediterranean,36.7121,31.57726,2024-03-25,2024-03-25,1,1.72,1.72,329.57,1,0.0,0
E000233,Eastern_Mediterranean,31.81042,35.65749,2024-03-26,2024-03-26,1,2.27,2.27,335.19,1,0.0,0
E000234,Eastern_Mediterranean,32.0344475,35.6466575,2024-03-26,2024-06-15,82,20.61,5.1525,353.33,4,0.0,1
E000235,Eastern_Mediterranean,36.938365,30.81659333333333,2024-03-26,2024-06-26,93,61.650000000000006,5.1375,367.0,12,0.3333333333333333,1
E000236,Eastern_Mediterranean,35.01446,39.17046,2024-03-28,2024-03-28,1,6.8,6.8,341.84,1,0.0,0
E000237,Eastern_Mediterranean,31.13253545454546,30.892682727272724,2024-03-29,2024-06-12,76,60.56,5.505454545454546,367.0,11,0.18181818181818182,1
E000238,Eastern_Mediterranean,31.2052,30.52613,2024-03-29,2024-03-29,1,0.51,0.51,297.67,1,1.0,0
E000239,Eastern_Mediterranean,33.29568,36.03408,2024-03-30,2024-03-30,1,2.55,2.55,342.09,1,0.0,0
E000240,Eastern_Mediterranean,37.90547789473685,30.48785105263158,2024-03-30,2024-06-27,90,420.06,22.10842105263158,367.0,19,0.7894736842105263,1
E000241,Eastern_Mediterranean,33.86215,36.13157,2024-03-30,2024-03-30,1,1.21,1.21,310.82,1,1.0,0
E000242,Eastern_Mediterranean,35.44659,35.971005000000005,2024-03-31,2024-06-25,87,4.95,2.475,337.13,2,0.0,1
E000243,Eastern_Mediterranean,34.10951,35.8598,2024-04-01,2024-04-01,1,3.32,3.32,335.52,1,0.0,0
E000244,Eastern_Mediterranean,37.97286,34.85376,2024-04-01,2024-04-01,1,4.23,4.23,337.3,1,0.0,0
E000245,Eastern_Mediterranean,37.89477,30.06512,2024-04-01,2024-04-01,1,4.45,4.45,335.1,1,0.0,0
E000246,Eastern_Mediterranean,34.29093333333333,35.808240000000005,2024-04-01,2024-06-29,90,7.6899999999999995,2.563333333333333,341.19,3,0.3333333333333333,1
E000247,Eastern_Mediterranean,36.526606,37.535868,2024-04-02,2024-06-28,88,9.31,1.862,348.3,5,0.8,1
E000248,Eastern_Mediterranean,36.6456,32.84325,2024-04-03,2024-04-03,1,1.04,1.04,312.77,1,1.0,0
E000249,Eastern_Mediterranean,33.061989999999994,40.28884,2024-04-04,2024-04-04,1,4.92,2.46,338.18,2,0.0,0
E000250,Eastern_Mediterranean,37.524515,29.617314999999998,2024-04-04,2024-04-04,1,6.970000000000001,3.4850000000000003,342.45,2,0.0,0
E000251,Eastern_Mediterranean,36.82262,31.44405,2024-04-04,2024-04-04,1,0.59,0.59,299.3,1,1.0,0
E000252,Eastern_Mediterranean,35.45674,40.40081,2024-04-05,2024-04-05,1,6.36,6.36,335.7,1,0.0,0
E000253,Eastern_Mediterranean,30.37443,35.15181,2024-04-05,2024-04-05,1,3.47,3.47,346.72,1,0.0,0
E000254,Eastern_Mediterranean,30.533185000000003,30.027555,2024-04-05,2024-04-05,1,8.469999999999999,4.234999999999999,335.61,2,1.0,0
E000255,Eastern_Mediterranean,37.03213,29.815042,2024-04-06,2024-04-28,23,41.260000000000005,8.252,342.01,5,0.8,1
E000256,Eastern_Mediterranean,29.048675294117647,33.114461176470584,2024-04-06,2024-06-23,79,32.61,1.918235294117647,340.17,17,1.0,1
E000257,Eastern_Mediterranean,32.126684999999995,36.68609,2024-04-07,2024-06-17,72,3.94,1.97,340.27,2,0.5,1
E000258,Eastern_Mediterranean,37.379155,34.849785,2024-04-07,2024-04-07,1,10.08,5.04,346.8,2,0.0,0
E000259,Eastern_Mediterranean,29.75622,38.92843,2024-04-08,2024-04-08,1,2.41,2.41,341.24,1,0.0,0
E000260,Eastern_Mediterranean,31.93135,36.64462,2024-04-11,2024-04-11,1,2.34,2.34,337.33,1,0.0,0
E000261,Eastern_Mediterranean,32.05366,36.4024,2024-04-11,2024-04-11,1,6.63,6.63,346.78,1,0.0,0
E000262,Eastern_Mediterranean,36.61699,29.92953,2024-04-11,2024-04-11,1,19.65,9.825,337.43,2,0.0,0
E000263,Eastern_Mediterranean,35.549054999999996,40.45218,2024-04-13,2024-04-13,1,28.76,14.38,354.21,2,0.0,0
E000264,Eastern_Mediterranean,35.697379999999995,39.23668,2024-04-13,2024-04-13,1,14.65,7.325,343.97,2,0.0,0
E000265,Eastern_Mediterranean,35.347529393939396,39.772601515151514,2024-04-13,2024-06-12,61,21.33,0.6463636363636364,319.76,33,1.0,1
E000266,Eastern_Mediterranean,30.8507,37.16862,2024-04-14,2024-04-14,1,0.68,0.68,304.15,1,1.0,0
E000267,Eastern_Mediterranean,35.36898166666666,39.32999391025641,2024-04-14,2024-06-10,58,889.78,5.703717948717949,367.0,156,0.6410256410256411,1
E000268,Eastern_Mediterranean,37.91238,29.74496,2024-04-14,2024-04-14,1,7.51,7.51,334.19,1,0.0,0
E000269,Eastern_Mediterranean,31.06884083333333,31.929443333333328,2024-04-15,2024-05-16,32,53.510000000000005,4.459166666666667,348.25,12,0.0,1
E000270,Eastern_Mediterranean,36.62379,31.89221,2024-04-15,2024-04-15,1,2.09,2.09,335.1,1,0.0,0
E000271,Eastern_Mediterranean,37.70131,39.595085,2024-04-17,2024-04-17,1,12.81,6.405,339.3,2,0.0,0
E000272,Eastern_Mediterranean,37.6785925,31.8061675,2024-04-17,2024-04-17,1,59.64,14.91,348.98,4,0.0,0
E000273,Eastern_Mediterranean,31.77681,35.93408,2024-04-17,2024-04-17,1,4.46,4.46,327.43,1,1.0,0
E000274,Eastern_Mediterranean,32.21434827586207,36.201101379310344,2024-04-17,2024-06-30,75,29.12,1.004137931034483,312.07,29,1.0,1
E000275,Eastern_Mediterranean,37.76831,34.87637,2024-04-18,2024-04-18,1,4.75,4.75,340.99,1,0.0,0
E000276,Eastern_Mediterranean,37.51244,34.62943,2024-04-18,2024-04-18,1,1.98,1.98,330.79,1,0.0,0
E000277,Eastern_Mediterranean,34.71871324999999,33.021846499999995,2024-04-21,2024-05-09,19,1145.6100000000001,28.64025,367.0,40,0.375,1
E000278,Eastern_Mediterranean,36.38133,30.28621,2024-04-22,2024-04-22,1,0.76,0.76,298.05,1,1.0,0
E000279,Eastern_Mediterranean,30.16261,32.60821,2024-04-23,2024-04-23,1,10.9,10.9,354.9,1,0.0,0
E000280,Eastern_Mediterranean,30.908884999999998,31.109045000000002,2024-04-23,2024-04-23,1,8.6,4.3,342.3,2,0.0,0
E000281,Eastern_Mediterranean,29.175545,30.9037,2024-04-24,2024-05-06,13,1.3,0.65,305.33,2,1.0,1
E000282,Eastern_Mediterranean,34.9035570967742,38.396864838709675,2024-04-25,2024-06-20,57,117.93,3.804193548387097,367.0,31,0.967741935483871,1
E000283,Eastern_Mediterranean,32.57262,39.01013,2024-04-26,2024-04-26,1,0.47,0.47,299.37,1,1.0,0
E000284,Eastern_Mediterranean,30.79836375,29.1478775,2024-04-27,2024-05-16,20,27.06,3.3825,342.86,8,0.75,1
E000285,Eastern_Mediterranean,35.603363854166666,37.44725916666667,2024-04-27,2024-06-19,54,327.22999999999996,3.408645833333333,367.0,96,0.8020833333333334,1
E000286,Eastern_Mediterranean,36.33996,41.17202,2024-04-27,2024-04-27,1,4.41,4.41,330.23,1,0.0,0
E000287,Eastern_Mediterranean,35.94125666666667,36.66088666666667,2024-04-27,2024-06-27,62,4.43,1.4766666666666666,367.0,3,0.6666666666666666,1
E000288,Eastern_Mediterranean,37.51847,40.07017,2024-04-28,2024-04-28,1,3.42,3.42,338.19,1,0.0,1
E000289,Eastern_Mediterranean,37.16623,34.37834,2024-04-29,2024-04-29,1,1.03,1.03,297.88,1,1.0,1
E000290,Eastern_Mediterranean,31.13951,31.02208,2024-05-01,2024-05-01,1,6.47,6.47,338.09,1,0.0,1
E000291,Eastern_Mediterranean,31.2789,31.53406,2024-05-01,2024-05-01,1,2.36,2.36,337.31,1,0.0,1
E000292,Eastern_Mediterranean,35.488867540106945,38.48645812834224,2024-05-01,2024-06-18,49,2450.9700000000003,13.106791443850268,367.0,187,0.3155080213903743,1
E000293,Eastern_Mediterranean,30.8689,31.993466666666666,2024-05-03,2024-05-14,12,7.7700000000000005,2.5900000000000003,339.43,3,0.0,1
E000294,Eastern_Mediterranean,33.86474,35.53082,2024-05-03,2024-05-03,1,3.12,3.12,335.9,1,0.0,1
E000295,Eastern_Mediterranean,35.49945461538462,39.04257807692307,2024-05-03,2024-05-23,21,123.56,4.752307692307692,367.0,26,0.3076923076923077,1
E000296,Eastern_Mediterranean,31.2976,30.50396,2024-05-03,2024-05-03,1,0.74,0.74,297.96,1,1.0,1
E000297,Eastern_Mediterranean,36.6904,31.68819,2024-05-04,2024-05-04,1,2.47,2.47,337.42,1,0.0,1
E000298,Eastern_Mediterranean,31.55120666666667,31.231650000000002,2024-05-04,2024-05-09,6,7.4399999999999995,2.48,337.89,3,0.0,1
E000299,Eastern_Mediterranean,34.82239,33.3893,2024-05-05,2024-05-05,1,0.52,0.52,295.2,1,1.0,1
E000300,Eastern_Mediterranean,30.379244999999997,31.29773,2024-05-06,2024-05-27,22,2.06,1.03,332.68,2,0.5,1
E000301,Eastern_Mediterranean,33.534058,36.630880000000005,2024-05-06,2024-06-27,53,65.66,13.132,367.0,5,0.0,1
E000302,Eastern_Mediterranean,31.7526,39.88721,2024-05-06,2024-05-06,1,1.03,1.03,306.06,1,1.0,0
E000303,Eastern_Mediterranean,29.45509,30.87234,2024-05-07,2024-05-07,1,0.52,0.52,304.89,1,1.0,0
E000304,Eastern_Mediterranean,29.89166,36.14723,2024-05-08,2024-05-08,1,1.3,1.3,300.15,1,1.0,0
E000305,Eastern_Mediterranean,35.72677,37.08227,2024-05-09,2024-05-09,1,17.54,17.54,351.69,1,0.0,1
E000306,Eastern_Mediterranean,36.52957166666666,39.85191833333334,2024-05-10,2024-06-26,48,14.040000000000003,2.3400000000000003,346.15,6,0.6666666666666666,1
E000307,Eastern_Mediterranean,30.02369,39.03771,2024-05-11,2024-05-11,1,20.11,20.11,367.0,1,0.0,1
E000308,Eastern_Mediterranean,32.89334,36.07308,2024-05-11,2024-05-11,1,5.17,5.17,333.14,1,0.0,1
E000309,Eastern_Mediterranean,35.03415,38.49419,2024-05-11,2024-05-11,1,5.36,5.36,351.83,1,0.0,1
E000310,Eastern_Mediterranean,31.253928000000002,37.423274,2024-05-12,2024-06-24,44,10.700000000000001,2.14,310.84,5,1.0,1
E000311,Eastern_Mediterranean,29.59138,30.93338,2024-05-14,2024-05-14,1,5.62,2.81,340.46,2,0.0,1
E000312,Eastern_Mediterranean,30.62733,30.030336,2024-05-14,2024-06-11,29,236.77,47.354,367.0,5,0.0,1
E000313,Eastern_Mediterranean,32.461960000000005,35.449065000000004,2024-05-15,2024-06-11,28,66.71,16.6775,367.0,4,0.0,1
E000314,Eastern_Mediterranean,31.11931,30.15799,2024-05-15,2024-05-15,1,3.66,3.66,330.69,1,0.0,1
E000315,Eastern_Mediterranean,36.34278347826087,37.48087652173913,2024-05-15,2024-06-22,39,80.99000000000002,3.521304347826088,367.0,23,0.7391304347826086,1
E000316,Eastern_Mediterranean,29.68891,38.74847,2024-05-16,2024-05-16,1,5.61,5.61,352.07,1,0.0,1
E000317,Eastern_Mediterranean,36.62112846153846,37.94880307692308,2024-05-16,2024-06-18,34,140.30999999999997,10.79307692307692,367.0,13,0.07692307692307693,1
E000318,Eastern_Mediterranean,36.65447666666666,35.56484,2024-05-16,2024-05-25,10,9.28,3.0933333333333333,334.31,3,0.0,1
E000319,Eastern_Mediterranean,30.847030000000004,30.2811325,2024-05-16,2024-06-20,36,18.35,4.5875,346.55,4,0.25,1
E000320,Eastern_Mediterranean,32.562493333333336,35.88316666666666,2024-05-16,2024-06-10,26,10.959999999999999,3.653333333333333,350.89,3,0.0,1
E000321,Eastern_Mediterranean,34.78944,37.486765000000005,2024-05-16,2024-05-16,1,2.51,1.255,306.54,2,1.0,1
E000322,Eastern_Mediterranean,31.24792,30.712605,2024-05-17,2024-05-25,9,5.34,2.67,341.29,2,0.0,1
E000323,Eastern_Mediterranean,31.33772,31.24625,2024-05-17,2024-05-17,1,0.48,0.48,301.02,1,1.0,1
E000324,Eastern_Mediterranean,32.3349,36.67898,2024-05-18,2024-05-18,1,9.4,9.4,349.83,1,0.0,1
E000325,Eastern_Mediterranean,32.61982,36.02569,2024-05-18,2024-05-18,1,0.77,0.77,309.54,1,1.0,1
E000326,Eastern_Mediterranean,32.73558111111111,35.90100555555555,2024-05-18,2024-06-29,43,23.75,2.638888888888889,367.0,9,0.6666666666666666,1
E000327,Eastern_Mediterranean,34.083625,36.826465,2024-05-18,2024-06-06,20,3.87,1.935,341.8,2,0.5,1
E000328,Eastern_Mediterranean,37.29984,41.33626,2024-05-19,2024-05-19,1,3.74,3.74,337.21,1,0.0,1
E000329,Eastern_Mediterranean,35.07423,36.554190000000006,2024-05-20,2024-06-26,38,20.43,10.215,367.0,2,0.5,1
E000330,Eastern_Mediterranean,36.52145,36.16329,2024-05-20,2024-05-20,1,2.26,2.26,336.29,1,0.0,1
E000331,Eastern_Mediterranean,29.55664333333333,31.34154,2024-05-21,2024-06-05,16,7.21,2.4033333333333333,345.05,3,0.6666666666666666,1
E000332,Eastern_Mediterranean,36.55745999999999,37.807252500000004,2024-05-21,2024-05-22,2,10.62,2.655,353.9,4,0.5,1
E000333,Eastern_Mediterranean,31.184492307692306,36.073346923076926,2024-05-21,2024-06-30,41,25.69,0.9880769230769231,313.69,26,1.0,1
E000334,Eastern_Mediterranean,35.670745,39.45226,2024-05-22,2024-05-22,1,11.92,5.96,350.22,2,0.0,1
E000335,Eastern_Mediterranean,36.45254037037037,38.568061111111106,2024-05-22,2024-06-27,37,427.48,15.832592592592594,367.0,27,0.037037037037037035,1
E000336,Eastern_Mediterranean,36.55206,38.21997,2024-05-22,2024-05-22,1,5.51,5.51,367.0,1,0.0,1
E000337,Eastern_Mediterranean,36.67158,40.8959,2024-05-22,2024-05-22,1,4.28,4.28,345.61,1,0.0,1
E000338,Eastern_Mediterranean,29.77139,39.96282,2024-05-23,2024-05-23,1,12.78,12.78,346.75,1,0.0,1
E000339,Eastern_Mediterranean,35.65843,38.5278,2024-05-23,2024-05-23,1,23.5,11.75,352.1,2,0.0,1
E000340,Eastern_Mediterranean,36.40996,37.76333,2024-05-23,2024-05-23,1,0.72,0.72,304.63,1,1.0,1
E000341,Eastern_Mediterranean,37.86808333333334,39.84043333333334,2024-05-23,2024-06-29,38,11.62,3.873333333333333,348.45,3,0.6666666666666666,1
E000342,Eastern_Mediterranean,35.18076,32.68259,2024-05-23,2024-05-23,1,0.59,0.59,303.52,1,1.0,1
E000343,Eastern_Mediterranean,32.070465,38.77422,2024-05-23,2024-06-04,13,2.51,0.4183333333333333,306.5,6,1.0,1
E000344,Eastern_Mediterranean,32.388775,36.2703525,2024-05-23,2024-06-25,34,2.09,0.5225,304.59,4,1.0,1
E000345,Eastern_Mediterranean,34.893546666666666,36.51005,2024-05-24,2024-06-11,19,12.190000000000001,4.0633333333333335,356.32,3,0.0,1
E000346,Eastern_Mediterranean,34.443795,37.228425,2024-05-24,2024-05-24,1,3.17,1.585,320.1,2,1.0,1
E000347,Eastern_Mediterranean,35.43856333333334,36.626376666666665,2024-05-24,2024-06-27,35,8.79,2.9299999999999997,348.35,3,0.6666666666666666,1
E000348,Eastern_Mediterranean,30.988685,34.935935,2024-05-25,2024-05-25,1,2.05,1.025,297.71,2,1.0,1
E000349,Eastern_Mediterranean,31.143142,34.3218,2024-05-25,2024-05-26,2,11.21,2.242,325.59,5,1.0,1
E000350,Eastern_Mediterranean,36.38812,32.19282,2024-05-26,2024-05-26,1,2.22,2.22,317.26,1,1.0,1
E000351,Eastern_Mediterranean,30.254335,38.094995,2024-05-26,2024-05-26,1,49.85,24.925,367.0,2,0.0,1
E000352,Eastern_Mediterranean,31.063290000000002,35.031715000000005,2024-05-26,2024-05-26,1,2.55,1.275,301.87,2,1.0,1
E000353,Eastern_Mediterranean,36.00529,40.91246,2024-05-27,2024-05-27,1,3.95,3.95,354.41,1,0.0,1
E000354,Eastern_Mediterranean,32.765550000000005,36.588089999999994,2024-05-27,2024-06-25,30,18.38,9.19,350.37,2,0.0,1
E000355,Eastern_Mediterranean,29.00017,30.75648,2024-05-27,2024-05-27,1,0.8,0.8,303.1,1,1.0,1
E000356,Eastern_Mediterranean,36.45675666666667,37.66059,2024-05-28,2024-05-28,1,28.099999999999998,9.366666666666665,357.38,3,0.0,1
E000357,Eastern_Mediterranean,37.18613,38.06976,2024-05-28,2024-05-28,1,10.33,10.33,367.0,1,0.0,1
E000358,Eastern_Mediterranean,30.1474,38.65752,2024-05-29,2024-05-29,1,12.35,12.35,351.43,1,0.0,1
E000359,Eastern_Mediterranean,32.72197333333333,35.674663333333335,2024-05-29,2024-06-29,32,11.25,3.75,346.75,3,0.6666666666666666,1
E000360,Eastern_Mediterranean,36.114295,39.741690000000006,2024-05-29,2024-05-29,1,11.25,5.625,346.3,2,0.0,1
E000361,Eastern_Mediterranean,31.57303,30.17358,2024-06-04,2024-06-04,1,7.38,7.38,344.6,1,1.0,1
E000362,Eastern_Mediterranean,32.37643,35.90255,2024-06-04,2024-06-04,1,21.35,21.35,356.8,1,0.0,1
E000363,Eastern_Mediterranean,36.66565166666667,36.783566666666665,2024-06-04,2024-06-19,16,132.53,7.362777777777778,367.0,18,0.6111111111111112,1
E000364,Eastern_Mediterranean,35.73952,39.0219725,2024-06-04,2024-06-07,4,12.940000000000001,3.2350000000000003,367.0,4,0.75,1
E000365,Eastern_Mediterranean,29.92478,39.76479,2024-06-04,2024-06-04,1,3.29,3.29,326.44,1,1.0,1
E000366,Eastern_Mediterranean,33.42678,37.60777,2024-06-05,2024-06-05,1,0.54,0.54,305.56,1,1.0,0
E000367,Eastern_Mediterranean,34.0670975,36.02205,2024-06-05,2024-06-05,1,44.83,11.2075,367.0,4,0.0,0
E000368,Eastern_Mediterranean,35.31932333333334,33.75874166666667,2024-06-05,2024-06-05,1,110.81000000000002,18.468333333333337,367.0,6,0.0,0
E000369,Eastern_Mediterranean,35.42553,37.49816,2024-06-05,2024-06-05,1,1.64,1.64,352.54,1,0.0,0
E000370,Eastern_Mediterranean,31.70083,35.8,2024-06-05,2024-06-05,1,20.82,10.41,355.31,2,0.0,0
E000371,Eastern_Mediterranean,36.478465,39.638788000000005,2024-06-05,2024-06-09,5,21.560000000000002,2.156,335.0,10,1.0,1
E000372,Eastern_Mediterranean,30.554137500000007,35.19650583333333,2024-06-05,2024-06-07,3,103.42,8.618333333333334,367.0,12,0.9166666666666666,1
E000373,Eastern_Mediterranean,31.11782,41.10616,2024-06-06,2024-06-06,1,4.94,4.94,350.25,1,0.0,0
E000374,Eastern_Mediterranean,34.25239846153846,40.929956153846156,2024-06-06,2024-06-30,25,84.67999999999999,6.513846153846154,353.0,13,0.6923076923076923,1
E000375,Eastern_Mediterranean,36.94239,36.87495,2024-06-06,2024-06-06,1,22.61,11.305,367.0,2,0.0,0
E000376,Eastern_Mediterranean,32.22083999999999,35.758505,2024-06-06,2024-06-17,12,27.47,4.578333333333333,348.76,6,0.3333333333333333,1
E000377,Eastern_Mediterranean,32.62804,36.1705,2024-06-06,2024-06-06,1,4.65,4.65,354.76,1,0.0,0
E000378,Eastern_Mediterranean,36.7940972,36.7848284,2024-06-06,2024-06-16,11,218.47,8.7388,367.0,25,0.48,1
E000379,Eastern_Mediterranean,35.80444333333333,37.295399999999994,2024-06-06,2024-06-11,6,4.76,1.5866666666666667,308.38,3,1.0,1
E000380,Eastern_Mediterranean,34.34546,41.313464999999994,2024-06-07,2024-06-07,1,24.05,12.025,367.0,2,0.0,1
E000381,Eastern_Mediterranean,35.37296,39.018789999999996,2024-06-07,2024-06-07,1,13.68,6.84,354.78,2,0.0,1
E000382,Eastern_Mediterranean,36.063034,39.847022,2024-06-07,2024-06-12,6,56.93,11.386,367.0,5,0.0,1
E000383,Eastern_Mediterranean,29.776016000000006,40.465034,2024-06-07,2024-06-07,1,228.12,45.624,367.0,5,0.0,1
E000384,Eastern_Mediterranean,36.01223,37.2031,2024-06-07,2024-06-07,1,84.21,42.105,352.73,2,0.0,1
E000385,Eastern_Mediterranean,36.82897,36.59771,2024-06-07,2024-06-07,1,1.53,1.53,316.69,1,1.0,1
E000386,Eastern_Mediterranean,33.50558,36.2363,2024-06-07,2024-06-07,1,2.59,2.59,319.12,1,1.0,1
E000387,Eastern_Mediterranean,36.25007,42.172,2024-06-08,2024-06-08,1,5.54,5.54,341.89,1,0.0,1
E000388,Eastern_Mediterranean,36.552566,41.816332,2024-06-08,2024-06-19,12,41.63,8.326,351.62,5,0.0,1
E000389,Eastern_Mediterranean,32.37903,35.18393,2024-06-08,2024-06-08,1,6.89,6.89,348.54,1,0.0,1
E000390,Eastern_Mediterranean,33.74067,35.687885,2024-06-08,2024-06-16,9,10.18,5.09,345.17,2,0.0,1
E000391,Eastern_Mediterranean,35.96804,40.46611,2024-06-08,2024-06-18,11,39.36,19.68,355.47,2,0.0,1
E000392,Eastern_Mediterranean,36.22378142857143,38.18350142857143,2024-06-08,2024-06-27,20,131.94,18.84857142857143,367.0,7,0.2857142857142857,1
E000393,Eastern_Mediterranean,35.35242,39.63694,2024-06-08,2024-06-08,1,7.78,7.78,331.06,1,1.0,1
E000394,Eastern_Mediterranean,35.921597500000004,40.3079425,2024-06-08,2024-06-08,1,18.89,4.7225,348.13,4,1.0,1
E000395,Eastern_Mediterranean,32.92333,36.458595,2024-06-09,2024-06-15,7,102.74000000000001,51.370000000000005,367.0,2,0.0,1
E000396,Eastern_Mediterranean,37.25174909090909,36.36382181818182,2024-06-09,2024-06-21,13,83.79,7.617272727272728,356.35,11,0.09090909090909091,1
E000397,Eastern_Mediterranean,37.32423,38.513755,2024-06-09,2024-06-09,1,2.03,1.015,300.38,2,1.0,1
E000398,Eastern_Mediterranean,31.88188,40.53023,2024-06-09,2024-06-09,1,0.51,0.51,307.78,1,1.0,1
E000399,Eastern_Mediterranean,34.304140000000004,36.345245,2024-06-10,2024-06-13,4,1.4100000000000001,0.7050000000000001,307.16,2,1.0,1
E000400,Eastern_Mediterranean,36.10079,32.65428,2024-06-10,2024-06-10,1,1.26,1.26,307.32,1,1.0,1
E000401,Eastern_Mediterranean,36.20050545454546,41.933004545454544,2024-06-10,2024-06-29,20,264.73,12.033181818181818,367.0,22,0.22727272727272727,1
E000402,Eastern_Mediterranean,37.0788,37.7963825,2024-06-10,2024-06-10,1,25.35,6.3375,353.58,4,0.5,1
E000403,Eastern_Mediterranean,36.386715,30.45823,2024-06-11,2024-06-11,1,39.47,19.735,335.12,2,1.0,1
E000404,Eastern_Mediterranean,37.91043333333334,37.77272,2024-06-11,2024-06-11,1,41.879999999999995,13.959999999999999,367.0,3,0.0,1
E000405,Eastern_Mediterranean,33.626905,35.5681,2024-06-11,2024-06-29,19,7.779999999999999,3.8899999999999997,335.76,2,0.5,1
E000406,Eastern_Mediterranean,36.91272,37.20189,2024-06-11,2024-06-11,1,19.52,19.52,367.0,1,0.0,1
E000407,Eastern_Mediterranean,31.021475,41.252355,2024-06-11,2024-06-11,1,1.49,0.745,310.86,2,1.0,1
E000408,Eastern_Mediterranean,36.83428875,37.809253749999996,2024-06-11,2024-06-27,17,16.240000000000002,2.0300000000000002,349.65,8,0.875,1
E000409,Eastern_Mediterranean,34.551453333333335,38.01645,2024-06-12,2024-06-12,1,66.07,22.02333333333333,367.0,3,0.0,1
E000410,Eastern_Mediterranean,32.657515000000004,36.291525,2024-06-12,2024-06-12,1,20.11,10.055,346.56,2,0.0,1
E000411,Eastern_Mediterranean,34.6887775,37.9946475,2024-06-12,2024-06-12,1,15.3,3.825,351.1,4,0.5,1
E000412,Eastern_Mediterranean,36.77744,37.28284,2024-06-12,2024-06-12,1,32.04,16.02,354.27,2,0.0,1
E000413,Eastern_Mediterranean,37.35841,30.50261,2024-06-12,2024-06-12,1,34.03,34.03,350.05,1,0.0,1
E000414,Eastern_Mediterranean,30.68363,35.62771,2024-06-13,2024-06-13,1,3.13,3.13,354.16,1,0.0,1
E000415,Eastern_Mediterranean,36.49970666666667,40.77037666666667,2024-06-13,2024-06-13,1,18.11,6.036666666666666,345.4,3,0.0,1
E000416,Eastern_Mediterranean,36.557145000000006,40.555605,2024-06-13,2024-06-13,1,57.48,28.74,367.0,2,0.0,1
E000417,Eastern_Mediterranean,37.422095,41.75905,2024-06-13,2024-06-27,15,9.91,4.955,356.6,2,0.5,1
E000418,Eastern_Mediterranean,37.868697499999996,41.22558,2024-06-13,2024-06-13,1,68.74,17.185,367.0,4,0.0,1
E000419,Eastern_Mediterranean,35.037135,37.102109999999996,2024-06-13,2024-06-28,16,2.98,1.49,315.29,2,1.0,1
E000420,Eastern_Mediterranean,37.432865,40.93573,2024-06-14,2024-06-15,2,19.64,9.82,350.82,2,0.5,1
E000421,Eastern_Mediterranean,36.33378,41.72148,2024-06-14,2024-06-14,1,1.98,1.98,313.45,1,1.0,1
E000422,Eastern_Mediterranean,37.21001,38.48557,2024-06-14,2024-06-14,1,2.43,2.43,307.48,1,1.0,1
E000423,Eastern_Mediterranean,37.93038,39.0886,2024-06-14,2024-06-14,1,1.33,1.33,305.33,1,1.0,1
E000424,Eastern_Mediterranean,34.47296,36.291545,2024-06-14,2024-06-14,1,3.26,1.63,316.5,2,1.0,1
E000425,Eastern_Mediterranean,36.96597,37.33972,2024-06-15,2024-06-15,1,12.8,12.8,367.0,1,0.0,1
E000426,Eastern_Mediterranean,37.51759,42.411,2024-06-15,2024-06-15,1,2.05,2.05,309.91,1,1.0,1
E000427,Eastern_Mediterranean,35.274424999999994,36.95526,2024-06-15,2024-06-15,1,1.9500000000000002,0.9750000000000001,317.21,2,1.0,1
E000428,Eastern_Mediterranean,37.46614,37.28838,2024-06-16,2024-06-16,1,0.71,0.71,306.86,1,1.0,1
E000429,Eastern_Mediterranean,35.33292,36.07597,2024-06-16,2024-06-16,1,17.97,17.97,367.0,1,0.0,1
E000430,Eastern_Mediterranean,31.81223,39.251208,2024-06-16,2024-06-20,5,8.31,1.6620000000000001,314.0,5,1.0,1
E000431,Eastern_Mediterranean,36.68729,37.31222,2024-06-17,2024-06-17,1,6.38,6.38,348.2,1,0.0,1
E000432,Eastern_Mediterranean,30.444285,38.7274,2024-06-17,2024-06-17,1,32.78,16.39,367.0,2,0.0,1
E000433,Eastern_Mediterranean,32.49389333333334,35.743766666666666,2024-06-17,2024-06-17,1,113.29999999999998,37.76666666666666,367.0,3,0.0,1
E000434,Eastern_Mediterranean,33.85233,35.72566,2024-06-17,2024-06-17,1,2.32,2.32,331.55,1,0.0,1
E000435,Eastern_Mediterranean,37.635844999999996,41.59223166666667,2024-06-17,2024-06-23,7,49.18,4.098333333333334,367.0,12,0.5,1
E000436,Eastern_Mediterranean,34.027910000000006,36.2671,2024-06-17,2024-06-17,1,1.5699999999999998,0.7849999999999999,304.51,2,1.0,1
E000437,Eastern_Mediterranean,34.4389025,41.496770000000005,2024-06-18,2024-06-18,1,109.17999999999999,27.294999999999998,367.0,4,0.0,1
E000438,Eastern_Mediterranean,36.34457571428572,42.35259428571429,2024-06-18,2024-06-25,8,141.49,20.212857142857143,367.0,7,0.14285714285714285,1
E000439,Eastern_Mediterranean,32.63221,35.044934999999995,2024-06-20,2024-06-20,1,6.72,3.36,337.53,2,0.0,1
E000440,Eastern_Mediterranean,33.600773999999994,35.834318,2024-06-20,2024-06-24,5,31.509999999999998,6.302,367.0,5,0.2,1
E000441,Eastern_Mediterranean,35.150945,39.795465,2024-06-20,2024-06-20,1,4.1,2.05,335.5,2,1.0,1
E000442,Eastern_Mediterranean,33.24464,35.9449,2024-06-21,2024-06-21,1,4.57,4.57,344.82,1,0.0,1
E000443,Eastern_Mediterranean,36.99278,37.85283,2024-06-21,2024-06-21,1,33.76,33.76,354.1,1,0.0,1
E000444,Eastern_Mediterranean,37.73008,35.01195,2024-06-22,2024-06-22,1,18.39,9.195,347.24,2,0.0,1
E000445,Eastern_Mediterranean,36.10824,32.9551,2024-06-22,2024-06-22,1,0.86,0.86,305.23,1,1.0,1
E000446,Eastern_Mediterranean,34.210697499999995,42.475297499999996,2024-06-23,2024-06-23,1,78.72,19.68,367.0,4,0.0,1
E000447,Eastern_Mediterranean,36.21094166666666,42.402276666666666,2024-06-23,2024-06-30,8,32.379999999999995,5.396666666666666,367.0,6,0.5,1
E000448,Eastern_Mediterranean,35.06175,36.8961,2024-06-23,2024-06-23,1,3.74,3.74,338.5,1,0.0,1
E000449,Eastern_Mediterranean,36.07458,41.67498,2024-06-23,2024-06-24,2,10.86,5.43,367.0,2,0.0,1
E000450,Eastern_Mediterranean,37.35281,41.99982,2024-06-23,2024-06-23,1,9.52,9.52,351.76,1,0.0,1
E000451,Eastern_Mediterranean,37.54657,37.36444,2024-06-23,2024-06-23,1,8.5,8.5,346.11,1,0.0,1
E000452,Eastern_Mediterranean,37.84098,41.50415,2024-06-23,2024-06-23,1,0.27,0.27,301.27,1,1.0,1
E000453,Eastern_Mediterranean,33.49843,35.69781,2024-06-24,2024-06-24,1,0.79,0.79,316.3,1,1.0,1
E000454,Eastern_Mediterranean,34.105145,36.357075,2024-06-26,2024-06-26,1,10.64,5.32,348.21,2,0.0,1
E000455,Eastern_Mediterranean,37.284594999999996,36.84099,2024-06-26,2024-06-27,2,5.35,2.675,328.99,2,1.0,1
E000456,Eastern_Mediterranean,37.80761142857143,41.66942,2024-06-27,2024-06-27,1,135.82999999999998,19.404285714285713,367.0,7,1.0,1
E000457,Eastern_Mediterranean,32.20768,41.46137,2024-06-27,2024-06-27,1,5.51,5.51,352.41,1,0.0,1
E000458,Eastern_Mediterranean,35.6279,40.64515,2024-06-27,2024-06-27,1,2.04,1.02,312.32,2,1.0,1
E000459,Eastern_Mediterranean,37.99545666666666,38.86249,2024-06-27,2024-06-27,1,8.55,2.85,321.62,3,1.0,1
E000460,Eastern_Mediterranean,37.19414,36.88484,2024-06-27,2024-06-27,1,0.43,0.43,300.34,1,1.0,1
E000461,Eastern_Mediterranean,35.09981,32.84017,2024-06-27,2024-06-27,1,2.34,2.34,317.65,1,1.0,1
E000462,Eastern_Mediterranean,34.98248,36.64136,2024-06-28,2024-06-28,1,2.48,2.48,348.85,1,0.0,1
E000463,Eastern_Mediterranean,36.40026,32.95428,2024-06-28,2024-06-28,1,4.72,4.72,345.11,1,0.0,1
E000464,Eastern_Mediterranean,33.7486,35.50469,2024-06-28,2024-06-28,1,1.33,1.33,316.57,1,1.0,1
E000465,Eastern_Mediterranean,33.45571,36.00566,2024-06-29,2024-06-29,1,12.29,12.29,349.12,1,0.0,1
E000466,Eastern_Mediterranean,34.73389,35.96205,2024-06-29,2024-06-29,1,2.93,2.93,336.6,1,0.0,1
E000467,Eastern_Mediterranean,36.5391725,32.69168500000001,2024-06-29,2024-06-29,1,95.89,23.9725,367.0,4,0.25,1
E000468,Eastern_Mediterranean,37.09311,37.22826,2024-06-29,2024-06-29,1,10.76,10.76,355.75,1,0.0,1
E000469,Eastern_Mediterranean,37.95972,39.77574,2024-06-29,2024-06-29,1,19.12,19.12,367.0,1,0.0,1
E000470,Persian_Gulf,24.494118265957443,56.60288294680851,2024-01-01,2024-06-30,182,3492.33,3.7152446808510637,367.0,940,0.8393617021276596,1
E000471,Persian_Gulf,24.339944864864865,54.46848689189189,2024-01-01,2024-06-30,182,460.53,1.5558445945945945,343.28,296,0.9864864864864865,1
E000472,Persian_Gulf,25.622689830508474,50.0771693220339,2024-01-01,2024-06-05,157,2088.48,7.0795932203389835,367.0,295,0.7288135593220338,1
E000473,Persian_Gulf,26.859766047297295,55.86078525337839,2024-01-01,2024-06-30,182,1963.3799999999999,3.31652027027027,367.0,592,0.8226351351351351,1
E000474,Persian_Gulf,28.723590769230775,54.375411794871795,2024-01-01,2024-06-28,180,304.3199999999999,3.90153846153846,367.0,78,0.8333333333333334,1
E000475,Persian_Gulf,29.25663050880626,53.12151978473581,2024-01-01,2024-06-30,182,1796.33,3.5153228962818,367.0,511,0.7475538160469667,1
E000476,Persian_Gulf,32.304652339667456,51.40763858669834,2024-01-01,2024-06-30,182,21074.25,5.005760095011876,367.0,4210,0.8608076009501188,1
E000477,Persian_Gulf,30.92692985876443,48.54113728184051,2024-01-01,2024-06-30,182,589069.6,6.404740470132864,367.0,91974,0.7570509056907387,1
E000478,Persian_Gulf,24.76746392857143,50.17695239285714,2024-01-01,2024-06-30,182,2238.89,3.998017857142857,367.0,560,0.7696428571428572,1
E000479,Persian_Gulf,24.761993612984824,49.27286758010118,2024-01-01,2024-06-30,182,5744.6,2.4218381112984826,367.0,2372,0.8806913996627319,1
E000480,Persian_Gulf,25.179285,46.309435,2024-01-01,2024-03-26,86,4.67,2.335,342.68,2,0.5,1
E000481,Persian_Gulf,26.121871714285714,51.71680742857143,2024-01-01,2024-02-07,38,198.57,5.6734285714285715,367.0,35,0.6571428571428571,1
E000482,Persian_Gulf,29.94310190193165,49.68604557206538,2024-01-01,2024-06-30,182,4096.71,6.087236255572066,367.0,673,0.6909361069836553,1
E000483,Persian_Gulf,30.563869360222533,47.10320778859528,2024-01-01,2024-06-30,182,5717.0199999999995,7.95134909596662,367.0,719,0.6870653685674548,1
E000484,Persian_Gulf,30.75209524193549,47.66522195564516,2024-01-01,2024-06-30,182,2076.66,4.186814516129032,367.0,496,0.7661290322580645,1
E000485,Persian_Gulf,31.357526205128202,45.96287158974359,2024-01-01,2024-06-30,182,1960.84,3.3518632478632475,367.0,585,0.7658119658119659,1
E000486,Persian_Gulf,31.756107696011004,46.060629353507565,2024-01-01,2024-06-30,182,11789.109999999999,8.108053645116918,367.0,1454,0.7228335625859698,1
E000487,Persian_Gulf,32.2569611898017,47.250170793201136,2024-01-01,2024-06-30,182,5036.280000000001,7.133541076487253,367.0,706,0.7181303116147308,1
E000488,Persian_Gulf,32.22451839360487,44.85185029311001,2024-01-01,2024-06-30,182,12195.2,4.642253521126761,367.0,2627,0.7076513132851161,1
E000489,Persian_Gulf,32.9930735252809,46.186630786516865,2024-01-01,2024-06-30,182,4650.360000000001,6.5314044943820235,367.0,712,0.7387640449438202,1
E000490,Persian_Gulf,30.08139291828794,55.3970319844358,2024-01-01,2024-06-30,182,786.6600000000001,3.060933852140078,357.1,257,0.8599221789883269,1
E000491,Persian_Gulf,25.16401,52.87394226215645,2024-01-01,2024-06-30,182,4419.43,4.671701902748414,367.0,946,0.8594080338266384,1
E000492,Persian_Gulf,25.41724,56.32986,2024-01-01,2024-01-01,1,1.01,1.01,301.48,1,1.0,1
E000493,Persian_Gulf,25.42730736111111,52.734725659722216,2024-01-01,2024-06-30,182,737.86,2.562013888888889,367.0,288,0.8298611111111112,1
E000494,Persian_Gulf,25.52090485474006,53.14867655198777,2024-01-01,2024-06-30,182,11942.99,9.130726299694189,367.0,1308,0.6697247706422018,1
E000495,Persian_Gulf,25.902741577669907,54.532663810679615,2024-01-01,2024-06-30,182,814.02,1.9757766990291261,367.0,412,0.9587378640776699,1
E000496,Persian_Gulf,25.971269700598803,56.068354790419164,2024-01-01,2024-06-30,182,541.72,1.6219161676646707,322.53,334,1.0,1
E000497,Persian_Gulf,26.957943768115943,55.5445252173913,2024-01-01,2024-06-30,182,81.77999999999999,1.1852173913043476,328.93,69,1.0,1
E000498,Persian_Gulf,27.207728764044948,56.145479500624226,2024-01-01,2024-06-30,182,5170.58,3.227578027465668,367.0,1602,0.8370786516853933,1
E000499,Persian_Gulf,27.48383138568129,52.969449861431876,2024-01-01,2024-06-30,182,853.1099999999999,1.9702309468822168,367.0,433,0.9699769053117783,1
E000500,Persian_Gulf,27.51809071764706,52.61590030756302,2024-01-01,2024-06-30,182,21837.0,3.6700840336134455,367.0,5950,0.866890756302521,1
E000501,Persian_Gulf,27.71949342586086,52.194568847505266,2024-01-01,2024-06-30,182,41690.03999999999,7.324321855235417,367.0,5692,0.7445537596626844,1
E000502,Persian_Gulf,24.057238815789475,54.32009124999999,2024-01-01,2024-06-23,175,830.25,5.462171052631579,367.0,152,0.7828947368421053,1
E000503,Persian_Gulf,24.129299716684155,52.70406832109129,2024-01-01,2024-06-30,182,2588.74,2.716411332633788,367.0,953,0.8782791185729276,1
E000504,Persian_Gulf,24.22174164835165,54.135842637362636,2024-01-01,2024-06-28,180,705.47,7.752417582417583,367.0,91,0.7032967032967034,1
E000505,Persian_Gulf,30.38498366666667,55.81321066666667,2024-01-01,2024-06-22,174,69.53999999999999,0.7726666666666666,313.1,90,1.0,1
E000506,Persian_Gulf,31.235281333333333,51.286553,2024-01-01,2024-06-28,180,112.46999999999998,1.8744999999999998,343.16,60,0.9,1
E000507,Persian_Gulf,31.322692546583852,49.281578869565216,2024-01-01,2024-06-30,182,3442.9400000000005,4.276944099378882,367.0,805,0.7440993788819876,1
E000508,Persian_Gulf,31.463022378580327,49.5235800871731,2024-01-01,2024-06-30,182,1476.8,1.8391033623910336,367.0,803,0.9028642590286425,1
E000509,Persian_Gulf,31.622399312169314,54.72822301587301,2024-01-01,2024-06-26,178,262.4,1.3883597883597882,327.1,189,1.0,1
E000510,Persian_Gulf,31.64946333333334,49.268256909722226,2024-01-01,2024-06-30,182,548.51,1.9045486111111112,367.0,288,0.8958333333333334,1
E000511,Persian_Gulf,31.763805835294114,49.15516315294117,2024-01-01,2024-06-30,182,903.04,2.1248,367.0,425,0.8894117647058823,1
E000512,Persian_Gulf,31.884640833333336,49.71624909722223,2024-01-01,2024-06-30,182,549.43,3.815486111111111,367.0,144,0.8680555555555556,1
E000513,Persian_Gulf,31.94026020547945,54.048532602739726,2024-01-01,2024-06-27,179,179.80999999999997,1.2315753424657532,338.2,146,0.9794520547945206,1
E000514,Persian_Gulf,32.33212066666667,44.091358222222226,2024-01-01,2024-06-30,182,281.39,1.5632777777777778,348.97,180,0.9777777777777777,1
E000515,Persian_Gulf,32.39076977987422,53.75451418238993,2024-01-01,2024-06-28,180,572.56,1.8005031446540878,350.79,318,0.9591194968553459,1
E000516,Persian_Gulf,32.74382600271003,48.30252928184283,2024-01-01,2024-06-30,182,3284.67,4.450772357723578,367.0,738,0.7086720867208672,1
E000517,Persian_Gulf,26.796105279503106,53.341133602484476,2024-01-01,2024-06-28,180,208.66,1.296024844720497,342.5,161,0.9937888198757764,1
E000518,Persian_Gulf,27.92517034965035,52.198144335664345,2024-01-01,2024-06-30,182,342.49999999999994,2.3951048951048945,356.51,143,0.958041958041958,1
E000519,Persian_Gulf,27.99848454545455,48.73887126262626,2024-01-01,2024-06-30,182,260.11,1.3136868686868688,367.0,198,0.9797979797979798,1
E000520,Persian_Gulf,28.45408330974843,49.682944481132076,2024-01-01,2024-06-30,182,18501.820000000003,14.54545597484277,367.0,1272,0.7562893081761006,1
E000521,Persian_Gulf,28.453658960000006,47.873942799999995,2024-01-01,2024-06-30,182,109.17,0.87336,351.51,125,0.984,1
E000522,Persian_Gulf,28.579351858407083,47.91775851032448,2024-01-01,2024-06-30,182,1654.48,2.44023598820059,367.0,678,0.7817109144542773,1
E000523,Persian_Gulf,28.583481282051288,51.59203397435897,2024-01-01,2024-06-30,182,80.00999999999999,1.0257692307692305,314.8,78,1.0,1
E000524,Persian_Gulf,28.62133688311688,49.63121714285715,2024-01-01,2024-06-28,180,92.04,1.1953246753246753,338.63,77,0.948051948051948,1
E000525,Persian_Gulf,28.682784999999996,52.092413677685954,2024-01-01,2024-06-30,182,359.21000000000004,1.4843388429752067,354.93,242,0.9586776859504132,1
E000526,Persian_Gulf,28.72113766929134,48.337277937007876,2024-01-01,2024-06-30,182,3330.0299999999997,5.244141732283464,367.0,635,0.7700787401574803,1
E000527,Persian_Gulf,29.017675572556765,47.90923874629812,2024-01-01,2024-06-30,182,6754.23,3.3337759131293185,367.0,2026,0.8632773938795657,1
E000528,Persian_Gulf,29.070119428571427,49.47593071428571,2024-01-01,2024-06-28,180,81.56,1.1651428571428573,335.15,70,0.9571428571428572,1
E000529,Persian_Gulf,29.124748750000006,52.64930125,2024-01-01,2024-06-30,182,59.28,0.8233333333333334,317.03,72,1.0,1
E000530,Persian_Gulf,29.192524453125003,52.8427396484375,2024-01-01,2024-06-30,182,584.21,2.2820703125,351.66,256,0.921875,1
E000531,Persian_Gulf,29.231673477537438,50.30755833610649,2024-01-01,2024-06-30,182,1268.69,2.110965058236273,367.0,601,0.9450915141430949,1
E000532,Persian_Gulf,29.298635167714885,49.53646032494759,2024-01-01,2024-06-30,182,2916.46,3.0570859538784068,367.0,954,0.7547169811320755,1
E000533,Persian_Gulf,29.499969072164948,52.54365097938145,2024-01-01,2024-06-30,182,732.73,1.888479381443299,367.0,388,0.9097938144329897,1
E000534,Persian_Gulf,29.43888,47.684345,2024-01-01,2024-01-01,1,13.14,6.57,328.58,2,1.0,1
E000535,Persian_Gulf,29.476642153846157,49.391106923076926,2024-01-01,2024-06-27,179,60.95,0.9376923076923077,335.84,65,0.9692307692307692,1
E000536,Persian_Gulf,29.55901696864112,48.169660243902435,2024-01-01,2024-06-30,182,385.68999999999994,1.343867595818815,343.67,287,0.9930313588850174,1
E000537,Persian_Gulf,29.71173,43.59373,2024-01-01,2024-01-01,1,0.44,0.44,296.1,1,1.0,1
E000538,Persian_Gulf,29.713118125,50.663768749999996,2024-01-01,2024-06-29,181,226.60000000000002,1.4162500000000002,367.0,160,0.94375,1
E000539,Persian_Gulf,29.753574773519162,50.36419613240419,2024-01-01,2024-06-30,182,1280.49,2.2308188153310105,367.0,574,0.8571428571428571,1
E000540,Persian_Gulf,29.87663101109741,47.76059173859433,2024-01-01,2024-06-30,182,2253.66,2.7788655980271266,367.0,811,0.815043156596794,1
E000541,Persian_Gulf,29.828421176470584,50.27017294117647,2024-01-01,2024-05-08,129,25.22,0.7417647058823529,308.18,34,1.0,1
E000542,Persian_Gulf,30.397543205004812,48.22167251203081,2024-01-01,2024-06-30,182,2350.08,2.261867179980751,367.0,1039,0.9162656400384985,1
E000543,Persian_Gulf,30.352633962848298,46.837166130030965,2024-01-01,2024-06-30,182,1097.6299999999999,3.398235294117647,367.0,323,0.8018575851393189,1
E000544,Persian_Gulf,30.55937,46.70319183544304,2024-01-01,2024-06-30,182,178.38,1.1289873417721519,349.75,158,0.9936708860759493,1
E000545,Persian_Gulf,30.709776851549755,49.54010218597064,2024-01-01,2024-06-30,182,2841.54,4.635464926590538,367.0,613,0.7161500815660685,1
E000546,Persian_Gulf,30.92316411124547,48.86060363966142,2024-01-01,2024-06-30,182,2799.2999999999997,3.3848851269649334,367.0,827,0.7690447400241838,1
E000547,Persian_Gulf,31.159877962962963,44.976266814814814,2024-01-01,2024-06-30,182,495.55999999999995,1.8354074074074072,367.0,270,0.937037037037037,1
E000548,Persian_Gulf,31.242147982456142,45.2550499122807,2024-01-01,2024-06-30,182,370.42999999999995,1.62469298245614,351.73,228,0.9078947368421053,1
E000549,Persian_Gulf,31.827139850746274,44.12144611940298,2024-01-01,2024-06-26,178,97.50999999999999,1.455373134328358,356.54,67,0.9850746268656716,1
E000550,Persian_Gulf,32.36521711111111,43.43902522222223,2024-01-01,2024-06-30,182,2172.38,8.045851851851852,367.0,270,0.837037037037037,1
E000551,Persian_Gulf,24.25526166666667,48.72626,2024-01-01,2024-03-12,72,4.23,0.7050000000000001,307.61,6,1.0,1
E000552,Persian_Gulf,24.703549316770186,47.53094534161491,2024-01-01,2024-06-30,182,268.75,1.6692546583850931,337.55,161,0.9813664596273292,1
E000553,Persian_Gulf,24.87785752293578,53.07356412844038,2024-01-01,2024-06-30,182,553.1399999999999,5.074678899082568,367.0,109,0.9908256880733946,1
E000554,Persian_Gulf,24.93539393650794,51.562960793650795,2024-01-01,2024-06-30,182,1326.2599999999998,2.1051746031746026,367.0,630,0.973015873015873,1
E000555,Persian_Gulf,24.949830258620686,47.06263090517241,2024-01-01,2024-06-30,182,434.49,1.8728017241379311,334.48,232,1.0,1
E000556,Persian_Gulf,25.00947966101695,47.303791525423726,2024-01-01,2024-06-26,178,95.08000000000001,1.6115254237288137,350.99,59,0.9152542372881356,1
E000557,Persian_Gulf,25.023045,51.4500125,2024-01-01,2024-01-26,26,2.08,0.52,301.42,4,1.0,1
E000558,Persian_Gulf,25.301146289592758,50.81849018099548,2024-01-01,2024-06-30,182,734.26,1.6612217194570136,354.99,442,0.9615384615384616,1
E000559,Persian_Gulf,25.251595384615385,48.10462230769231,2024-01-01,2024-06-29,181,297.83000000000004,11.455000000000002,357.17,26,0.6923076923076923,1
E000560,Persian_Gulf,25.559414177215192,55.981551772151896,2024-01-01,2024-06-30,182,436.64,1.381772151898734,322.4,316,1.0,1
E000561,Persian_Gulf,25.65359457359444,49.405736222362606,2024-01-01,2024-06-30,182,4640.73,2.931604548325963,367.0,1583,0.8591282375236892,1
E000562,Persian_Gulf,25.669803480392158,52.40365524509805,2024-01-01,2024-06-29,181,381.84,1.8717647058823528,339.94,204,0.9754901960784313,1
E000563,Persian_Gulf,25.702709840000004,54.30102256,2024-01-01,2024-06-27,179,244.84,1.95872,367.0,125,0.896,1
E000564,Persian_Gulf,25.90270425925926,51.537371209315374,2024-01-01,2024-06-30,182,9866.849999999999,2.7684764309764307,367.0,3564,0.946969696969697,1
E000565,Persian_Gulf,25.930151194968555,49.69993182389937,2024-01-01,2024-06-29,181,186.03000000000003,1.1700000000000002,346.64,159,0.9937106918238994,1
E000566,Persian_Gulf,26.117388339694656,50.61999548664122,2024-01-01,2024-06-30,182,1887.6,1.8011450381679388,367.0,1048,0.9475190839694656,1
E000567,Persian_Gulf,26.64569551020408,52.01156125,2024-01-01,2024-06-27,179,931.0,2.375,367.0,392,0.8673469387755102,1
E000568,Persian_Gulf,26.68848347985348,50.09598446886447,2024-01-01,2024-06-30,182,1173.0,2.1483516483516483,367.0,546,0.9542124542124543,1
E000569,Persian_Gulf,26.738766000000002,49.7739576,2024-01-01,2024-06-30,182,28.75,1.15,336.81,25,0.92,1
E000570,Persian_Gulf,27.01309292101341,49.574678703427715,2024-01-01,2024-06-30,182,12429.64,4.631013412816691,367.0,2684,0.8822652757078987,1
E000571,Persian_Gulf,27.533552215568857,49.15889482035929,2024-01-01,2024-06-28,180,672.8399999999999,2.0144910179640716,354.48,334,0.9431137724550899,1
E000572,Persian_Gulf,27.58460310344827,48.96719448275862,2024-01-01,2024-06-21,173,26.939999999999998,0.9289655172413792,318.38,29,1.0,1
E000573,Persian_Gulf,28.269606615384617,43.19686907692308,2024-01-01,2024-06-29,181,73.88000000000001,1.1366153846153848,315.2,65,1.0,1
E000574,Persian_Gulf,24.292499712230214,46.30735374100719,2024-01-01,2024-06-30,182,211.47000000000003,1.5213669064748203,341.89,139,1.0,1
E000575,Persian_Gulf,24.484749090909094,46.92962012727273,2024-01-01,2024-06-30,182,1069.07,1.9437636363636361,367.0,550,0.8945454545454545,1
E000576,Persian_Gulf,24.599285346534657,46.57258841584159,2024-01-01,2024-06-30,182,284.33,1.4075742574257426,333.17,202,1.0,1
E000577,Persian_Gulf,24.697314313725492,44.971689411764714,2024-01-01,2024-06-29,181,35.32,0.6925490196078431,314.11,51,1.0,1
E000578,Persian_Gulf,24.783795614525136,45.61292776536313,2024-01-01,2024-06-30,182,649.96,1.8155307262569833,352.78,358,0.9832402234636871,1
E000579,Persian_Gulf,29.99168341935484,55.85383894623655,2024-01-02,2024-06-30,181,2982.09,6.413096774193549,367.0,465,0.7290322580645161,1
E000580,Persian_Gulf,25.600123030303024,54.424991515151525,2024-01-02,2024-06-27,178,322.82,3.2608080808080806,356.78,99,0.7575757575757576,1
E000581,Persian_Gulf,25.8595604519774,51.98454129943503,2024-01-02,2024-06-30,181,2832.0899999999997,8.000254237288134,367.0,354,0.655367231638418,1
E000582,Persian_Gulf,30.039730952380946,48.47735952380952,2024-01-02,2024-06-15,166,262.86,12.517142857142858,367.0,21,0.19047619047619047,1
E000583,Persian_Gulf,32.779714088235295,51.507543323529404,2024-01-02,2024-06-28,179,587.56,1.7281176470588233,343.95,340,0.9970588235294118,1
E000584,Persian_Gulf,29.306164489795915,51.27002387755102,2024-01-02,2024-06-21,172,51.800000000000004,1.0571428571428572,314.09,49,1.0,1
E000585,Persian_Gulf,29.509698138613857,51.258337722772275,2024-01-02,2024-06-30,181,1717.5299999999997,3.4010495049504947,367.0,505,0.7960396039603961,1
E000586,Persian_Gulf,30.21552517241379,55.98405422413793,2024-01-02,2024-06-23,174,128.73,1.1097413793103448,337.16,116,0.9827586206896551,1
E000587,Persian_Gulf,30.23437102459016,56.908413155737705,2024-01-02,2024-06-26,177,536.03,2.1968442622950817,346.56,244,0.930327868852459,1
E000588,Persian_Gulf,30.32320222222222,55.97326416666667,2024-01-02,2024-06-22,173,60.33,0.8379166666666666,320.96,72,1.0,1
E000589,Persian_Gulf,30.362971532258065,56.139121129032254,2024-01-02,2024-06-27,178,122.49,0.9878225806451613,355.91,124,0.9838709677419355,1
E000590,Persian_Gulf,31.258883273676364,49.16332599552572,2024-01-02,2024-06-30,181,7283.47,5.431372110365399,367.0,1341,0.6942580164056674,1
E000591,Persian_Gulf,24.00316441860465,55.44330209302325,2024-01-02,2024-06-30,181,62.45,1.4523255813953488,321.66,43,1.0,1
E000592,Persian_Gulf,24.850768292682925,53.64823853658537,2024-01-02,2024-06-22,173,61.72,1.5053658536585366,346.66,41,0.7804878048780488,1
E000593,Persian_Gulf,25.98547472222222,53.160764722222225,2024-01-02,2024-06-21,172,31.740000000000002,0.8816666666666667,318.29,36,1.0,1
E000594,Persian_Gulf,26.243104782608697,43.89867130434783,2024-01-02,2024-06-17,168,109.43000000000002,4.7578260869565225,367.0,23,0.5652173913043478,1
E000595,Persian_Gulf,26.259874352331607,49.94474968911917,2024-01-02,2024-06-24,175,349.74,1.8121243523316062,349.44,193,0.9430051813471503,1
E000596,Persian_Gulf,26.349958695652166,51.789895652173925,2024-01-02,2024-06-16,167,52.02000000000001,2.261739130434783,341.18,23,0.8695652173913043,1
E000597,Persian_Gulf,26.492099130434784,43.95966515527951,2024-01-02,2024-06-30,181,282.56,1.755031055900621,339.14,161,0.9875776397515528,1
E000598,Persian_Gulf,26.78615774509804,49.99614732026144,2024-01-02,2024-06-29,180,545.53,1.7827777777777778,367.0,306,0.9379084967320261,1
E000599,Persian_Gulf,24.091206666666665,48.78182,2024-01-02,2024-01-03,2,3.8899999999999997,1.2966666666666666,335.71,3,0.3333333333333333,1
E000600,Persian_Gulf,24.375410000000002,45.88556555555555,2024-01-02,2024-05-08,128,31.99,3.554444444444444,344.4,9,0.4444444444444444,1
E000601,Persian_Gulf,24.89121833333333,46.891011666666664,2024-01-02,2024-03-05,64,5.38,0.8966666666666666,308.71,6,1.0,1
E000602,Persian_Gulf,24.958543943661976,45.54278492957747,2024-01-02,2024-06-27,178,84.40999999999998,1.1888732394366195,322.51,71,1.0,1
E000603,Persian_Gulf,29.93642097315436,52.70643731543624,2024-01-03,2024-06-30,180,1374.24,4.611543624161074,367.0,298,0.761744966442953,1
E000604,Persian_Gulf,31.61469,49.15162,2024-01-03,2024-01-03,1,4.42,4.42,335.56,1,0.0,1
E000605,Persian_Gulf,28.62364583333333,53.54258791666667,2024-01-03,2024-06-12,162,30.32,1.2633333333333334,351.62,24,0.9166666666666666,1
E000606,Persian_Gulf,29.37175,53.69019,2024-01-03,2024-01-03,1,2.95,2.95,329.15,1,1.0,1
E000607,Persian_Gulf,29.572628727272733,51.68535054545455,2024-01-03,2024-06-29,179,79.39999999999999,1.4436363636363634,348.09,55,0.9454545454545454,1
E000608,Persian_Gulf,29.929494393939393,56.73250159090909,2024-01-03,2024-06-24,174,230.0,1.7424242424242424,344.81,132,0.9696969696969697,1
E000609,Persian_Gulf,29.99515828125,55.196825937499995,2024-01-03,2024-06-28,178,58.61,0.91578125,319.29,64,1.0,1
E000610,Persian_Gulf,30.226132790697672,56.74094534883721,2024-01-03,2024-06-23,173,42.51,0.9886046511627906,309.33,43,1.0,1
E000611,Persian_Gulf,30.733982400000006,55.386102799999996,2024-01-03,2024-06-28,178,43.959999999999994,0.8791999999999999,331.08,50,0.98,1
E000612,Persian_Gulf,30.71874992063492,56.643473333333326,2024-01-03,2024-06-23,173,138.56999999999996,1.0997619047619045,336.05,126,0.9841269841269841,1
E000613,Persian_Gulf,24.78404425,54.707168249999995,2024-01-03,2024-06-19,169,84.69,2.11725,348.94,40,0.85,1
E000614,Persian_Gulf,25.30468945454546,55.627773999999995,2024-01-03,2024-06-22,172,66.9,1.2163636363636365,337.06,55,0.9818181818181818,1
E000615,Persian_Gulf,27.15182773076923,49.207190576923075,2024-01-03,2024-06-26,176,452.62,1.740846153846154,367.0,260,0.9961538461538462,1
E000616,Persian_Gulf,27.326721000000003,53.4451695,2024-01-03,2024-06-06,156,14.360000000000003,0.7180000000000002,309.78,20,1.0,1
E000617,Persian_Gulf,28.04672,53.19874375,2024-01-03,2024-04-02,91,4.1,0.5125,298.22,8,1.0,1
E000618,Persian_Gulf,24.607531041666665,54.15028604166667,2024-01-03,2024-06-10,160,54.38,1.1329166666666668,338.16,48,0.9583333333333334,1
E000619,Persian_Gulf,24.047784999999998,48.915400000000005,2024-01-04,2024-01-04,1,16.05,8.025,342.76,2,0.0,1
E000620,Persian_Gulf,30.301973214285713,52.27380107142857,2024-01-04,2024-06-29,178,221.05999999999997,7.894999999999999,367.0,28,0.03571428571428571,1
E000621,Persian_Gulf,31.56688,52.17151,2024-01-04,2024-01-04,1,4.66,4.66,332.24,1,0.0,1
E000622,Persian_Gulf,32.719994,53.100460250000005,2024-01-04,2024-06-16,165,30.849999999999998,0.77125,310.16,40,1.0,1
E000623,Persian_Gulf,25.28407863636363,56.10822196969697,2024-01-04,2024-06-30,179,79.6,1.206060606060606,325.12,66,1.0,1
E000624,Persian_Gulf,25.938141538461537,52.90081923076923,2024-01-04,2024-06-26,175,13.47,1.0361538461538462,338.85,13,0.9230769230769231,1
E000625,Persian_Gulf,24.492253284671534,47.15389802919708,2024-01-04,2024-06-30,179,920.1899999999999,6.716715328467153,367.0,137,0.8905109489051095,1
E000626,Persian_Gulf,25.47367,51.20199,2024-01-04,2024-01-04,1,0.83,0.83,297.98,1,1.0,1
E000627,Persian_Gulf,25.82896,50.13057,2024-01-04,2024-01-04,1,1.1,1.1,308.44,1,1.0,1
E000628,Persian_Gulf,25.150656666666663,51.191496666666666,2024-01-05,2024-05-26,143,6.52,2.1733333333333333,339.21,3,0.3333333333333333,1
E000629,Persian_Gulf,26.926925,48.656425,2024-01-05,2024-01-05,1,5.54,2.77,342.57,2,0.0,1
E000630,Persian_Gulf,30.8808,56.339349999999996,2024-01-05,2024-01-21,17,8.34,4.17,351.73,2,0.0,1
E000631,Persian_Gulf,27.168361999999995,56.963334999999994,2024-01-05,2024-06-20,168,204.29000000000002,10.214500000000001,367.0,20,0.4,1
E000632,Persian_Gulf,28.01097,48.503705,2024-01-05,2024-01-05,1,1.61,0.805,301.83,2,1.0,1
E000633,Persian_Gulf,29.1381775,55.36909962962962,2024-01-05,2024-06-29,177,143.09000000000003,1.3249074074074076,331.39,108,0.9907407407407407,1
E000634,Persian_Gulf,24.51201,55.46709,2024-01-05,2024-01-05,1,0.95,0.95,298.08,1,1.0,1
E000635,Persian_Gulf,25.6626775,49.762324375,2024-01-05,2024-06-21,169,22.090000000000003,1.3806250000000002,338.35,16,1.0,1
E000636,Persian_Gulf,31.73669,45.9217,2024-01-06,2024-01-06,1,3.9,3.9,331.93,1,0.0,1
E000637,Persian_Gulf,24.99502,43.98299,2024-01-06,2024-01-06,1,5.26,5.26,340.04,1,0.0,1
E000638,Persian_Gulf,30.40041,47.98044,2024-01-06,2024-01-06,1,3.52,3.52,351.73,1,0.0,1
E000639,Persian_Gulf,29.83215285714286,47.26687571428572,2024-01-06,2024-03-27,82,3.4000000000000004,0.48571428571428577,304.01,7,1.0,1
E000640,Persian_Gulf,25.917081428571425,49.954542857142854,2024-01-06,2024-06-21,168,17.34,0.8257142857142857,316.21,21,1.0,1
E000641,Persian_Gulf,27.529908499999998,53.28549400000001,2024-01-06,2024-06-09,156,59.03,2.9515000000000002,367.0,20,0.9,1
E000642,Persian_Gulf,28.84265460784314,52.52603411764705,2024-01-07,2024-06-29,175,327.84,3.2141176470588233,367.0,102,0.9117647058823529,1
E000643,Persian_Gulf,26.392234000000002,43.41335074999999,2024-01-07,2024-06-27,173,310.3,7.7575,367.0,40,0.125,1
E000644,Persian_Gulf,26.45526,43.71466,2024-01-07,2024-01-07,1,5.08,5.08,330.34,1,0.0,1
E000645,Persian_Gulf,32.066705,50.552033,2024-01-07,2024-06-30,176,52.599999999999994,5.26,367.0,10,0.0,1
E000646,Persian_Gulf,25.191630139860138,53.204430139860136,2024-01-07,2024-06-28,174,147.46,1.0311888111888112,338.05,143,1.0,1
E000647,Persian_Gulf,25.30694,55.378620000000005,2024-01-07,2024-06-22,168,9.030000000000001,1.5050000000000001,337.55,6,0.8333333333333334,1
E000648,Persian_Gulf,25.957426226415095,52.02896575471698,2024-01-07,2024-04-29,114,918.2800000000001,8.66301886792453,367.0,106,0.6226415094339622,1
E000649,Persian_Gulf,24.57354056603774,52.94911622641509,2024-01-07,2024-05-25,140,320.53,6.047735849056603,367.0,53,0.7547169811320755,1
E000650,Persian_Gulf,24.219474166666668,47.35065583333333,2024-01-08,2024-06-13,158,42.03,3.5025,352.4,12,0.3333333333333333,1
E000651,Persian_Gulf,31.64052,45.00548,2024-01-08,2024-01-08,1,2.71,2.71,332.02,1,0.0,1
E000652,Persian_Gulf,27.8426844,51.859516000000006,2024-01-08,2024-06-25,170,108.37,4.3348,367.0,25,0.88,1
E000653,Persian_Gulf,28.31348181818182,56.56585136363637,2024-01-08,2024-06-30,175,108.04,4.910909090909091,367.0,22,0.8636363636363636,1
E000654,Persian_Gulf,24.452988252427186,48.264847184466014,2024-01-08,2024-06-30,175,1139.3299999999997,5.530728155339804,367.0,206,0.7475728155339806,1
E000655,Persian_Gulf,24.98229,55.20498,2024-01-08,2024-01-08,1,5.51,5.51,339.66,1,1.0,1
E000656,Persian_Gulf,25.173122857142857,47.52027523809524,2024-01-08,2024-06-26,171,72.83,1.734047619047619,345.85,42,0.8571428571428571,1
E000657,Persian_Gulf,25.492151162790694,52.38672813953488,2024-01-08,2024-06-27,172,204.18,4.748372093023256,354.94,43,0.7674418604651163,1
E000658,Persian_Gulf,25.49979588235294,54.305986470588245,2024-01-08,2024-06-22,167,53.11,3.1241176470588234,352.83,17,0.9411764705882353,1
E000659,Persian_Gulf,24.039525454545455,48.37102818181818,2024-01-09,2024-06-17,161,27.659999999999997,2.514545454545454,339.67,11,0.9090909090909091,1
E000660,Persian_Gulf,25.1627625,44.31918,2024-01-09,2024-06-27,171,41.96,10.49,356.37,4,0.0,1
E000661,Persian_Gulf,25.046155411764712,55.1041634117647,2024-01-09,2024-06-29,173,156.82999999999998,1.8450588235294116,340.5,85,1.0,1
E000662,Persian_Gulf,25.44822,55.55188,2024-01-09,2024-01-09,1,0.6,0.6,298.75,1,1.0,1
E000663,Persian_Gulf,25.59461918918919,52.54096664864864,2024-01-09,2024-06-28,172,555.5600000000001,3.003027027027027,367.0,185,0.8324324324324325,1
E000664,Persian_Gulf,26.80226,49.58781,2024-01-09,2024-01-09,1,0.69,0.69,304.4,1,1.0,1
E000665,Persian_Gulf,29.185055,52.481089999999995,2024-01-10,2024-06-29,172,14.82,7.41,345.69,2,0.0,1
E000666,Persian_Gulf,29.32063,56.64945,2024-01-10,2024-01-10,1,8.05,8.05,336.76,1,0.0,1
E000667,Persian_Gulf,30.243279805825242,51.435805485436894,2024-01-10,2024-06-30,173,1321.6200000000001,6.415631067961166,367.0,206,0.5436893203883495,1
E000668,Persian_Gulf,31.441052499999998,45.124112499999995,2024-01-10,2024-01-10,1,14.82,3.705,353.4,4,0.0,1
E000669,Persian_Gulf,31.876538455284553,47.10419609756098,2024-01-10,2024-06-30,173,330.18999999999994,2.684471544715447,367.0,123,0.8780487804878049,1
E000670,Persian_Gulf,32.08907,51.01833,2024-01-10,2024-01-10,1,3.2,3.2,330.43,1,0.0,1
E000671,Persian_Gulf,27.1945,43.6314,2024-01-10,2024-01-10,1,4.98,4.98,346.13,1,0.0,1
E000672,Persian_Gulf,29.16772,56.55262,2024-01-10,2024-01-10,1,1.15,1.15,295.36,1,1.0,1
E000673,Persian_Gulf,29.4535175,55.598127500000004,2024-01-10,2024-02-23,45,12.44,3.11,339.75,4,1.0,1
E000674,Persian_Gulf,24.001625555555556,49.30802,2024-01-10,2024-01-21,12,18.28,2.031111111111111,367.0,9,0.8888888888888888,1
E000675,Persian_Gulf,31.881268701298705,54.28317792207793,2024-01-11,2024-06-25,167,75.04999999999998,0.9746753246753245,348.51,77,0.974025974025974,1
E000676,Persian_Gulf,32.64417,52.13118,2024-01-11,2024-01-11,1,3.41,3.41,333.57,1,0.0,1
E000677,Persian_Gulf,26.54746625,53.9711475,2024-01-11,2024-06-28,170,64.6,4.0375,367.0,16,0.9375,1
E000678,Persian_Gulf,25.61041857142857,48.87954928571428,2024-01-12,2024-03-28,77,12.57,0.8978571428571429,342.82,14,0.8571428571428571,1
E000679,Persian_Gulf,24.980418333333333,55.614815,2024-01-12,2024-04-21,101,7.4,1.2333333333333334,337.17,6,0.8333333333333334,1
E000680,Persian_Gulf,31.50154,44.728440000000006,2024-01-12,2024-05-24,134,5.04,2.52,349.71,2,0.5,1
E000681,Persian_Gulf,25.1075975,52.6229975,2024-01-12,2024-05-21,131,7.62,1.905,316.56,4,1.0,1
E000682,Persian_Gulf,25.07921,44.62456,2024-01-13,2024-01-13,1,1.8,1.8,330.67,1,0.0,1
E000683,Persian_Gulf,25.47762777777778,47.11130444444444,2024-01-13,2024-06-23,163,79.19999999999999,4.3999999999999995,367.0,18,0.2222222222222222,1
E000684,Persian_Gulf,28.396732199999995,48.53464699999999,2024-01-13,2024-06-29,169,199.16000000000003,3.9832000000000005,367.0,50,0.8,1
E000685,Persian_Gulf,29.534293333333334,52.21748666666667,2024-01-13,2024-06-20,160,13.32,4.44,341.74,3,0.0,1
E000686,Persian_Gulf,32.34288333333333,45.026756666666664,2024-01-13,2024-02-13,32,11.870000000000001,3.956666666666667,344.71,3,0.0,1
E000687,Persian_Gulf,30.94469181818182,52.89230545454545,2024-01-13,2024-06-14,154,5.31,0.48272727272727267,300.6,11,1.0,1
E000688,Persian_Gulf,28.929930000000002,51.01273714285714,2024-01-13,2024-05-13,122,24.990000000000002,3.5700000000000003,367.0,7,0.7142857142857143,1
E000689,Persian_Gulf,24.58441,53.3209,2024-01-13,2024-01-13,1,0.51,0.51,302.74,1,1.0,1
E000690,Persian_Gulf,24.68446475,50.45988325,2024-01-13,2024-02-13,32,209.17000000000002,2.614625,352.17,80,0.725,1
E000691,Persian_Gulf,24.91618,50.39342,2024-01-13,2024-01-13,1,0.32,0.32,301.39,1,1.0,1
E000692,Persian_Gulf,25.18911,51.61567111111111,2024-01-13,2024-06-27,167,18.33,1.0183333333333333,326.22,18,1.0,1
E000693,Persian_Gulf,24.14982625,47.115941250000006,2024-01-13,2024-06-18,158,11.7,1.4625,344.97,8,0.75,1
E000694,Persian_Gulf,24.17986,56.857690000000005,2024-01-14,2024-02-20,38,3.0300000000000002,1.5150000000000001,331.78,2,0.5,1
E000695,Persian_Gulf,31.329406909090903,49.86331345454544,2024-01-14,2024-06-30,169,259.83000000000004,4.724181818181819,367.0,55,0.8181818181818182,1
E000696,Persian_Gulf,29.303845000000003,55.749242499999994,2024-01-14,2024-05-22,130,9.73,1.21625,325.32,8,1.0,1
E000697,Persian_Gulf,27.411006666666665,56.84190166666667,2024-01-15,2024-06-13,151,20.86,3.4766666666666666,345.54,6,0.5,1
E000698,Persian_Gulf,24.243155,56.676959999999994,2024-01-15,2024-01-15,1,4.42,2.21,329.73,2,1.0,1
E000699,Persian_Gulf,24.34318,46.49797,2024-01-15,2024-01-15,1,0.66,0.66,296.92,1,1.0,1
E000700,Persian_Gulf,25.04867579710145,50.30010173913044,2024-01-15,2024-02-16,33,138.47000000000003,2.006811594202899,347.34,69,0.7971014492753623,1
E000701,Persian_Gulf,24.024828333333335,55.62148666666667,2024-01-16,2024-04-07,83,209.36,34.89333333333334,367.0,6,0.0,1
E000702,Persian_Gulf,24.2265,55.453645,2024-01-16,2024-01-16,1,5.95,2.975,343.87,2,0.0,1
E000703,Persian_Gulf,24.63415,56.48367,2024-01-16,2024-02-06,22,14.18,4.726666666666667,340.83,3,0.6666666666666666,1
E000704,Persian_Gulf,31.138635,47.007745,2024-01-16,2024-01-16,1,7.640000000000001,3.8200000000000003,340.22,2,0.0,1
E000705,Persian_Gulf,32.00891615384615,45.87281230769231,2024-01-16,2024-06-29,166,39.17999999999999,3.013846153846153,355.51,13,0.38461538461538464,1
E000706,Persian_Gulf,24.235793333333334,45.626983333333335,2024-01-17,2024-04-19,94,11.28,3.76,347.01,3,0.0,1
E000707,Persian_Gulf,32.036538421052626,54.427497368421044,2024-01-17,2024-06-09,145,9.749999999999998,0.513157894736842,304.38,19,1.0,1
E000708,Persian_Gulf,24.4763,46.05022666666667,2024-01-17,2024-01-17,1,3.8000000000000003,1.2666666666666668,302.88,3,1.0,1
E000709,Persian_Gulf,24.640965,54.848110000000005,2024-01-18,2024-06-24,159,23.93,11.965,336.51,2,0.5,1
E000710,Persian_Gulf,31.40824,45.43295,2024-01-18,2024-01-18,1,6.01,6.01,341.78,1,0.0,1
E000711,Persian_Gulf,29.531994166666667,47.84846833333333,2024-01-18,2024-04-10,84,10.709999999999999,0.8925,329.24,12,1.0,1
E000712,Persian_Gulf,26.34991333333333,56.691134999999996,2024-01-18,2024-01-18,1,47.28,7.88,367.0,6,1.0,1
E000713,Persian_Gulf,25.79008,44.94585,2024-01-18,2024-01-18,1,0.42,0.42,296.12,1,1.0,1
E000714,Persian_Gulf,25.866864999999997,43.990224999999995,2024-01-18,2024-01-18,1,5.98,2.99,327.55,2,1.0,1
E000715,Persian_Gulf,25.08544,48.18983,2024-01-19,2024-01-19,1,2.71,2.71,336.9,1,0.0,1
E000716,Persian_Gulf,26.01659,43.94177,2024-01-19,2024-01-19,1,6.47,6.47,349.94,1,0.0,1
E000717,Persian_Gulf,31.898137647058828,51.68295176470589,2024-01-19,2024-06-30,164,25.529999999999998,0.7508823529411764,338.21,34,0.9705882352941176,1
E000718,Persian_Gulf,25.351412272727273,54.485372272727275,2024-01-19,2024-05-11,114,22.330000000000005,1.0150000000000003,330.49,22,0.9545454545454546,1
E000719,Persian_Gulf,25.28167,45.31067,2024-01-20,2024-01-20,1,1.48,1.48,341.36,1,0.0,1
E000720,Persian_Gulf,26.15718,50.45508,2024-01-20,2024-01-20,1,4.23,4.23,332.0,1,0.0,1
E000721,Persian_Gulf,27.44263,56.30497,2024-01-20,2024-01-20,1,1.71,1.71,331.12,1,0.0,1
E000722,Persian_Gulf,28.33821333333333,53.459376666666664,2024-01-20,2024-03-01,42,9.68,3.2266666666666666,341.85,3,0.6666666666666666,1
E000723,Persian_Gulf,29.870860000000004,53.33540333333334,2024-01-20,2024-01-24,5,9.5,3.1666666666666665,340.86,3,0.0,1
E000724,Persian_Gulf,29.41515,55.722445,2024-01-20,2024-05-22,124,1.25,0.625,303.2,2,1.0,1
E000725,Persian_Gulf,24.02579742424242,48.111337727272726,2024-01-21,2024-06-30,162,131.32,1.9896969696969695,367.0,66,0.8787878787878788,1
E000726,Persian_Gulf,32.4352,55.30942,2024-01-21,2024-01-21,1,3.36,3.36,345.08,1,0.0,1
E000727,Persian_Gulf,24.484055,46.229420000000005,2024-01-21,2024-06-06,138,6.8100000000000005,3.4050000000000002,347.11,2,0.5,1
E000728,Persian_Gulf,26.38805,43.14726,2024-01-21,2024-03-04,44,5.199999999999999,2.5999999999999996,338.42,2,0.0,1
E000729,Persian_Gulf,26.51932,43.58768,2024-01-21,2024-01-21,1,1.51,1.51,337.54,1,0.0,1
E000730,Persian_Gulf,24.640715294117648,54.6934405882353,2024-01-21,2024-04-20,91,13.55,0.7970588235294118,316.15,17,1.0,1
E000731,Persian_Gulf,31.91455625,47.428931250000005,2024-01-21,2024-06-22,154,7.84,0.98,313.67,8,1.0,1
E000732,Persian_Gulf,24.695798000000003,47.893542000000004,2024-01-22,2024-01-24,3,20.75,4.15,340.83,5,0.8,1
E000733,Persian_Gulf,25.0790775,46.62587,2024-01-22,2024-06-28,159,5.1499999999999995,1.2874999999999999,327.09,4,1.0,1
E000734,Persian_Gulf,26.03539,45.075825,2024-01-22,2024-04-09,79,1.21,0.605,301.1,2,1.0,1
E000735,Persian_Gulf,24.283592631578948,48.11694315789473,2024-01-23,2024-05-08,107,77.09000000000002,4.057368421052632,345.5,19,0.6842105263157895,1
E000736,Persian_Gulf,27.3177,48.46978,2024-01-23,2024-01-23,1,6.17,6.17,348.05,1,0.0,1
E000737,Persian_Gulf,28.25368,55.7914,2024-01-23,2024-06-28,158,25.16,6.29,367.0,4,0.25,1
E000738,Persian_Gulf,31.592219999999998,45.176413333333336,2024-01-23,2024-05-15,114,5.28,1.76,330.99,3,0.3333333333333333,1
E000739,Persian_Gulf,25.30272,43.87186,2024-01-23,2024-01-23,1,0.47,0.47,299.67,1,1.0,1
E000740,Persian_Gulf,27.83617,53.636065,2024-01-24,2024-01-29,6,10.95,5.475,340.4,2,0.0,1
E000741,Persian_Gulf,32.8210493939394,47.83881898989899,2024-01-24,2024-06-30,159,1392.4,4.688215488215489,367.0,297,0.8686868686868687,1
E000742,Persian_Gulf,27.07864,54.52941,2024-01-24,2024-01-24,1,0.2,0.2,295.02,1,1.0,1
E000743,Persian_Gulf,24.468094999999998,46.612745000000004,2024-01-24,2024-02-09,17,1.29,0.645,304.83,2,1.0,1
E000744,Persian_Gulf,25.156544545454548,55.24140545454545,2024-01-24,2024-06-06,135,13.01,1.1827272727272726,312.17,11,1.0,1
E000745,Persian_Gulf,31.83706,45.87109,2024-01-25,2024-01-25,1,4.14,4.14,336.85,1,0.0,1
E000746,Persian_Gulf,31.866625,54.4297225,2024-01-25,2024-05-05,102,5.41,0.67625,303.12,8,1.0,1
E000747,Persian_Gulf,31.95879,45.44237,2024-01-27,2024-01-27,1,1.85,1.85,325.73,1,0.0,1
E000748,Persian_Gulf,28.586853333333334,53.429959999999994,2024-01-28,2024-02-08,12,17.16,5.72,355.45,3,0.0,1
E000749,Persian_Gulf,29.43443,47.309259999999995,2024-01-28,2024-01-30,3,27.62,6.905,336.71,4,0.75,1
E000750,Persian_Gulf,26.58432,50.05963,2024-01-28,2024-01-28,1,0.27,0.27,295.76,1,1.0,1
E000751,Persian_Gulf,24.90754,44.44239,2024-01-29,2024-01-29,1,10.13,10.13,336.95,1,0.0,1
E000752,Persian_Gulf,31.704315399999995,55.447705400000004,2024-01-30,2024-06-26,149,50.28,1.0056,311.56,50,1.0,1
E000753,Persian_Gulf,29.70070694444444,55.533111111111104,2024-01-30,2024-06-26,149,35.25999999999999,0.9794444444444442,320.18,36,1.0,1
E000754,Persian_Gulf,26.61992,54.92138,2024-01-30,2024-01-30,1,1.09,1.09,317.83,1,1.0,1
E000755,Persian_Gulf,28.374862580645157,49.150791451612896,2024-01-30,2024-06-30,153,372.54,6.008709677419355,367.0,62,0.08064516129032258,1
E000756,Persian_Gulf,32.33498487179487,54.08646700854701,2024-02-02,2024-06-27,147,139.65,1.1935897435897436,312.46,117,1.0,1
E000757,Persian_Gulf,27.18528,55.79084999999999,2024-02-03,2024-05-16,104,12.69,3.1725,353.5,4,0.0,1
E000758,Persian_Gulf,28.297737499999997,53.656515,2024-02-03,2024-02-04,2,17.55,4.3875,343.12,4,0.5,0
E000759,Persian_Gulf,27.30006,43.079295,2024-02-03,2024-02-04,2,10.16,5.08,343.97,2,0.5,0
E000760,Persian_Gulf,24.72898392857143,55.455620357142855,2024-02-04,2024-06-17,135,95.93000000000002,3.4260714285714293,356.87,28,0.07142857142857142,1
E000761,Persian_Gulf,25.06697,44.28217,2024-02-04,2024-02-04,1,5.96,5.96,342.88,1,0.0,0
E000762,Persian_Gulf,27.12592,43.390175,2024-02-04,2024-02-04,1,14.5,7.25,337.42,2,0.0,0
E000763,Persian_Gulf,30.997085,50.24673,2024-02-04,2024-06-13,131,4.17,2.085,325.86,2,0.5,1
E000764,Persian_Gulf,27.301614888888896,49.68587933333335,2024-02-04,2024-06-28,146,25.27,0.5615555555555556,330.38,45,1.0,1
E000765,Persian_Gulf,28.39982,52.64342,2024-02-04,2024-02-04,1,0.73,0.73,304.24,1,1.0,0
E000766,Persian_Gulf,28.481300769230764,49.391604615384615,2024-02-05,2024-05-27,113,61.900000000000006,4.761538461538462,354.63,13,0.0,1
E000767,Persian_Gulf,31.264135000000003,45.675110000000004,2024-02-05,2024-06-11,128,6.58,3.29,341.5,2,0.5,1
E000768,Persian_Gulf,27.62971,55.87143,2024-02-06,2024-02-06,1,9.43,9.43,346.28,1,0.0,0
E000769,Persian_Gulf,26.72104,44.25932,2024-02-06,2024-02-06,1,2.06,2.06,339.26,1,0.0,0
E000770,Persian_Gulf,25.895735000000002,49.462725000000006,2024-02-06,2024-02-06,1,2.16,1.08,301.23,2,1.0,0
E000771,Persian_Gulf,25.88013,44.26106,2024-02-07,2024-02-07,1,6.23,6.23,344.32,1,0.0,0
E000772,Persian_Gulf,26.489225,49.96152,2024-02-08,2024-06-07,121,11.79,5.895,348.3,2,0.0,1
E000773,Persian_Gulf,29.99169,47.47152,2024-02-08,2024-02-08,1,0.89,0.89,310.02,1,1.0,0
E000774,Persian_Gulf,24.86599,46.70225,2024-02-09,2024-02-09,1,1.72,1.72,338.45,1,0.0,0
E000775,Persian_Gulf,28.757205,53.4223,2024-02-09,2024-02-09,1,6.57,3.285,339.91,2,0.0,0
E000776,Persian_Gulf,29.765030000000003,56.569829999999996,2024-02-09,2024-02-09,1,7.11,3.555,350.28,2,0.0,0
E000777,Persian_Gulf,30.283144999999998,52.102865,2024-02-09,2024-02-09,1,23.44,11.72,345.78,2,0.0,0
E000778,Persian_Gulf,31.434213999999997,45.300536,2024-02-09,2024-06-19,132,21.13,4.226,367.0,5,0.0,1
E000779,Persian_Gulf,31.49136,44.87659,2024-02-09,2024-02-09,1,2.52,2.52,333.56,1,0.0,0
E000780,Persian_Gulf,29.524359166666663,55.787240277777784,2024-02-09,2024-06-07,120,28.41,0.7891666666666667,309.53,36,1.0,1
E000781,Persian_Gulf,26.034252307692306,49.69953384615384,2024-02-09,2024-06-24,137,62.63,4.817692307692308,356.41,13,0.3076923076923077,1
E000782,Persian_Gulf,29.474975,56.626505,2024-02-10,2024-02-10,1,12.41,6.205,342.17,2,0.0,0
E000783,Persian_Gulf,30.46122,53.146265,2024-02-10,2024-03-07,27,8.93,4.465,340.86,2,0.0,1
E000784,Persian_Gulf,30.630565,52.40062,2024-02-10,2024-02-10,1,21.27,10.635,349.26,2,1.0,0
E000785,Persian_Gulf,32.46046,52.23879,2024-02-11,2024-02-11,1,14.31,14.31,344.45,1,0.0,0
E000786,Persian_Gulf,25.16851,51.4266675,2024-02-13,2024-04-23,71,14.54,3.635,343.56,4,0.75,1
E000787,Persian_Gulf,29.96948,51.87718,2024-02-13,2024-02-13,1,5.22,5.22,339.26,1,0.0,0
E000788,Persian_Gulf,30.380117818181823,53.30501018181818,2024-02-13,2024-02-13,1,197.73,3.595090909090909,367.0,55,1.0,0
E000789,Persian_Gulf,30.501151343283585,56.82073940298507,2024-02-13,2024-06-27,136,74.63,1.1138805970149253,339.73,67,0.9850746268656716,1
E000790,Persian_Gulf,31.89752230769231,51.18720923076922,2024-02-13,2024-02-13,1,727.12,55.932307692307695,346.44,13,1.0,0
E000791,Persian_Gulf,29.207049393939393,54.48277939393939,2024-02-13,2024-06-28,137,33.47,1.0142424242424242,335.51,33,0.9696969696969697,1
E000792,Persian_Gulf,32.5266,51.899061666666675,2024-02-14,2024-06-30,138,31.96,5.326666666666667,351.41,6,0.3333333333333333,1
E000793,Persian_Gulf,27.84567,50.36843666666667,2024-02-14,2024-02-20,7,1.44,0.48,305.65,3,1.0,0
E000794,Persian_Gulf,26.30966,52.546054999999996,2024-02-14,2024-03-02,18,0.8,0.4,304.98,2,1.0,1
E000795,Persian_Gulf,29.68608,56.29304,2024-02-15,2024-02-15,1,3.34,3.34,340.2,1,0.0,0
E000796,Persian_Gulf,30.969772,56.45147099999999,2024-02-15,2024-06-17,124,8.89,0.889,304.04,10,1.0,1
E000797,Persian_Gulf,26.325025,52.2494,2024-02-16,2024-02-16,1,9.969999999999999,4.984999999999999,332.39,2,0.0,0
E000798,Persian_Gulf,27.731972000000003,53.143654000000005,2024-02-17,2024-05-29,103,64.69,12.937999999999999,367.0,5,0.0,1
E000799,Persian_Gulf,28.41088275862069,53.22938620689655,2024-02-17,2024-06-24,129,28.57,0.9851724137931035,311.83,29,1.0,1
E000800,Persian_Gulf,25.40535,43.533715,2024-02-18,2024-06-17,121,9.52,4.76,367.0,2,0.0,1
E000801,Persian_Gulf,32.70454,52.29296,2024-02-18,2024-06-09,113,3.6399999999999997,1.2133333333333332,308.18,3,1.0,1
E000802,Persian_Gulf,26.97837,44.08881,2024-02-19,2024-02-19,1,4.36,4.36,345.88,1,0.0,0
E000803,Persian_Gulf,27.04422333333333,43.530466666666676,2024-02-19,2024-02-26,8,46.5,15.5,342.47,3,0.0,0
E000804,Persian_Gulf,27.230303333333335,43.383203333333334,2024-02-19,2024-02-27,9,31.380000000000003,10.46,367.0,3,0.0,1
E000805,Persian_Gulf,27.91092,53.10872,2024-02-19,2024-02-19,1,5.58,5.58,344.52,1,0.0,0
E000806,Persian_Gulf,31.584282,54.355684,2024-02-19,2024-06-22,125,4.539999999999999,0.9079999999999998,340.53,5,0.8,1
E000807,Persian_Gulf,30.992642999999997,46.229762,2024-02-19,2024-06-26,129,29.039999999999996,1.4519999999999997,367.0,20,0.9,1
E000808,Persian_Gulf,31.72824,49.520923333333336,2024-02-19,2024-05-09,81,1.4300000000000002,0.47666666666666674,301.6,3,1.0,1
E000809,Persian_Gulf,28.192078,53.13686,2024-02-20,2024-06-14,116,31.020000000000003,6.204000000000001,350.79,5,0.6,1
E000810,Persian_Gulf,29.10488,47.04912,2024-02-20,2024-02-20,1,1.11,1.11,335.59,1,0.0,0
E000811,Persian_Gulf,32.30694,53.951565,2024-02-20,2024-03-20,30,6.91,3.455,342.04,2,0.5,1
E000812,Persian_Gulf,25.482770000000002,50.11983875,2024-02-20,2024-03-13,23,12.09,0.755625,313.17,16,1.0,1
E000813,Persian_Gulf,25.46711,48.27782,2024-02-21,2024-02-21,1,2.42,2.42,341.22,1,0.0,0
E000814,Persian_Gulf,28.17,48.778890000000004,2024-02-22,2024-02-22,1,23.810000000000002,5.952500000000001,349.41,4,0.0,0
E000815,Persian_Gulf,29.559343333333334,56.67923666666667,2024-02-22,2024-04-13,52,6.140000000000001,2.046666666666667,339.12,3,0.0,1
E000816,Persian_Gulf,32.578518333333335,44.518130000000006,2024-02-22,2024-06-29,129,20.549999999999997,3.4249999999999994,367.0,6,0.16666666666666666,1
E000817,Persian_Gulf,26.94008,56.142803333333326,2024-02-22,2024-06-17,117,7.4,2.466666666666667,317.31,3,1.0,1
E000818,Persian_Gulf,29.53813666666667,50.71346166666666,2024-02-22,2024-04-16,55,6.239999999999999,1.0399999999999998,310.23,6,1.0,1
E000819,Persian_Gulf,26.536666666666665,52.27798,2024-02-23,2024-06-12,111,16.58,1.842222222222222,341.89,9,1.0,1
E000820,Persian_Gulf,25.904055,43.57738,2024-02-23,2024-02-23,1,0.95,0.475,304.07,2,1.0,0
E000821,Persian_Gulf,25.997914999999995,45.39349166666667,2024-02-25,2024-06-29,126,11.95,1.9916666666666665,335.82,6,0.8333333333333334,1
E000822,Persian_Gulf,24.06743,56.932805,2024-02-27,2024-04-04,38,1.4,0.7,333.65,2,0.5,1
E000823,Persian_Gulf,24.40601,55.38542,2024-02-27,2024-02-27,1,2.19,2.19,343.06,1,0.0,1
E000824,Persian_Gulf,25.33715,49.49604,2024-02-27,2024-02-27,1,0.42,0.42,300.34,1,1.0,1
E000825,Persian_Gulf,25.77528076923077,45.62890076923077,2024-02-27,2024-06-16,111,53.83,4.140769230769231,356.57,13,0.3076923076923077,1
E000826,Persian_Gulf,27.515909999999998,43.075275,2024-02-27,2024-02-27,1,6.26,3.13,325.24,2,1.0,1
E000827,Persian_Gulf,24.4748575,43.378272499999994,2024-02-27,2024-03-13,16,21.95,5.4875,317.2,4,1.0,1
E000828,Persian_Gulf,31.16351,46.88684,2024-03-01,2024-03-01,1,5.3,5.3,345.51,1,0.0,1
E000829,Persian_Gulf,31.43169,46.53856,2024-03-01,2024-03-01,1,5.18,5.18,337.75,1,0.0,1
E000830,Persian_Gulf,27.69056,53.62655,2024-03-02,2024-03-02,1,0.34,0.34,296.88,1,1.0,1
E000831,Persian_Gulf,28.46716,52.84025,2024-03-02,2024-03-02,1,0.15,0.15,297.32,1,1.0,1
E000832,Persian_Gulf,24.88743,55.87757,2024-03-03,2024-03-03,1,2.93,2.93,339.31,1,0.0,1
E000833,Persian_Gulf,26.04675,56.15154,2024-03-03,2024-03-03,1,1.78,1.78,333.62,1,0.0,1
E000834,Persian_Gulf,24.730531000000003,48.251855,2024-03-03,2024-03-21,19,15.920000000000002,1.592,344.02,10,0.9,1
E000835,Persian_Gulf,25.187560405405407,50.486305945945944,2024-03-03,2024-03-29,27,413.61,5.589324324324324,367.0,74,0.7027027027027027,1
E000836,Persian_Gulf,25.97698,43.46497,2024-03-04,2024-03-04,1,10.38,10.38,338.23,1,0.0,1
E000837,Persian_Gulf,28.360075000000002,46.093595,2024-03-05,2024-05-21,78,3.6999999999999997,1.8499999999999999,338.51,2,0.5,1
E000838,Persian_Gulf,32.65789772020725,48.64138559585493,2024-03-05,2024-06-30,118,453.91,2.3518652849740933,367.0,193,0.8601036269430051,1
E000839,Persian_Gulf,29.19187,48.08872,2024-03-05,2024-03-05,1,0.71,0.71,304.22,1,1.0,1
E000840,Persian_Gulf,24.06442,47.3347,2024-03-06,2024-03-06,1,2.55,2.55,335.19,1,0.0,1
E000841,Persian_Gulf,27.65116,47.41155,2024-03-06,2024-03-06,1,3.49,3.49,344.49,1,0.0,1
E000842,Persian_Gulf,26.623205,45.238025,2024-03-06,2024-06-10,97,4.87,2.435,319.91,2,1.0,1
E000843,Persian_Gulf,25.03827,44.43404,2024-03-07,2024-03-07,1,2.17,2.17,337.6,1,0.0,1
E000844,Persian_Gulf,28.441983333333337,56.357776666666666,2024-03-07,2024-05-27,82,2.52,0.84,305.63,3,1.0,1
E000845,Persian_Gulf,25.12945,46.11992,2024-03-07,2024-03-07,1,0.44,0.44,296.95,1,1.0,1
E000846,Persian_Gulf,31.881736666666665,50.72216666666666,2024-03-08,2024-06-20,105,22.17,7.390000000000001,344.8,3,0.0,1
E000847,Persian_Gulf,26.71081625,43.734413125,2024-03-08,2024-05-27,81,49.64,3.1025,345.0,16,0.0,1
E000848,Persian_Gulf,31.16309,46.241115,2024-03-09,2024-03-09,1,7.14,3.57,337.95,2,0.0,1
E000849,Persian_Gulf,30.54718,45.6341,2024-03-09,2024-03-09,1,5.12,5.12,341.43,1,0.0,1
E000850,Persian_Gulf,28.386928,56.894552,2024-03-09,2024-06-28,112,9.23,1.846,338.31,5,1.0,1
E000851,Persian_Gulf,25.528252000000002,49.216214,2024-03-10,2024-05-06,58,27.68,5.536,354.55,5,0.2,1
E000852,Persian_Gulf,27.629237999999997,47.663768,2024-03-10,2024-03-10,1,18.78,3.7560000000000002,367.0,5,0.0,0
E000853,Persian_Gulf,32.00322,54.53502,2024-03-10,2024-03-10,1,0.64,0.64,299.62,1,1.0,0
E000854,Persian_Gulf,26.134035625,48.9998234375,2024-03-10,2024-04-06,28,548.2,8.565625,367.0,64,0.71875,1
E000855,Persian_Gulf,29.16444,54.385729999999995,2024-03-12,2024-05-05,55,1.15,0.575,300.14,2,1.0,1
E000856,Persian_Gulf,31.046689999999998,53.067895,2024-03-12,2024-04-14,34,2.87,1.435,336.55,2,0.5,1
E000857,Persian_Gulf,28.915370714285707,53.13734035714286,2024-03-12,2024-06-26,107,196.96,7.034285714285715,367.0,28,0.4642857142857143,1
E000858,Persian_Gulf,29.39659,51.17676,2024-03-12,2024-05-28,78,15.15,7.575,350.78,2,0.5,1
E000859,Persian_Gulf,27.02727,43.00082,2024-03-12,2024-03-12,1,0.64,0.64,298.8,1,1.0,0
E000860,Persian_Gulf,28.56586,48.256175,2024-03-13,2024-05-19,68,13.32,6.66,344.45,2,0.0,1
E000861,Persian_Gulf,24.428927142857145,43.04752857142857,2024-03-13,2024-05-24,73,13.170000000000002,1.8814285714285717,331.7,7,1.0,1
E000862,Persian_Gulf,31.21311,46.40752,2024-03-14,2024-03-14,1,6.86,6.86,331.03,1,0.0,0
E000863,Persian_Gulf,25.386076666666668,55.967409999999994,2024-03-14,2024-06-07,86,3.16,1.0533333333333335,312.56,3,1.0,1
E000864,Persian_Gulf,25.254412049689442,50.330533416149066,2024-03-15,2024-05-13,60,854.6600000000001,5.308447204968944,367.0,161,0.7267080745341615,1
E000865,Persian_Gulf,28.96529,56.77079,2024-03-15,2024-03-15,1,0.74,0.74,296.51,1,1.0,0
E000866,Persian_Gulf,29.66949,56.10308,2024-03-16,2024-03-16,1,19.8,19.8,367.0,1,0.0,0
E000867,Persian_Gulf,28.26485,56.3563,2024-03-16,2024-03-16,1,10.79,10.79,341.27,1,0.0,0
E000868,Persian_Gulf,26.740842000000004,52.370374000000005,2024-03-16,2024-05-02,48,10.3,2.06,347.8,5,1.0,1
E000869,Persian_Gulf,25.31911,53.46923666666667,2024-03-16,2024-06-23,100,24.15,8.049999999999999,347.63,3,1.0,1
E000870,Persian_Gulf,32.17231271428572,51.870441,2024-03-17,2024-06-21,97,66.44000000000001,0.9491428571428573,309.31,70,1.0,1
E000871,Persian_Gulf,32.99121333333333,52.60835666666666,2024-03-21,2024-03-26,6,7.970000000000001,2.6566666666666667,347.48,3,0.0,1
E000872,Persian_Gulf,24.153435,46.10765,2024-03-21,2024-06-07,79,95.81,47.905,367.0,2,0.0,1
E000873,Persian_Gulf,24.91073,44.567925,2024-03-22,2024-03-22,1,1.0999999999999999,0.5499999999999999,302.3,2,1.0,1
E000874,Persian_Gulf,24.35454,56.74606,2024-03-24,2024-03-24,1,2.54,2.54,334.89,1,0.0,0
E000875,Persian_Gulf,24.6628,50.77,2024-03-26,2024-03-26,1,2.64,2.64,335.02,1,0.0,0
E000876,Persian_Gulf,26.015444615384613,52.18553846153846,2024-03-26,2024-03-26,1,112.39000000000001,8.645384615384616,367.0,13,0.5384615384615384,0
E000877,Persian_Gulf,32.711420000000004,52.494654999999995,2024-03-26,2024-04-24,30,4.57,2.285,335.91,2,0.0,1
E000878,Persian_Gulf,32.96881,51.37562,2024-03-26,2024-03-26,1,3.82,3.82,351.59,1,0.0,0
E000879,Persian_Gulf,27.787802857142857,54.48334142857142,2024-03-26,2024-05-02,38,3.7300000000000004,0.5328571428571429,298.18,7,1.0,1
E000880,Persian_Gulf,24.854,56.05814,2024-03-27,2024-03-27,1,0.37,0.37,299.32,1,1.0,1
E000881,Persian_Gulf,29.2744195652174,50.95402347826086,2024-03-28,2024-05-19,53,55.580000000000005,2.416521739130435,346.52,23,0.782608695652174,1
E000882,Persian_Gulf,29.59057,51.89692,2024-03-28,2024-03-28,1,0.93,0.93,306.64,1,1.0,1
E000883,Persian_Gulf,24.120009999999997,53.44154333333333,2024-03-28,2024-03-29,2,2.45,0.8166666666666668,308.21,3,1.0,1
E000884,Persian_Gulf,28.74004,53.08053,2024-03-29,2024-03-29,1,8.0,8.0,346.39,1,0.0,1
E000885,Persian_Gulf,31.585085,54.576335,2024-03-29,2024-05-10,43,8.06,4.03,346.14,2,0.0,1
E000886,Persian_Gulf,31.77969,46.4227,2024-04-02,2024-04-02,1,21.11,21.11,351.19,1,0.0,1
E000887,Persian_Gulf,28.86129,53.37371,2024-04-03,2024-04-03,1,0.75,0.75,300.49,1,1.0,1
E000888,Persian_Gulf,30.123555,50.142825,2024-04-03,2024-06-20,79,2.32,1.16,310.92,2,1.0,1
E000889,Persian_Gulf,31.61452,46.50064,2024-04-04,2024-04-04,1,3.07,3.07,342.08,1,0.0,1
E000890,Persian_Gulf,25.223763333333334,49.73641333333334,2024-04-04,2024-06-08,66,16.03,5.343333333333334,340.4,3,1.0,1
E000891,Persian_Gulf,25.25915,45.08393,2024-04-04,2024-04-04,1,0.23,0.23,297.92,1,1.0,1
E000892,Persian_Gulf,31.58731,51.57091666666667,2024-04-05,2024-04-05,1,26.369999999999997,8.79,343.44,3,0.0,0
E000893,Persian_Gulf,28.017785600000003,51.9962624,2024-04-05,2024-04-22,18,178.99,7.1596,367.0,25,0.96,1
E000894,Persian_Gulf,25.42272,56.07286,2024-04-07,2024-04-07,1,0.79,0.79,309.43,1,1.0,1
E000895,Persian_Gulf,26.97277,43.80221,2024-04-09,2024-06-24,77,4.0,2.0,335.82,2,0.5,1
E000896,Persian_Gulf,30.345865,56.951955,2024-04-09,2024-06-15,68,1.7,0.85,298.79,2,1.0,1
E000897,Persian_Gulf,30.966840714285716,51.13315523809524,2024-04-09,2024-06-30,83,29.63,0.7054761904761905,305.89,42,1.0,1
E000898,Persian_Gulf,29.116041111111105,53.21126037037037,2024-04-09,2024-06-25,78,11.609999999999998,0.42999999999999994,305.66,27,1.0,1
E000899,Persian_Gulf,30.185475,51.272245000000005,2024-04-09,2024-04-09,1,5.6,1.4,316.7,4,1.0,1
E000900,Persian_Gulf,27.323186470588233,53.15069647058823,2024-04-10,2024-06-30,82,134.69,7.922941176470588,351.95,17,0.17647058823529413,1
E000901,Persian_Gulf,29.89546,51.27339,2024-04-12,2024-04-12,1,15.22,15.22,342.6,1,0.0,1
E000902,Persian_Gulf,25.26847,56.003275,2024-04-12,2024-05-19,38,2.56,1.28,310.7,2,1.0,1
E000903,Persian_Gulf,30.164009999999998,47.560615,2024-04-13,2024-04-13,1,9.59,4.795,344.68,2,0.0,1
E000904,Persian_Gulf,25.210166666666666,45.96227,2024-04-14,2024-04-14,1,20.17,6.723333333333334,347.33,3,0.0,1
E000905,Persian_Gulf,30.64999,51.59252,2024-04-14,2024-04-14,1,1.41,1.41,336.96,1,0.0,1
E000906,Persian_Gulf,28.61212,54.44064666666667,2024-04-14,2024-06-23,71,7.789999999999999,2.5966666666666662,326.63,3,1.0,1
E000907,Persian_Gulf,26.23344,43.362,2024-04-16,2024-04-16,1,4.72,4.72,342.93,1,0.0,1
E000908,Persian_Gulf,26.16571,44.84903,2024-04-17,2024-04-17,1,4.3,4.3,328.09,1,1.0,1
E000909,Persian_Gulf,25.57275,56.22971,2024-04-18,2024-04-18,1,1.95,1.95,336.76,1,0.0,1
E000910,Persian_Gulf,30.05061,52.0725175,2024-04-18,2024-06-27,71,16.86,4.215,351.04,4,0.25,1
E000911,Persian_Gulf,31.33055,51.71499,2024-04-18,2024-04-18,1,3.95,3.95,331.64,1,0.0,1
E000912,Persian_Gulf,25.31161,56.37244,2024-04-18,2024-05-06,19,2.21,1.105,312.81,2,1.0,1
E000913,Persian_Gulf,24.26532,43.78281,2024-04-18,2024-04-18,1,1.97,1.97,313.87,1,1.0,1
E000914,Persian_Gulf,24.56356,43.92326,2024-04-19,2024-04-19,1,12.03,12.03,345.97,1,0.0,1
E000915,Persian_Gulf,27.345235000000002,52.96265,2024-04-19,2024-04-19,1,9.02,4.51,336.82,2,0.0,1
E000916,Persian_Gulf,30.56995,51.52098,2024-04-19,2024-04-19,1,3.11,3.11,335.07,1,0.0,1
E000917,Persian_Gulf,31.18939,51.81882,2024-04-19,2024-04-19,1,3.6,3.6,337.82,1,0.0,1
E000918,Persian_Gulf,26.02037,51.78316964285715,2024-04-19,2024-05-29,41,711.2800000000002,8.46761904761905,367.0,84,0.6428571428571429,1
E000919,Persian_Gulf,28.02534466666667,52.131574666666666,2024-04-20,2024-06-27,69,13.899999999999999,0.9266666666666665,311.87,15,1.0,1
E000920,Persian_Gulf,24.63132294117647,52.832157058823526,2024-04-21,2024-06-15,56,93.76,5.515294117647059,347.06,17,0.6470588235294118,1
E000921,Persian_Gulf,24.33965,47.49634,2024-04-22,2024-04-22,1,0.66,0.66,306.38,1,1.0,1
E000922,Persian_Gulf,24.55501,43.51295666666667,2024-04-23,2024-06-17,56,12.259999999999998,2.043333333333333,309.58,6,1.0,1
E000923,Persian_Gulf,28.43678142857143,48.92656714285715,2024-04-24,2024-06-14,52,53.699999999999996,7.671428571428571,348.0,7,0.2857142857142857,1
E000924,Persian_Gulf,32.74767272727272,46.63210636363636,2024-04-24,2024-06-29,67,563.9399999999999,6.40840909090909,367.0,88,0.8068181818181818,1
E000925,Persian_Gulf,25.60146,43.61252428571428,2024-04-25,2024-06-18,55,32.199999999999996,4.6,367.0,7,0.0,1
E000926,Persian_Gulf,28.133314000000002,52.27414,2024-04-26,2024-05-24,29,14.31,2.862,338.05,5,0.6,1
E000927,Persian_Gulf,27.427894000000002,47.706954,2024-04-27,2024-06-11,46,51.269999999999996,10.254,367.0,5,0.2,1
E000928,Persian_Gulf,25.26967,44.42958,2024-04-27,2024-04-27,1,10.22,10.22,345.29,1,0.0,1
E000929,Persian_Gulf,31.70604,54.480464999999995,2024-04-28,2024-04-28,1,6.24,3.12,341.3,2,0.0,1
E000930,Persian_Gulf,24.78433,46.39568,2024-04-28,2024-04-28,1,6.81,6.81,339.54,1,0.0,1
E000931,Persian_Gulf,27.965090000000004,52.41183,2024-04-28,2024-05-18,21,21.619999999999997,7.206666666666666,353.53,3,0.0,1
E000932,Persian_Gulf,31.43344647058823,56.49067323529412,2024-04-28,2024-06-30,64,32.99,0.9702941176470589,316.86,34,1.0,1
E000933,Persian_Gulf,25.59478,51.29866,2024-04-28,2024-04-28,1,3.58,3.58,333.99,1,1.0,1
E000934,Persian_Gulf,31.73344,54.22044,2024-04-29,2024-04-29,1,0.32,0.32,296.23,1,1.0,1
E000935,Persian_Gulf,29.402662222222222,48.84520666666667,2024-05-01,2024-05-06,6,35.31,3.923333333333334,339.93,9,0.7777777777777778,1
E000936,Persian_Gulf,30.35442,46.15218,2024-05-02,2024-05-02,1,2.15,2.15,336.71,1,0.0,1
E000937,Persian_Gulf,27.94282125,45.455605000000006,2024-05-02,2024-05-06,5,87.57000000000001,10.946250000000001,354.74,8,0.875,1
E000938,Persian_Gulf,25.01037,46.71691,2024-05-03,2024-05-03,1,1.0,1.0,311.5,1,1.0,1
E000939,Persian_Gulf,25.35472,44.82159,2024-05-03,2024-05-03,1,0.93,0.93,306.33,1,1.0,1
E000940,Persian_Gulf,25.826845,48.823814999999996,2024-05-03,2024-05-03,1,3.94,1.97,322.91,2,1.0,1
E000941,Persian_Gulf,30.34086,56.513715000000005,2024-05-05,2024-05-11,7,1.1099999999999999,0.5549999999999999,298.16,2,1.0,1
E000942,Persian_Gulf,31.113592,52.67933800000001,2024-05-05,2024-06-20,47,2.06,0.41200000000000003,303.25,5,1.0,1
E000943,Persian_Gulf,31.73412,54.73952,2024-05-05,2024-05-05,1,0.46,0.46,297.7,1,1.0,1
E000944,Persian_Gulf,24.85496333333333,55.06642333333334,2024-05-06,2024-06-18,44,45.56,15.186666666666667,367.0,3,0.0,1
E000945,Persian_Gulf,24.257186666666666,49.31136,2024-05-06,2024-05-06,1,89.88,29.959999999999997,348.98,3,0.0,1
E000946,Persian_Gulf,26.41649,50.15088,2024-05-06,2024-05-06,1,2.6,2.6,336.66,1,0.0,1
E000947,Persian_Gulf,30.61532,45.776481818181814,2024-05-06,2024-06-04,30,83.91999999999999,7.629090909090908,367.0,11,0.2727272727272727,1
E000948,Persian_Gulf,30.878906666666666,45.45090604166666,2024-05-06,2024-06-25,51,296.40999999999997,6.175208333333333,367.0,48,0.4583333333333333,1
E000949,Persian_Gulf,30.241037777777777,45.36052000000001,2024-05-07,2024-06-27,52,193.49,21.49888888888889,367.0,9,0.1111111111111111,1
E000950,Persian_Gulf,32.10745,52.63335,2024-05-07,2024-05-07,1,0.67,0.67,299.37,1,1.0,1
E000951,Persian_Gulf,30.95632,51.61509,2024-05-08,2024-05-08,1,0.59,0.59,295.07,1,1.0,1
E000952,Persian_Gulf,31.68431,46.2809225,2024-05-08,2024-06-29,53,12.740000000000002,1.5925000000000002,327.18,8,1.0,1
E000953,Persian_Gulf,30.799411999999997,45.1096875,2024-05-09,2024-06-11,34,141.73000000000005,7.086500000000003,367.0,20,0.5,1
E000954,Persian_Gulf,29.028779999999998,56.113785,2024-05-10,2024-05-10,1,8.57,4.285,345.31,2,0.0,1
E000955,Persian_Gulf,31.330485,51.82401,2024-05-10,2024-05-10,1,7.82,3.91,338.17,2,0.0,1
E000956,Persian_Gulf,29.228545,56.674725,2024-05-10,2024-05-12,3,2.13,1.065,304.84,2,1.0,1
E000957,Persian_Gulf,31.02441,51.228195,2024-05-10,2024-05-20,11,0.99,0.495,298.27,2,1.0,1
E000958,Persian_Gulf,32.064145,43.823874999999994,2024-05-10,2024-05-12,3,17.94,2.99,344.54,6,0.5,1
E000959,Persian_Gulf,30.686725000000003,45.619735,2024-05-11,2024-06-29,50,29.81,7.4525,356.56,4,0.0,1
E000960,Persian_Gulf,32.901255000000006,43.177209999999995,2024-05-11,2024-06-07,28,44.550000000000004,11.137500000000001,357.52,4,0.0,1
E000961,Persian_Gulf,30.727291818181822,50.71983,2024-05-11,2024-06-17,38,82.99000000000001,7.544545454545456,367.0,11,0.5454545454545454,1
E000962,Persian_Gulf,29.761246666666665,52.41393333333334,2024-05-11,2024-06-15,36,3.29,1.0966666666666667,312.72,3,1.0,1
E000963,Persian_Gulf,27.696415000000002,47.548655,2024-05-12,2024-05-12,1,20.64,10.32,367.0,2,0.0,1
E000964,Persian_Gulf,31.926147500000003,43.932655000000004,2024-05-12,2024-05-12,1,73.1,18.275,367.0,4,0.0,1
E000965,Persian_Gulf,32.196941428571435,46.679089999999995,2024-05-12,2024-06-09,29,35.5,2.5357142857142856,348.53,14,0.7857142857142857,1
E000966,Persian_Gulf,28.17910375,56.156414999999996,2024-05-12,2024-06-29,49,14.58,1.8225,323.92,8,1.0,1
E000967,Persian_Gulf,25.08794,55.41578,2024-05-13,2024-05-13,1,11.53,11.53,346.18,1,0.0,1
E000968,Persian_Gulf,29.03295,52.40603,2024-05-13,2024-05-13,1,3.23,3.23,346.4,1,0.0,1
E000969,Persian_Gulf,24.9665,43.28767,2024-05-15,2024-05-15,1,1.87,1.87,313.22,1,1.0,1
E000970,Persian_Gulf,30.40062125,45.4886575,2024-05-16,2024-05-16,1,129.41,16.17625,367.0,8,0.0,1
E000971,Persian_Gulf,26.29637,44.86907,2024-05-17,2024-05-17,1,11.05,5.525,352.3,2,0.0,1
E000972,Persian_Gulf,32.55126666666667,50.75582666666667,2024-05-17,2024-06-16,31,2.26,0.7533333333333333,300.76,3,1.0,1
E000973,Persian_Gulf,31.173226,46.550996,2024-05-17,2024-05-18,2,13.329999999999998,2.6659999999999995,343.5,5,0.6,1
E000974,Persian_Gulf,24.090196666666667,55.30094,2024-05-17,2024-06-14,29,3.29,1.0966666666666667,311.99,3,1.0,1
E000975,Persian_Gulf,25.43477,49.76582,2024-05-18,2024-05-18,1,10.45,10.45,356.51,1,0.0,1
E000976,Persian_Gulf,28.49747,55.36028,2024-05-18,2024-05-18,1,2.62,2.62,339.49,1,0.0,1
E000977,Persian_Gulf,30.443435,44.65809,2024-05-18,2024-05-18,1,25.69,6.4225,343.02,4,0.0,1
E000978,Persian_Gulf,28.771102499999998,51.7557975,2024-05-19,2024-05-21,3,62.089999999999996,15.522499999999999,355.96,4,0.5,1
E000979,Persian_Gulf,24.758860000000002,56.40467285714285,2024-05-19,2024-05-19,1,20.000000000000004,2.8571428571428577,346.84,7,0.7142857142857143,1
E000980,Persian_Gulf,27.094324999999998,49.06774,2024-05-19,2024-06-17,30,4.06,2.03,342.97,2,0.5,1
E000981,Persian_Gulf,32.9820025,47.40915,2024-05-19,2024-06-07,20,40.01,10.0025,352.43,4,0.25,1
E000982,Persian_Gulf,28.298105000000003,53.97465833333334,2024-05-19,2024-06-23,36,11.55,1.925,318.21,6,1.0,1
E000983,Persian_Gulf,32.651375,53.411585,2024-05-20,2024-05-20,1,1.03,0.515,306.36,2,1.0,1
E000984,Persian_Gulf,29.04391,51.6102,2024-05-20,2024-05-20,1,0.58,0.58,306.56,1,1.0,1
E000985,Persian_Gulf,24.134727777777776,54.497526666666666,2024-05-21,2024-06-06,17,46.849999999999994,5.205555555555555,356.21,9,0.0,1
E000986,Persian_Gulf,24.19317,46.98014,2024-05-22,2024-05-22,1,12.0,12.0,367.0,1,0.0,1
E000987,Persian_Gulf,32.072285,43.985335,2024-05-22,2024-05-22,1,15.72,7.86,367.0,2,0.0,1
E000988,Persian_Gulf,24.2895,47.62789999999999,2024-05-23,2024-05-25,3,139.85000000000002,46.616666666666674,367.0,3,0.0,1
E000989,Persian_Gulf,26.40539,52.92828,2024-05-23,2024-05-23,1,5.67,5.67,340.06,1,0.0,1
E000990,Persian_Gulf,31.33814,44.8425,2024-05-23,2024-05-23,1,2.94,2.94,342.14,1,0.0,1
E000991,Persian_Gulf,31.67927,45.70056,2024-05-23,2024-05-23,1,6.87,6.87,342.35,1,0.0,1
E000992,Persian_Gulf,32.51968,44.64465,2024-05-23,2024-05-23,1,8.16,8.16,367.0,1,0.0,1
E000993,Persian_Gulf,29.29636,52.895655,2024-05-23,2024-05-23,1,1.07,0.535,302.77,2,1.0,1
E000994,Persian_Gulf,28.189945,51.893879999999996,2024-05-24,2024-05-24,1,15.36,7.68,367.0,2,0.0,1
E000995,Persian_Gulf,28.4404,53.10962,2024-05-24,2024-05-24,1,3.7,3.7,341.15,1,0.0,1
E000996,Persian_Gulf,24.82412,44.71566,2024-05-24,2024-05-24,1,4.9,4.9,367.0,1,0.0,1
E000997,Persian_Gulf,28.38393,51.50916,2024-05-24,2024-06-04,12,7.34,3.67,367.0,2,0.0,1
E000998,Persian_Gulf,28.292253333333335,55.206545,2024-05-24,2024-06-09,17,12.64,2.106666666666667,325.16,6,1.0,1
E000999,Persian_Gulf,29.410651666666666,51.917579999999994,2024-05-25,2024-06-19,26,97.58,16.263333333333332,367.0,6,1.0,1
E001000,Persian_Gulf,24.72778,47.40278,2024-05-25,2024-05-25,1,1.51,1.51,310.67,1,1.0,1
E001001,Persian_Gulf,27.222125,44.336605000000006,2024-05-25,2024-05-25,1,3.9,1.95,324.35,2,1.0,1
E001002,Persian_Gulf,28.06503,45.68279,2024-05-25,2024-05-25,1,2.02,1.01,315.21,2,1.0,1
E001003,Persian_Gulf,28.44717,51.9275,2024-05-26,2024-05-26,1,2.88,2.88,336.7,1,1.0,1
E001004,Persian_Gulf,31.69062,46.39612,2024-05-26,2024-05-26,1,1.6,1.6,315.68,1,1.0,1
E001005,Persian_Gulf,24.70989,55.62018,2024-05-27,2024-05-27,1,0.64,0.64,305.2,1,1.0,1
E001006,Persian_Gulf,31.78031,46.66096,2024-05-28,2024-05-28,1,6.04,6.04,350.64,1,0.0,1
E001007,Persian_Gulf,30.486530000000002,46.120805000000004,2024-05-29,2024-05-29,1,20.28,10.14,352.18,2,0.0,1
E001008,Persian_Gulf,28.60489,53.876327499999995,2024-05-29,2024-06-27,30,15.93,3.9825,367.0,4,1.0,1
E001009,Persian_Gulf,32.19170666666667,49.50766333333333,2024-05-29,2024-06-06,9,10.98,3.66,330.69,3,1.0,1
E001010,Persian_Gulf,28.01531,56.248200000000004,2024-05-29,2024-06-06,9,24.96,4.16,328.46,6,1.0,1
E001011,Persian_Gulf,28.026225,54.155625,2024-06-04,2024-06-04,1,12.2,6.1,367.0,2,1.0,0
E001012,Persian_Gulf,30.418846666666667,45.269394999999996,2024-06-05,2024-06-05,1,18.16,3.026666666666667,335.49,6,1.0,0
E001013,Persian_Gulf,30.79073,44.580690000000004,2024-06-05,2024-06-05,1,2.33,1.165,310.26,2,1.0,0
E001014,Persian_Gulf,25.06641,56.24961,2024-06-05,2024-06-05,1,1.61,1.61,316.34,1,1.0,0
E001015,Persian_Gulf,25.44988,44.21202,2024-06-05,2024-06-05,1,2.25,2.25,310.88,1,1.0,0
E001016,Persian_Gulf,28.04921,53.43091,2024-06-06,2024-06-06,1,1.36,1.36,311.94,1,1.0,0
E001017,Persian_Gulf,30.86754833333333,50.47949750000001,2024-06-07,2024-06-27,21,219.67,18.305833333333332,367.0,12,0.16666666666666666,0
E001018,Persian_Gulf,28.983044999999997,54.231395,2024-06-07,2024-06-17,11,2.79,1.395,317.54,2,1.0,0
E001019,Persian_Gulf,31.256315,44.763814999999994,2024-06-07,2024-06-07,1,1.76,0.88,311.48,2,1.0,0
E001020,Persian_Gulf,31.532695,51.048005,2024-06-08,2024-06-21,14,8.36,2.09,332.32,4,0.75,0
E001021,Persian_Gulf,30.80155,47.55287,2024-06-08,2024-06-08,1,6.73,3.365,317.08,2,1.0,0
E001022,Persian_Gulf,31.773105,49.9847925,2024-06-09,2024-06-16,8,18.7,4.675,352.07,4,0.5,0
E001023,Persian_Gulf,28.88844,54.13697666666667,2024-06-09,2024-06-25,17,3.7700000000000005,1.2566666666666668,307.89,3,1.0,0
E001024,Persian_Gulf,28.03254,55.87062,2024-06-10,2024-06-10,1,20.05,20.05,367.0,1,0.0,0
E001025,Persian_Gulf,28.84636,50.89056,2024-06-10,2024-06-10,1,11.87,11.87,342.14,1,0.0,0
E001026,Persian_Gulf,29.91644,54.19049,2024-06-11,2024-06-11,1,0.68,0.68,302.92,1,1.0,0
E001027,Persian_Gulf,24.2095,55.03209,2024-06-11,2024-06-11,1,1.65,1.65,318.56,1,1.0,0
E001028,Persian_Gulf,31.55668,50.28934,2024-06-12,2024-06-12,1,1.39,1.39,306.33,1,1.0,0
E001029,Persian_Gulf,31.64673,50.26699,2024-06-13,2024-06-13,1,8.63,8.63,350.57,1,0.0,0
E001030,Persian_Gulf,32.28326,49.55339,2024-06-13,2024-06-13,1,1.23,1.23,303.16,1,1.0,0
E001031,Persian_Gulf,28.944956,53.663726,2024-06-13,2024-06-24,12,9.96,1.9920000000000002,338.43,5,1.0,0
E001032,Persian_Gulf,32.3367,46.72075,2024-06-14,2024-06-14,1,2.27,2.27,310.36,1,1.0,0
E001033,Persian_Gulf,25.847655,44.151705,2024-06-14,2024-06-14,1,4.59,2.295,323.24,2,1.0,0
E001034,Persian_Gulf,32.69639,51.784625000000005,2024-06-15,2024-06-27,13,8.64,4.32,333.76,2,0.5,0
E001035,Persian_Gulf,24.480246,55.585426,2024-06-15,2024-06-15,1,13.09,2.618,334.19,5,1.0,0
E001036,Persian_Gulf,29.775313333333333,53.249766666666666,2024-06-15,2024-06-28,14,8.63,2.876666666666667,330.55,3,1.0,0
E001037,Persian_Gulf,27.564515,56.446794999999995,2024-06-15,2024-06-15,1,6.029999999999999,3.0149999999999997,314.5,2,1.0,0
E001038,Persian_Gulf,29.009432500000003,52.947657500000005,2024-06-15,2024-06-15,1,3.7600000000000002,0.9400000000000001,311.22,4,1.0,0
E001039,Persian_Gulf,25.239713846153847,51.01112153846154,2024-06-16,2024-06-16,1,46.35,3.5653846153846156,356.74,13,0.0,0
E001040,Persian_Gulf,32.2237,50.54439,2024-06-16,2024-06-16,1,0.27,0.27,296.0,1,1.0,0
E001041,Persian_Gulf,28.25506,46.2471,2024-06-16,2024-06-16,1,2.89,2.89,326.85,1,1.0,0
E001042,Persian_Gulf,28.937416666666667,54.010439999999996,2024-06-16,2024-06-16,1,21.48,7.16,347.67,3,1.0,0
E001043,Persian_Gulf,29.6242575,53.1289125,2024-06-16,2024-06-28,13,3.0,0.75,309.59,4,1.0,0
E001044,Persian_Gulf,24.6015,47.07521,2024-06-16,2024-06-16,1,1.07,1.07,308.54,1,1.0,0
E001045,Persian_Gulf,32.3077,47.1496,2024-06-17,2024-06-17,1,2.83,2.83,318.91,1,1.0,0
E001046,Persian_Gulf,30.21686,53.192679999999996,2024-06-17,2024-06-17,1,11.78,5.89,333.15,2,1.0,0
E001047,Persian_Gulf,27.61001,47.02151,2024-06-18,2024-06-18,1,2.97,2.97,352.94,1,0.0,0
E001048,Persian_Gulf,25.39341,49.62788,2024-06-19,2024-06-19,1,4.47,4.47,341.36,1,0.0,0
E001049,Persian_Gulf,29.30778,55.55737,2024-06-19,2024-06-19,1,1.74,1.74,304.83,1,1.0,0
E001050,Persian_Gulf,31.09359,50.89953,2024-06-19,2024-06-19,1,1.03,1.03,302.15,1,1.0,0
E001051,Persian_Gulf,31.509905,50.78722,2024-06-19,2024-06-21,3,17.340000000000003,8.670000000000002,349.03,2,0.5,0
E001052,Persian_Gulf,31.916165,46.046944999999994,2024-06-19,2024-06-19,1,4.97,2.485,320.86,2,1.0,0
E001053,Persian_Gulf,31.842523333333332,46.79749999999999,2024-06-20,2024-06-21,2,3.42,1.14,314.88,3,1.0,0
E001054,Persian_Gulf,28.01107,55.76622,2024-06-21,2024-06-21,1,5.34,5.34,354.71,1,0.0,0
E001055,Persian_Gulf,32.9063,47.55055,2024-06-21,2024-06-21,1,2.84,2.84,323.51,1,1.0,0
E001056,Persian_Gulf,26.98533,49.31279,2024-06-22,2024-06-22,1,22.97,22.97,367.0,1,0.0,0
E001057,Persian_Gulf,32.786635555555556,46.148151111111105,2024-06-22,2024-06-25,4,52.67,5.852222222222222,355.93,9,1.0,0
E001058,Persian_Gulf,28.68534,52.67904,2024-06-22,2024-06-22,1,2.08,1.04,314.31,2,1.0,0
E001059,Persian_Gulf,29.21512125,53.88472125,2024-06-22,2024-06-29,8,17.990000000000002,2.2487500000000002,338.6,8,1.0,0
E001060,Persian_Gulf,29.80362,56.41223,2024-06-22,2024-06-22,1,0.14,0.14,296.19,1,1.0,0
E001061,Persian_Gulf,24.75869,46.67765,2024-06-22,2024-06-22,1,1.42,1.42,316.32,1,1.0,0
E001062,Persian_Gulf,32.435410000000005,43.943265,2024-06-24,2024-06-24,1,20.92,10.46,367.0,2,0.0,0
E001063,Persian_Gulf,32.64751,45.63482,2024-06-24,2024-06-24,1,4.26,2.13,326.41,2,1.0,0
E001064,Persian_Gulf,27.4581,53.85025,2024-06-25,2024-06-25,1,3.65,3.65,333.46,1,1.0,0
E001065,Persian_Gulf,30.76161,53.16728,2024-06-26,2024-06-26,1,34.03,34.03,347.08,1,0.0,0
E001066,Persian_Gulf,31.766581000000002,50.592502999999994,2024-06-26,2024-06-26,1,14.5,1.45,323.7,10,1.0,0
E001067,Persian_Gulf,32.4032,50.54648,2024-06-26,2024-06-26,1,1.01,1.01,308.22,1,1.0,0
E001068,Persian_Gulf,24.99002,46.55901,2024-06-26,2024-06-26,1,1.37,1.37,320.11,1,1.0,0
E001069,Persian_Gulf,32.07488,50.85617,2024-06-27,2024-06-27,1,11.77,11.77,350.29,1,0.0,0
E001070,Persian_Gulf,29.900077500000002,51.1226125,2024-06-27,2024-06-29,3,8.11,2.0275,332.51,4,1.0,0
E001071,Persian_Gulf,32.68287,43.09305,2024-06-27,2024-06-27,1,0.19,0.19,311.5,1,1.0,0
E001072,Persian_Gulf,30.33265,45.11,2024-06-27,2024-06-27,1,1.35,1.35,310.68,1,1.0,0
E001073,Persian_Gulf,32.816305,51.85339,2024-06-28,2024-06-29,2,8.7,4.35,345.44,2,1.0,0
E001074,Persian_Gulf,32.82268,49.84202,2024-06-29,2024-06-29,1,10.99,10.99,367.0,1,0.0,0
E001075,Persian_Gulf,32.42792,46.72385,2024-06-29,2024-06-29,1,13.23,13.23,367.0,1,0.0,0
E001076,Persian_Gulf,32.50822,46.57672,2024-06-29,2024-06-29,1,5.85,5.85,347.31,1,0.0,0
E001077,Persian_Gulf,25.541615,44.439885000000004,2024-06-29,2024-06-29,1,25.53,12.765,367.0,2,0.0,0
E001078,Persian_Gulf,25.94996,43.75884,2024-06-29,2024-06-29,1,0.71,0.71,344.68,1,0.0,0
E001079,Persian_Gulf,29.79046,53.737245,2024-06-29,2024-06-29,1,1.81,0.905,312.26,2,1.0,0
E001080,Persian_Gulf,31.04902,46.47295,2024-06-29,2024-06-29,1,5.62,2.81,315.79,2,1.0,0
E001081,Persian_Gulf,26.627446666666668,49.68548333333334,2024-06-29,2024-06-29,1,6.819999999999999,2.273333333333333,336.83,3,1.0,0
E001082,Persian_Gulf,31.87563,46.59351,2024-06-30,2024-06-30,1,2.34,2.34,309.23,1,1.0,0
E001083,Persian_Gulf,28.62747,48.06532,2024-06-30,2024-06-30,1,1.79,1.79,313.51,1,1.0,0
E001084,Red_Sea_Yemen,13.04163955454847,36.33864224641686,2024-01-01,2024-06-30,182,223073.84,8.219072252312,367.0,27141,0.3519767141962345,1
E001085,Red_Sea_Yemen,12.140852666666667,41.71621133333334,2024-01-01,2024-01-06,6,140.92000000000002,9.394666666666668,350.07,15,0.2,0
E001086,Red_Sea_Yemen,12.680896444444445,32.626066,2024-01-01,2024-06-18,170,321.41999999999996,7.142666666666666,367.0,45,0.4,1
E001087,Red_Sea_Yemen,12.84896,32.02185,2024-01-01,2024-01-01,1,2.7,2.7,339.42,1,0.0,0
E001088,Red_Sea_Yemen,17.28238678100264,42.40370853122252,2024-01-01,2024-06-30,182,7906.67,6.953975373790677,367.0,1137,0.6895338610378188,1
E001089,Red_Sea_Yemen,18.244952884615383,42.576843269230764,2024-01-01,2024-06-27,179,41.25,0.7932692307692307,312.01,52,1.0,1
E001090,Red_Sea_Yemen,19.289032826086956,41.74390847826086,2024-01-01,2024-06-20,172,171.99,1.8694565217391306,320.26,92,1.0,1
E001091,Red_Sea_Yemen,19.519513103448272,42.53680441379311,2024-01-01,2024-06-30,182,179.54,1.2382068965517241,324.98,145,1.0,1
E001092,Red_Sea_Yemen,20.7154781300813,39.82634780487805,2024-01-01,2024-06-30,182,176.82000000000002,1.4375609756097563,318.82,123,1.0,1
E001093,Red_Sea_Yemen,16.134618374384235,32.68539463054187,2024-01-01,2024-06-29,181,1397.1599999999999,6.8825615763546795,367.0,203,0.8571428571428571,1
E001094,Red_Sea_Yemen,13.569592325581397,39.47423395348837,2024-01-01,2024-05-28,149,43.82,1.0190697674418605,316.51,43,1.0,1
E001095,Red_Sea_Yemen,13.603634689655172,40.66255272413793,2024-01-01,2024-06-30,182,3928.28,13.545793103448277,367.0,290,0.8310344827586207,1
E001096,Red_Sea_Yemen,14.30653426183844,32.85764167130919,2024-01-01,2024-06-26,178,2169.43,6.0429805013927576,367.0,359,0.5431754874651811,1
E001097,Red_Sea_Yemen,13.72386674418604,33.48422232558139,2024-01-02,2024-06-24,175,414.1700000000001,4.815930232558141,367.0,86,0.5465116279069767,1
E001098,Red_Sea_Yemen,17.17857,42.80513222222223,2024-01-02,2024-06-21,172,13.04,1.448888888888889,322.29,9,1.0,1
E001099,Red_Sea_Yemen,17.44157,42.744765,2024-01-02,2024-06-17,168,20.279999999999998,2.0279999999999996,344.49,10,0.9,1
E001100,Red_Sea_Yemen,14.896103414634142,33.16945487804878,2024-01-02,2024-06-29,180,858.48,10.469268292682926,367.0,82,0.2073170731707317,1
E001101,Red_Sea_Yemen,12.05369,38.8172,2024-01-03,2024-01-03,1,11.95,11.95,367.0,1,0.0,0
E001102,Red_Sea_Yemen,13.170727887931035,32.946984655172415,2024-01-03,2024-06-23,173,3830.5699999999997,16.511077586206895,367.0,232,0.38362068965517243,1
E001103,Red_Sea_Yemen,15.586039925373136,32.55491537313433,2024-01-03,2024-06-30,180,531.8500000000001,3.96902985074627,367.0,134,0.7164179104477612,1
E001104,Red_Sea_Yemen,16.9323553125,42.63419864583333,2024-01-03,2024-06-26,176,200.67,2.0903125,331.82,96,0.9895833333333334,1
E001105,Red_Sea_Yemen,17.29726,42.573814000000006,2024-01-03,2024-06-16,166,15.66,3.132,338.08,5,0.8,1
E001106,Red_Sea_Yemen,13.13625,40.12688,2024-01-04,2024-01-04,1,7.99,7.99,351.65,1,0.0,0
E001107,Red_Sea_Yemen,14.18359,38.14769,2024-01-04,2024-01-04,1,2.41,2.41,342.34,1,0.0,0
E001108,Red_Sea_Yemen,14.888294000000002,42.968398,2024-01-04,2024-06-04,153,23.88,4.776,347.24,5,0.4,1
E001109,Red_Sea_Yemen,12.142217607655502,32.594703923444975,2024-01-04,2024-06-28,177,1943.71,9.300047846889953,367.0,209,0.3588516746411483,1
E001110,Red_Sea_Yemen,13.228326666666668,33.59491666666667,2024-01-04,2024-01-26,23,7.029999999999999,1.1716666666666666,323.67,6,1.0,0
E001111,Red_Sea_Yemen,12.952434,37.861058,2024-01-05,2024-04-25,112,50.989999999999995,10.197999999999999,349.64,5,0.0,1
E001112,Red_Sea_Yemen,17.558511666666664,34.01909833333333,2024-01-05,2024-04-29,116,28.57,4.761666666666667,367.0,6,0.16666666666666666,1
E001113,Red_Sea_Yemen,12.683910238095239,33.042608333333334,2024-01-06,2024-05-19,135,246.60000000000002,5.871428571428572,367.0,42,0.2619047619047619,1
E001114,Red_Sea_Yemen,14.92298,43.3191,2024-01-06,2024-01-06,1,6.86,6.86,340.07,1,0.0,0
E001115,Red_Sea_Yemen,14.886938888888888,37.89831,2024-01-06,2024-04-22,108,295.12,32.791111111111114,356.9,9,0.2222222222222222,1
E001116,Red_Sea_Yemen,15.071190000000001,43.282295000000005,2024-01-06,2024-02-13,39,1.3,0.65,304.61,2,1.0,1
E001117,Red_Sea_Yemen,15.841724794520546,36.248199041095894,2024-01-06,2024-06-30,177,1021.7500000000001,13.996575342465755,367.0,73,0.1780821917808219,1
E001118,Red_Sea_Yemen,15.539617752808988,35.51159449438202,2024-01-06,2024-06-30,177,684.9700000000001,7.696292134831462,367.0,89,0.449438202247191,1
E001119,Red_Sea_Yemen,13.80719,32.567674999999994,2024-01-07,2024-01-08,2,31.01,15.505,367.0,2,0.0,0
E001120,Red_Sea_Yemen,14.190506666666664,34.74361833333334,2024-01-07,2024-02-01,26,93.30999999999999,15.551666666666664,367.0,6,0.0,1
E001121,Red_Sea_Yemen,18.87221,33.52865,2024-01-07,2024-01-07,1,5.69,5.69,340.18,1,0.0,0
E001122,Red_Sea_Yemen,20.763278423423422,39.59630617117117,2024-01-07,2024-06-28,174,1036.93,4.670855855855856,367.0,222,0.1036036036036036,1
E001123,Red_Sea_Yemen,15.08803,43.04626,2024-01-07,2024-01-07,1,0.61,0.61,303.92,1,1.0,0
E001124,Red_Sea_Yemen,15.651834782608697,43.922313478260875,2024-01-07,2024-06-17,163,13.770000000000001,0.5986956521739131,302.29,23,1.0,1
E001125,Red_Sea_Yemen,12.847619166666666,33.57578666666667,2024-01-08,2024-05-05,119,79.74999999999999,6.645833333333332,356.29,12,0.25,1
E001126,Red_Sea_Yemen,14.2286096875,35.2014825,2024-01-08,2024-05-10,124,143.22,4.475625,367.0,32,0.5,1
E001127,Red_Sea_Yemen,12.712036249999999,40.272549999999995,2024-01-10,2024-03-05,56,64.06,8.0075,349.14,8,0.0,1
E001128,Red_Sea_Yemen,16.04252,37.37505,2024-01-10,2024-04-05,87,17.509999999999998,5.836666666666666,346.72,3,0.6666666666666666,1
E001129,Red_Sea_Yemen,16.193385,36.314495,2024-01-10,2024-02-01,23,8.21,4.105,343.39,2,0.0,1
E001130,Red_Sea_Yemen,17.008185,33.69424,2024-01-10,2024-02-20,42,7.92,3.96,341.59,2,0.0,1
E001131,Red_Sea_Yemen,12.370145555555558,41.386294444444445,2024-01-10,2024-01-12,3,35.32,3.9244444444444446,367.0,9,0.6666666666666666,0
E001132,Red_Sea_Yemen,12.393822,32.92966,2024-01-10,2024-04-16,98,11.899999999999999,2.38,351.24,5,0.4,1
E001133,Red_Sea_Yemen,14.47168,34.53867,2024-01-11,2024-01-11,1,6.83,6.83,347.29,1,0.0,0
E001134,Red_Sea_Yemen,15.372555,37.441535,2024-01-11,2024-04-10,91,14.969999999999999,7.484999999999999,355.53,2,0.5,1
E001135,Red_Sea_Yemen,16.3162,33.80051,2024-01-11,2024-01-11,1,2.32,2.32,338.7,1,0.0,0
E001136,Red_Sea_Yemen,13.770540000000002,38.76614333333333,2024-01-11,2024-05-23,134,6.5,2.1666666666666665,346.66,3,0.6666666666666666,1
E001137,Red_Sea_Yemen,17.4250925,42.562852500000005,2024-01-12,2024-06-22,163,12.86,1.6075,336.21,8,0.875,1
E001138,Red_Sea_Yemen,18.60995,42.48667,2024-01-13,2024-01-13,1,2.95,2.95,334.02,1,0.0,0
E001139,Red_Sea_Yemen,16.73609324324324,43.05072675675675,2024-01-13,2024-06-20,160,63.29,1.7105405405405405,321.11,37,1.0,1
E001140,Red_Sea_Yemen,20.00929,42.18797,2024-01-14,2024-01-14,1,1.64,1.64,316.21,1,1.0,0
E001141,Red_Sea_Yemen,14.272187500000001,33.95901916666667,2024-01-15,2024-05-08,115,28.07,2.339166666666667,355.67,12,0.5833333333333334,1
E001142,Red_Sea_Yemen,16.658,33.42796,2024-01-15,2024-01-15,1,2.22,2.22,336.19,1,0.0,0
E001143,Red_Sea_Yemen,13.62612,33.92207,2024-01-16,2024-03-14,59,6.05,3.025,339.09,2,0.5,1
E001144,Red_Sea_Yemen,14.9154825,36.37042,2024-01-16,2024-04-02,78,14.89,3.7225,352.43,4,0.5,1
E001145,Red_Sea_Yemen,12.486741875,32.129338125000004,2024-01-17,2024-05-03,108,29.669999999999998,1.8543749999999999,344.42,16,0.75,1
E001146,Red_Sea_Yemen,13.70429,34.67795,2024-01-17,2024-01-17,1,1.95,1.95,337.73,1,0.0,0
E001147,Red_Sea_Yemen,20.10742,40.37242,2024-01-17,2024-01-17,1,5.01,5.01,338.32,1,0.0,0
E001148,Red_Sea_Yemen,12.283434,38.525874,2024-01-17,2024-02-29,44,3.29,0.658,307.12,5,1.0,1
E001149,Red_Sea_Yemen,13.764335833333334,33.75885833333333,2024-01-17,2024-03-23,67,82.98,6.915,349.58,12,0.75,1
E001150,Red_Sea_Yemen,15.23218,33.29106,2024-01-18,2024-01-18,1,1.62,1.62,333.51,1,0.0,0
E001151,Red_Sea_Yemen,17.578452,42.666315999999995,2024-01-18,2024-06-19,154,11.35,2.27,338.95,5,0.8,1
E001152,Red_Sea_Yemen,13.21665,32.49514,2024-01-18,2024-01-18,1,1.44,1.44,311.2,1,1.0,0
E001153,Red_Sea_Yemen,16.44498,37.48949,2024-01-21,2024-01-21,1,7.35,7.35,341.07,1,0.0,0
E001154,Red_Sea_Yemen,19.217405,41.52297,2024-01-21,2024-05-21,122,10.8,5.4,367.0,2,0.5,1
E001155,Red_Sea_Yemen,18.90815,42.479315,2024-01-22,2024-01-22,1,19.18,9.59,345.59,2,0.5,0
E001156,Red_Sea_Yemen,19.61101,42.2977575,2024-01-22,2024-04-19,89,2.9200000000000004,0.7300000000000001,312.99,4,1.0,1
E001157,Red_Sea_Yemen,12.72167,32.00911,2024-01-22,2024-01-22,1,3.08,1.54,328.22,2,1.0,0
E001158,Red_Sea_Yemen,14.404205319148936,38.45145978723404,2024-01-23,2024-06-13,143,242.13,5.151702127659575,367.0,47,0.7446808510638298,1
E001159,Red_Sea_Yemen,14.56513,36.75988,2024-01-23,2024-01-23,1,0.43,0.43,301.39,1,1.0,0
E001160,Red_Sea_Yemen,14.13243857142857,33.55038095238095,2024-01-24,2024-06-24,153,175.21000000000004,8.343333333333335,367.0,21,0.2857142857142857,1
E001161,Red_Sea_Yemen,15.21348888888889,33.05527,2024-01-24,2024-05-20,118,93.68,10.408888888888889,367.0,9,0.0,1
E001162,Red_Sea_Yemen,13.01105,33.6895,2024-01-26,2024-01-26,1,1.7,1.7,337.03,1,0.0,0
E001163,Red_Sea_Yemen,14.550715,32.171617499999996,2024-01-26,2024-06-26,153,18.31,4.5775,352.75,4,0.0,1
E001164,Red_Sea_Yemen,13.792379642857142,34.124121071428576,2024-01-26,2024-06-27,154,192.95999999999998,3.4457142857142853,367.0,56,0.625,1
E001165,Red_Sea_Yemen,14.03868,34.61262,2024-01-27,2024-01-27,1,2.21,2.21,337.86,1,0.0,0
E001166,Red_Sea_Yemen,14.76369,35.97635,2024-01-27,2024-01-27,1,9.55,9.55,348.1,1,0.0,0
E001167,Red_Sea_Yemen,16.97224,43.01746,2024-01-27,2024-01-27,1,0.58,0.58,295.42,1,1.0,0
E001168,Red_Sea_Yemen,14.956714999999999,35.331295,2024-01-27,2024-05-03,98,1.09,0.545,355.22,2,0.5,1
E001169,Red_Sea_Yemen,15.856673333333333,35.29716333333334,2024-01-27,2024-04-04,69,1.49,0.49666666666666665,307.17,3,1.0,1
E001170,Red_Sea_Yemen,13.341723333333334,43.256233333333334,2024-01-28,2024-04-22,86,7.89,2.63,343.76,3,0.0,1
E001171,Red_Sea_Yemen,14.122930000000002,37.85578399999999,2024-01-28,2024-05-27,121,24.209999999999997,4.842,342.56,5,0.0,1
E001172,Red_Sea_Yemen,13.42187,32.79884,2024-01-29,2024-01-29,1,3.85,3.85,348.87,1,0.0,0
E001173,Red_Sea_Yemen,12.40501,39.58669,2024-02-01,2024-02-01,1,4.41,4.41,331.42,1,0.0,1
E001174,Red_Sea_Yemen,17.703885,37.47571,2024-02-01,2024-06-09,130,3.16,1.58,335.25,2,0.5,1
E001175,Red_Sea_Yemen,15.76903,32.29014,2024-02-01,2024-02-01,1,1.34,1.34,315.92,1,1.0,1
E001176,Red_Sea_Yemen,15.919147999999998,35.481773999999994,2024-02-01,2024-05-06,96,115.06,23.012,367.0,5,0.6,1
E001177,Red_Sea_Yemen,14.657376666666666,32.22787333333333,2024-02-01,2024-02-29,29,26.51,8.836666666666668,352.77,3,0.6666666666666666,1
E001178,Red_Sea_Yemen,19.81183,37.04005,2024-02-03,2024-02-03,1,1.38,1.38,331.83,1,0.0,1
E001179,Red_Sea_Yemen,14.664985000000001,36.75798,2024-02-04,2024-02-04,1,14.11,7.055,352.42,2,0.0,1
E001180,Red_Sea_Yemen,12.53248,33.068695,2024-02-05,2024-02-05,1,2.48,1.24,319.39,2,1.0,1
E001181,Red_Sea_Yemen,14.71236,34.69093,2024-02-05,2024-02-05,1,0.83,0.83,302.57,1,1.0,1
E001182,Red_Sea_Yemen,13.532455714285714,34.55406571428572,2024-02-06,2024-04-25,80,82.13999999999999,11.734285714285713,367.0,7,0.42857142857142855,1
E001183,Red_Sea_Yemen,17.737673000000004,34.04873100000001,2024-02-06,2024-05-02,87,886.5600000000001,88.656,367.0,10,0.1,1
E001184,Red_Sea_Yemen,18.255350000000004,33.93060666666667,2024-02-06,2024-04-24,79,24.23,8.076666666666666,352.27,3,0.3333333333333333,1
E001185,Red_Sea_Yemen,18.63356,41.40035,2024-02-06,2024-02-06,1,3.51,3.51,338.13,1,0.0,1
E001186,Red_Sea_Yemen,17.15771,42.50003,2024-02-06,2024-02-06,1,0.48,0.48,300.05,1,1.0,1
E001187,Red_Sea_Yemen,16.603299999999997,37.366935,2024-02-07,2024-06-29,144,9.370000000000001,4.6850000000000005,349.57,2,0.5,1
E001188,Red_Sea_Yemen,16.726215,42.801095000000004,2024-02-07,2024-02-08,2,18.23,9.115,347.86,2,0.5,1
E001189,Red_Sea_Yemen,12.34069,42.460100000000004,2024-02-07,2024-05-10,94,17.64,5.88,336.23,3,0.6666666666666666,1
E001190,Red_Sea_Yemen,17.32605,37.49889,2024-02-08,2024-02-08,1,2.68,2.68,324.15,1,1.0,1
E001191,Red_Sea_Yemen,19.58233,42.07563,2024-02-08,2024-02-08,1,0.34,0.34,295.71,1,1.0,1
E001192,Red_Sea_Yemen,14.70128,33.18603,2024-02-10,2024-02-10,1,7.87,7.87,345.65,1,0.0,1
E001193,Red_Sea_Yemen,16.70646,43.62567,2024-02-10,2024-02-10,1,2.16,2.16,327.25,1,1.0,1
E001194,Red_Sea_Yemen,19.960935,40.600274999999996,2024-02-11,2024-02-11,1,2.9299999999999997,1.4649999999999999,308.69,2,1.0,1
E001195,Red_Sea_Yemen,12.214965,32.24384,2024-02-12,2024-02-19,8,9.45,4.725,367.0,2,0.0,1
E001196,Red_Sea_Yemen,13.887129999999999,38.87198333333334,2024-02-12,2024-05-14,93,52.17,8.695,354.95,6,0.0,1
E001197,Red_Sea_Yemen,18.3705825,42.7356175,2024-02-12,2024-02-13,2,12.360000000000001,3.0900000000000003,351.18,4,0.5,1
E001198,Red_Sea_Yemen,13.91014,32.90972,2024-02-12,2024-03-20,38,1.5899999999999999,0.7949999999999999,308.4,2,1.0,1
E001199,Red_Sea_Yemen,13.535,39.299225,2024-02-13,2024-02-26,14,7.75,3.875,352.18,2,0.0,1
E001200,Red_Sea_Yemen,14.988993333333333,42.924839999999996,2024-02-13,2024-02-13,1,15.73,5.243333333333333,351.04,3,0.0,1
E001201,Red_Sea_Yemen,14.074882857142857,32.47227142857143,2024-02-13,2024-06-11,120,29.22,4.174285714285714,355.8,7,0.7142857142857143,1
E001202,Red_Sea_Yemen,18.337868979591835,37.86181530612245,2024-02-16,2024-06-23,129,342.69,6.993673469387755,367.0,49,0.0,1
E001203,Red_Sea_Yemen,19.258732000000002,42.53989800000001,2024-02-16,2024-02-16,1,45.78,9.156,367.0,5,0.0,1
E001204,Red_Sea_Yemen,12.47803,32.359795000000005,2024-02-17,2024-05-03,77,24.729999999999997,12.364999999999998,367.0,2,0.0,1
E001205,Red_Sea_Yemen,18.568395000000002,41.81813,2024-02-17,2024-05-13,87,19.65,4.9125,340.81,4,0.5,1
E001206,Red_Sea_Yemen,19.46782,41.63528,2024-02-18,2024-02-18,1,3.51,3.51,339.35,1,0.0,1
E001207,Red_Sea_Yemen,20.0901,41.88004,2024-02-18,2024-02-18,1,2.94,2.94,340.7,1,0.0,1
E001208,Red_Sea_Yemen,19.42725,33.36801,2024-02-18,2024-02-18,1,14.63,14.63,355.87,1,0.0,1
E001209,Red_Sea_Yemen,15.345437999999998,38.968461000000005,2024-02-19,2024-05-01,73,50.730000000000004,5.073,352.24,10,0.6,1
E001210,Red_Sea_Yemen,19.03237,42.51751,2024-02-19,2024-02-19,1,0.58,0.58,298.82,1,1.0,1
E001211,Red_Sea_Yemen,20.600745,41.30306,2024-02-19,2024-02-19,1,28.380000000000003,14.190000000000001,330.2,2,1.0,1
E001212,Red_Sea_Yemen,20.16146,40.29086,2024-02-20,2024-02-20,1,4.32,4.32,347.36,1,0.0,1
E001213,Red_Sea_Yemen,13.104610000000001,33.4880075,2024-02-20,2024-03-26,36,10.85,2.7125,352.65,4,0.75,1
E001214,Red_Sea_Yemen,14.79739,36.29107,2024-02-20,2024-02-20,1,2.06,2.06,348.88,1,0.0,1
E001215,Red_Sea_Yemen,17.43849,33.85042,2024-02-21,2024-02-21,1,4.56,4.56,339.45,1,0.0,1
E001216,Red_Sea_Yemen,12.28783,37.837239999999994,2024-02-22,2024-04-02,41,10.89,5.445,338.97,2,0.0,1
E001217,Red_Sea_Yemen,12.86194380952381,40.329575238095245,2024-02-22,2024-06-16,116,363.67,17.317619047619047,356.43,21,0.23809523809523808,1
E001218,Red_Sea_Yemen,17.90625,43.28852,2024-02-22,2024-02-22,1,4.39,4.39,338.43,1,0.0,1
E001219,Red_Sea_Yemen,13.16472,32.05875,2024-02-23,2024-02-23,1,1.39,1.39,336.18,1,0.0,1
E001220,Red_Sea_Yemen,18.71754,42.75377,2024-02-24,2024-02-24,1,6.06,6.06,349.6,1,0.0,1
E001221,Red_Sea_Yemen,19.40225,35.79894,2024-02-24,2024-05-06,73,9.5,4.75,353.63,2,0.0,1
E001222,Red_Sea_Yemen,18.286006666666665,41.65400833333334,2024-02-24,2024-06-18,116,22.16,3.6933333333333334,336.08,6,0.6666666666666666,1
E001223,Red_Sea_Yemen,12.15936,39.99859,2024-02-24,2024-02-24,1,0.6,0.6,307.97,1,1.0,1
E001224,Red_Sea_Yemen,17.227085000000002,33.73677,2024-02-25,2024-04-26,62,3.4699999999999998,1.7349999999999999,336.46,2,0.5,1
E001225,Red_Sea_Yemen,13.337606666666668,33.28446666666667,2024-02-26,2024-03-02,6,59.49,19.830000000000002,355.76,3,0.0,1
E001226,Red_Sea_Yemen,18.78812,41.96477,2024-02-26,2024-02-26,1,3.51,3.51,335.15,1,1.0,1
E001227,Red_Sea_Yemen,15.008915454545456,36.21403727272727,2024-02-26,2024-05-21,86,71.99999999999999,6.545454545454544,355.0,11,0.5454545454545454,1
E001228,Red_Sea_Yemen,14.35099,35.39973,2024-02-27,2024-02-27,1,6.12,6.12,350.55,1,0.0,1
E001229,Red_Sea_Yemen,14.739547499999999,38.03781,2024-02-27,2024-06-05,100,45.6,11.4,367.0,4,0.0,1
E001230,Red_Sea_Yemen,16.15875,36.20926,2024-02-27,2024-02-27,1,0.7,0.7,297.46,1,1.0,1
E001231,Red_Sea_Yemen,12.74775,33.455725,2024-02-28,2024-03-10,12,9.18,4.59,355.39,2,0.0,1
E001232,Red_Sea_Yemen,16.44512,37.94237,2024-02-28,2024-02-28,1,0.28,0.28,301.71,1,1.0,1
E001233,Red_Sea_Yemen,14.64568,43.66956,2024-02-29,2024-02-29,1,4.65,4.65,347.51,1,0.0,1
E001234,Red_Sea_Yemen,18.00067,43.44092,2024-02-29,2024-02-29,1,2.2,2.2,338.72,1,0.0,1
E001235,Red_Sea_Yemen,17.42368666666667,34.10246,2024-02-29,2024-05-08,70,70.28,23.426666666666666,367.0,3,0.0,1
E001236,Red_Sea_Yemen,12.0502,38.48832,2024-02-29,2024-02-29,1,0.62,0.62,301.77,1,1.0,1
E001237,Red_Sea_Yemen,19.313823333333332,41.61924333333334,2024-03-03,2024-04-08,37,6.47,2.1566666666666667,335.73,3,0.3333333333333333,1
E001238,Red_Sea_Yemen,14.51069,33.436642,2024-03-03,2024-05-09,68,34.54,6.9079999999999995,347.77,5,0.6,1
E001239,Red_Sea_Yemen,17.72402,38.0628,2024-03-04,2024-03-04,1,0.65,0.65,307.78,1,1.0,0
E001240,Red_Sea_Yemen,14.21432,34.25011,2024-03-04,2024-03-04,1,0.55,0.55,300.51,1,1.0,0
E001241,Red_Sea_Yemen,13.877780000000001,43.914935,2024-03-05,2024-06-09,97,12.08,6.04,344.24,2,0.0,1
E001242,Red_Sea_Yemen,14.19376,43.09339,2024-03-05,2024-03-05,1,9.75,9.75,338.73,1,0.0,0
E001243,Red_Sea_Yemen,15.05654,43.67286,2024-03-05,2024-06-09,97,7.630000000000001,3.8150000000000004,342.78,2,0.0,1
E001244,Red_Sea_Yemen,12.153500000000001,32.067535,2024-03-05,2024-03-11,7,13.64,3.41,367.0,4,0.75,0
E001245,Red_Sea_Yemen,12.0336,42.27526,2024-03-06,2024-03-06,1,3.26,3.26,345.71,1,0.0,0
E001246,Red_Sea_Yemen,13.63607,38.73128,2024-03-07,2024-03-07,1,3.65,3.65,336.58,1,0.0,0
E001247,Red_Sea_Yemen,14.29586,33.85225,2024-03-07,2024-03-07,1,6.43,6.43,352.19,1,0.0,0
E001248,Red_Sea_Yemen,15.21796882352941,35.71039,2024-03-08,2024-06-23,108,59.46,3.4976470588235293,367.0,17,0.35294117647058826,1
E001249,Red_Sea_Yemen,14.301369999999999,32.159310000000005,2024-03-08,2024-05-28,82,73.1,18.275,367.0,4,0.5,1
E001250,Red_Sea_Yemen,14.1362,38.77834,2024-03-09,2024-03-09,1,11.98,11.98,346.9,1,0.0,0
E001251,Red_Sea_Yemen,19.102905,41.896114999999995,2024-03-09,2024-06-21,105,14.120000000000001,7.0600000000000005,346.44,2,0.0,1
E001252,Red_Sea_Yemen,18.508565,42.33167,2024-03-09,2024-03-09,1,2.3899999999999997,1.1949999999999998,304.36,2,1.0,0
E001253,Red_Sea_Yemen,13.641026666666667,34.46854666666667,2024-03-09,2024-05-07,60,17.78,5.926666666666667,352.92,3,0.6666666666666666,1
E001254,Red_Sea_Yemen,14.602170000000001,37.15656,2024-03-09,2024-03-09,1,3.3500000000000005,1.6750000000000003,314.97,2,1.0,0
E001255,Red_Sea_Yemen,13.7177425,32.6256075,2024-03-10,2024-06-04,87,36.01,9.0025,353.87,4,0.0,1
E001256,Red_Sea_Yemen,17.18422,42.660465,2024-03-10,2024-04-28,50,8.74,4.37,347.26,2,0.5,1
E001257,Red_Sea_Yemen,18.92886,42.58856,2024-03-10,2024-03-10,1,5.1,5.1,349.55,1,0.0,0
E001258,Red_Sea_Yemen,19.71544,42.087419999999995,2024-03-10,2024-06-19,102,11.45,5.725,347.29,2,0.0,1
E001259,Red_Sea_Yemen,14.584405,35.686965,2024-03-11,2024-03-13,3,5.5,2.75,367.0,2,0.5,0
E001260,Red_Sea_Yemen,16.52443,42.80592,2024-03-11,2024-03-11,1,1.0,1.0,308.72,1,1.0,0
E001261,Red_Sea_Yemen,13.88784,34.393805,2024-03-11,2024-03-11,1,8.78,4.39,331.78,2,1.0,0
E001262,Red_Sea_Yemen,14.922486428571428,37.288767857142865,2024-03-13,2024-06-06,86,301.19,21.513571428571428,367.0,14,0.14285714285714285,1
E001263,Red_Sea_Yemen,18.8311,42.627925,2024-03-13,2024-03-13,1,2.85,1.425,313.01,2,1.0,0
E001264,Red_Sea_Yemen,15.571682499999998,37.675315,2024-03-16,2024-05-28,74,14.76,3.69,353.47,4,0.5,1
E001265,Red_Sea_Yemen,12.33151,40.25268,2024-03-18,2024-03-18,1,6.16,6.16,340.69,1,0.0,0
E001266,Red_Sea_Yemen,17.935751282051285,34.04469461538461,2024-03-19,2024-06-24,98,53.480000000000004,1.3712820512820514,319.2,39,1.0,1
E001267,Red_Sea_Yemen,12.66663,39.72589,2024-03-20,2024-03-20,1,9.53,9.53,343.34,1,0.0,0
E001268,Red_Sea_Yemen,20.27419,41.03264,2024-03-20,2024-03-20,1,8.87,8.87,343.35,1,0.0,0
E001269,Red_Sea_Yemen,12.9417,32.2124,2024-03-20,2024-03-20,1,0.51,0.51,303.21,1,1.0,0
E001270,Red_Sea_Yemen,17.037,42.72429,2024-03-21,2024-03-21,1,6.36,6.36,343.41,1,0.0,0
E001271,Red_Sea_Yemen,16.91524,37.10421,2024-03-21,2024-03-21,1,3.23,3.23,340.38,1,0.0,0
E001272,Red_Sea_Yemen,17.38999,34.411347142857146,2024-03-21,2024-04-28,39,57.65,8.235714285714286,352.82,7,0.2857142857142857,1
E001273,Red_Sea_Yemen,13.52899,33.72149,2024-03-22,2024-03-22,1,2.17,2.17,333.54,1,0.0,0
E001274,Red_Sea_Yemen,17.26908,36.6684,2024-03-22,2024-03-22,1,8.92,8.92,367.0,1,0.0,0
E001275,Red_Sea_Yemen,13.679086000000002,32.781141000000005,2024-03-22,2024-04-06,16,18.56,1.8559999999999999,343.96,10,1.0,0
E001276,Red_Sea_Yemen,16.96813,43.75416,2024-03-23,2024-03-23,1,0.51,0.51,297.98,1,1.0,0
E001277,Red_Sea_Yemen,19.500920000000004,37.17500666666666,2024-03-25,2024-06-23,91,11.93,1.9883333333333333,339.35,6,0.8333333333333334,1
E001278,Red_Sea_Yemen,16.02671,33.54428,2024-03-25,2024-03-25,1,0.5,0.5,303.84,1,1.0,0
E001279,Red_Sea_Yemen,14.200247999999998,33.008466,2024-03-26,2024-04-22,28,303.15000000000003,60.63000000000001,367.0,5,0.2,0
E001280,Red_Sea_Yemen,18.739385,33.588944999999995,2024-03-27,2024-05-24,59,21.27,10.635,353.68,2,0.5,1
E001281,Red_Sea_Yemen,15.59597,43.1104,2024-03-27,2024-03-27,1,0.55,0.55,306.34,1,1.0,0
E001282,Red_Sea_Yemen,14.75428,37.02472,2024-03-30,2024-03-30,1,0.55,0.55,302.4,1,1.0,0
E001283,Red_Sea_Yemen,12.29741,37.269795,2024-03-31,2024-05-06,37,7.33,3.665,341.56,2,0.5,1
E001284,Red_Sea_Yemen,15.948644999999999,32.578625,2024-03-31,2024-04-25,26,5.71,1.4275,333.49,4,1.0,0
E001285,Red_Sea_Yemen,14.869354000000001,32.795158,2024-04-01,2024-04-01,1,95.35999999999999,19.071999999999996,367.0,5,0.0,0
E001286,Red_Sea_Yemen,15.03922,38.11673,2024-04-01,2024-04-01,1,5.75,5.75,343.3,1,0.0,0
E001287,Red_Sea_Yemen,14.933145,35.510025,2024-04-01,2024-04-01,1,2.16,1.08,311.49,2,1.0,0
E001288,Red_Sea_Yemen,19.09866923076923,41.15483153846154,2024-04-02,2024-06-30,90,28.4,2.1846153846153844,313.42,13,1.0,1
E001289,Red_Sea_Yemen,16.52415,43.23343,2024-04-03,2024-04-03,1,6.640000000000001,3.3200000000000003,343.38,2,0.0,0
E001290,Red_Sea_Yemen,14.35073,40.30947,2024-04-03,2024-04-03,1,3.91,3.91,296.52,1,1.0,0
E001291,Red_Sea_Yemen,19.01453,41.37955,2024-04-04,2024-04-04,1,0.54,0.54,302.5,1,1.0,0
E001292,Red_Sea_Yemen,15.36198,43.25061,2024-04-07,2024-04-07,1,19.22,19.22,349.41,1,0.0,0
E001293,Red_Sea_Yemen,14.918635714285715,37.64613571428571,2024-04-08,2024-06-17,71,63.08,9.01142857142857,367.0,7,0.14285714285714285,1
E001294,Red_Sea_Yemen,14.600198461538461,35.167919999999995,2024-04-08,2024-04-10,3,12.84,0.9876923076923076,319.56,13,1.0,0
E001295,Red_Sea_Yemen,13.78558,32.83184,2024-04-09,2024-04-09,1,9.08,2.27,338.78,4,1.0,0
E001296,Red_Sea_Yemen,12.01392,32.18375,2024-04-09,2024-04-09,1,0.66,0.66,307.92,1,1.0,0
E001297,Red_Sea_Yemen,14.31218,38.29805,2024-04-09,2024-05-07,29,13.07,6.535,344.79,2,0.0,1
E001298,Red_Sea_Yemen,15.21002,37.22664,2024-04-09,2024-04-09,1,6.95,6.95,346.53,1,0.0,0
E001299,Red_Sea_Yemen,15.150363333333333,36.99727703703703,2024-04-09,2024-05-13,35,177.22,6.563703703703704,367.0,27,0.4074074074074074,1
E001300,Red_Sea_Yemen,17.70667,42.04149,2024-04-09,2024-04-09,1,3.73,3.73,337.06,1,0.0,0
E001301,Red_Sea_Yemen,14.71147,33.47926,2024-04-09,2024-04-09,1,0.53,0.53,305.06,1,1.0,0
E001302,Red_Sea_Yemen,19.63995,43.69428,2024-04-10,2024-04-10,1,0.37,0.37,301.34,1,1.0,0
E001303,Red_Sea_Yemen,15.100326666666668,35.260016666666665,2024-04-11,2024-06-15,66,2.95,0.9833333333333334,334.28,3,0.6666666666666666,1
E001304,Red_Sea_Yemen,12.01614,36.78866,2024-04-11,2024-04-11,1,1.5,1.5,318.47,1,1.0,0
E001305,Red_Sea_Yemen,12.024059999999999,38.289386666666665,2024-04-12,2024-04-17,6,7.26,2.42,350.74,3,0.6666666666666666,0
E001306,Red_Sea_Yemen,19.62578,42.72462,2024-04-12,2024-04-12,1,0.73,0.73,303.55,1,1.0,0
E001307,Red_Sea_Yemen,16.57515,43.05403,2024-04-13,2024-04-13,1,25.63,12.815,347.65,2,0.0,0
E001308,Red_Sea_Yemen,19.42907,41.1137,2024-04-13,2024-04-13,1,3.46,3.46,339.76,1,0.0,0
E001309,Red_Sea_Yemen,15.73468,36.952385,2024-04-13,2024-04-19,7,10.24,5.12,354.03,2,0.0,0
E001310,Red_Sea_Yemen,17.23289,34.66137,2024-04-13,2024-04-13,1,1.68,1.68,354.08,1,0.0,0
E001311,Red_Sea_Yemen,19.020803333333333,41.77317,2024-04-13,2024-05-17,35,11.1,3.6999999999999997,335.81,3,0.6666666666666666,1
E001312,Red_Sea_Yemen,12.97086,38.59856,2024-04-13,2024-04-13,1,5.14,5.14,305.6,1,1.0,0
E001313,Red_Sea_Yemen,14.504374285714286,35.28859428571429,2024-04-14,2024-05-03,20,8.97,1.2814285714285716,367.0,7,0.5714285714285714,1
E001314,Red_Sea_Yemen,17.869396363636362,33.837884545454536,2024-04-14,2024-05-26,43,10.75,0.9772727272727273,311.6,11,1.0,1
E001315,Red_Sea_Yemen,12.578478571428573,37.70040285714286,2024-04-15,2024-05-26,42,45.63,6.518571428571429,367.0,7,0.0,1
E001316,Red_Sea_Yemen,18.73758,41.3164,2024-04-15,2024-04-15,1,1.41,1.41,313.47,1,1.0,0
E001317,Red_Sea_Yemen,14.53397,35.77215,2024-04-15,2024-04-15,1,0.41,0.41,300.91,1,1.0,0
E001318,Red_Sea_Yemen,14.56384,37.4825,2024-04-15,2024-04-15,1,0.48,0.48,303.44,1,1.0,0
E001319,Red_Sea_Yemen,15.26581,36.7337,2024-04-16,2024-04-16,1,1.38,1.38,310.63,1,1.0,0
E001320,Red_Sea_Yemen,12.717,37.76544,2024-04-17,2024-04-17,1,8.38,8.38,348.06,1,0.0,0
E001321,Red_Sea_Yemen,15.2042,32.74419,2024-04-17,2024-04-17,1,2.68,2.68,352.02,1,0.0,0
E001322,Red_Sea_Yemen,16.734095,33.611115,2024-04-17,2024-06-30,75,20.21,10.105,357.69,2,0.0,1
E001323,Red_Sea_Yemen,17.185332222222222,35.94232,2024-04-17,2024-04-18,2,88.29,9.81,367.0,9,0.3333333333333333,0
E001324,Red_Sea_Yemen,14.898278333333336,37.083803333333336,2024-04-17,2024-04-18,2,24.849999999999998,4.141666666666667,351.28,6,0.5,0
E001325,Red_Sea_Yemen,12.250240000000002,37.67974,2024-04-18,2024-04-18,1,12.14,6.07,336.63,2,0.0,0
E001326,Red_Sea_Yemen,13.3212,33.114869999999996,2024-04-18,2024-05-11,24,3.21,1.605,351.4,2,0.5,1
E001327,Red_Sea_Yemen,16.517705,33.479475,2024-04-18,2024-04-18,1,186.16,93.08,367.0,2,0.0,0
E001328,Red_Sea_Yemen,17.93322,41.79411,2024-04-18,2024-04-18,1,16.62,8.31,339.54,2,1.0,0
E001329,Red_Sea_Yemen,15.537165365853658,38.029999512195126,2024-04-18,2024-06-28,72,770.2,18.785365853658536,367.0,41,0.5853658536585366,1
E001330,Red_Sea_Yemen,12.14421,37.89658,2024-04-19,2024-04-19,1,7.64,7.64,367.0,1,0.0,0
E001331,Red_Sea_Yemen,15.22012,36.50765,2024-04-19,2024-04-19,1,6.17,6.17,351.99,1,0.0,0
E001332,Red_Sea_Yemen,15.25918,37.48389,2024-04-20,2024-04-20,1,9.08,9.08,354.67,1,0.0,0
E001333,Red_Sea_Yemen,12.73082,32.31132,2024-04-21,2024-04-21,1,0.64,0.64,305.24,1,1.0,0
E001334,Red_Sea_Yemen,12.30316,37.48208,2024-04-22,2024-04-22,1,5.68,5.68,345.08,1,0.0,0
E001335,Red_Sea_Yemen,15.30715,32.53046500000001,2024-04-22,2024-04-22,1,35.56999999999999,17.784999999999997,355.13,2,0.0,0
E001336,Red_Sea_Yemen,15.949069999999999,38.025295,2024-04-22,2024-04-22,1,30.450000000000003,15.225000000000001,355.81,2,0.0,0
E001337,Red_Sea_Yemen,13.47705,33.32547,2024-04-22,2024-04-22,1,2.86,2.86,315.8,1,1.0,0
E001338,Red_Sea_Yemen,14.08932,34.07478,2024-04-22,2024-04-22,1,6.33,3.165,332.77,2,1.0,0
E001339,Red_Sea_Yemen,13.05793,37.90985,2024-04-23,2024-04-23,1,6.24,6.24,341.58,1,0.0,0
E001340,Red_Sea_Yemen,15.432136,37.646284,2024-04-23,2024-06-25,64,38.28,7.656000000000001,349.48,5,0.2,1
E001341,Red_Sea_Yemen,19.960701428571433,42.53077714285713,2024-04-24,2024-06-12,50,37.89,5.412857142857143,367.0,7,0.8571428571428571,1
E001342,Red_Sea_Yemen,15.737626666666666,34.85105,2024-04-24,2024-04-24,1,7.83,2.61,337.21,3,1.0,0
E001343,Red_Sea_Yemen,12.29491,37.58552,2024-04-25,2024-04-25,1,9.54,9.54,345.43,1,0.0,0
E001344,Red_Sea_Yemen,14.62275,34.70305,2024-04-28,2024-04-28,1,36.61,36.61,348.65,1,0.0,1
E001345,Red_Sea_Yemen,17.60019,43.2733,2024-04-29,2024-04-29,1,2.38,2.38,338.12,1,0.0,1
E001346,Red_Sea_Yemen,14.37197,34.69665,2024-04-29,2024-04-29,1,2.24,2.24,352.46,1,0.0,1
E001347,Red_Sea_Yemen,20.84529,41.39971,2024-05-01,2024-05-01,1,2.21,1.105,302.36,2,1.0,1
E001348,Red_Sea_Yemen,17.56464,33.7936275,2024-05-02,2024-05-15,14,38.06,9.515,367.0,4,0.25,1
E001349,Red_Sea_Yemen,12.10499,37.6755,2024-05-02,2024-05-02,1,3.0,3.0,325.64,1,1.0,1
E001350,Red_Sea_Yemen,12.505569999999999,33.397975,2024-05-03,2024-05-03,1,15.92,7.96,367.0,2,0.0,1
E001351,Red_Sea_Yemen,15.84759,39.30073,2024-05-04,2024-05-04,1,8.57,8.57,335.97,1,0.0,1
E001352,Red_Sea_Yemen,17.910636666666665,42.07852666666667,2024-05-04,2024-05-04,1,123.99000000000001,41.330000000000005,348.4,3,0.0,1
E001353,Red_Sea_Yemen,19.644378,33.122414000000006,2024-05-04,2024-06-04,32,104.5,20.9,367.0,5,0.0,1
E001354,Red_Sea_Yemen,15.95252,37.043553333333335,2024-05-04,2024-05-04,1,381.78999999999996,127.26333333333332,367.0,3,0.0,1
E001355,Red_Sea_Yemen,14.49064,36.85757,2024-05-05,2024-05-05,1,2.12,2.12,304.74,1,1.0,1
E001356,Red_Sea_Yemen,13.12908,32.31078,2024-05-07,2024-05-07,1,1.9,1.9,315.12,1,1.0,1
E001357,Red_Sea_Yemen,14.46484,35.89609,2024-05-08,2024-05-08,1,0.88,0.88,306.41,1,1.0,1
E001358,Red_Sea_Yemen,15.227735,38.23442,2024-05-08,2024-05-13,6,3.6399999999999997,1.8199999999999998,312.62,2,1.0,1
E001359,Red_Sea_Yemen,13.998805,32.276219999999995,2024-05-09,2024-05-09,1,47.76,23.88,367.0,2,0.0,1
E001360,Red_Sea_Yemen,15.25931,36.03776,2024-05-09,2024-05-09,1,0.95,0.95,305.86,1,1.0,1
E001361,Red_Sea_Yemen,19.62012,41.01894,2024-05-10,2024-05-10,1,3.9299999999999997,1.9649999999999999,346.5,2,0.0,1
E001362,Red_Sea_Yemen,15.072635,35.897385,2024-05-11,2024-05-11,1,69.71000000000001,34.855000000000004,351.62,2,0.0,1
E001363,Red_Sea_Yemen,14.5542,33.22707,2024-05-11,2024-05-11,1,1.16,1.16,307.92,1,1.0,1
E001364,Red_Sea_Yemen,12.06477,39.53244,2024-05-12,2024-05-12,1,2.82,2.82,336.67,1,0.0,1
E001365,Red_Sea_Yemen,12.14706,42.506,2024-05-12,2024-05-12,1,2.8,2.8,344.51,1,0.0,1
E001366,Red_Sea_Yemen,14.7922,42.98007,2024-05-12,2024-05-12,1,5.92,2.96,344.16,2,1.0,1
E001367,Red_Sea_Yemen,19.474175,32.936890000000005,2024-05-13,2024-05-13,1,46.52,23.26,350.23,2,0.0,1
E001368,Red_Sea_Yemen,14.49547,34.2424,2024-05-13,2024-05-13,1,4.75,4.75,296.37,1,1.0,1
E001369,Red_Sea_Yemen,14.24835,43.32215,2024-05-14,2024-05-14,1,0.63,0.63,308.35,1,1.0,1
E001370,Red_Sea_Yemen,14.7951275,32.3101725,2024-05-16,2024-05-16,1,10.25,2.5625,330.68,4,1.0,1
E001371,Red_Sea_Yemen,14.65921,33.38116,2024-05-16,2024-05-16,1,1.94,1.94,315.2,1,1.0,1
E001372,Red_Sea_Yemen,15.17833,32.85489,2024-05-17,2024-05-17,1,0.7,0.7,311.3,1,1.0,1
E001373,Red_Sea_Yemen,16.15208,37.16801,2024-05-20,2024-05-20,1,10.36,10.36,354.61,1,0.0,1
E001374,Red_Sea_Yemen,12.61251,33.47669,2024-05-20,2024-05-20,1,1.58,1.58,336.94,1,0.0,1
E001375,Red_Sea_Yemen,13.64336,32.40001,2024-05-20,2024-05-20,1,11.57,11.57,349.17,1,0.0,1
E001376,Red_Sea_Yemen,13.88285,40.411874,2024-05-20,2024-05-20,1,32.510000000000005,6.502000000000001,353.87,5,1.0,1
E001377,Red_Sea_Yemen,13.07006,38.3888,2024-05-21,2024-06-09,20,6.99,3.495,367.0,2,0.5,1
E001378,Red_Sea_Yemen,14.31346,38.14019,2024-05-23,2024-05-23,1,2.18,2.18,339.51,1,0.0,1
E001379,Red_Sea_Yemen,14.42976,38.25893,2024-05-23,2024-05-23,1,7.9,7.9,348.75,1,0.0,1
E001380,Red_Sea_Yemen,16.273616666666666,32.62984666666667,2024-05-24,2024-05-24,1,28.49,9.496666666666666,367.0,3,0.0,1
E001381,Red_Sea_Yemen,15.91095,37.43867,2024-05-26,2024-05-26,1,9.39,9.39,350.98,1,0.0,1
E001382,Red_Sea_Yemen,14.19863,38.9019,2024-05-27,2024-05-27,1,5.17,5.17,344.27,1,0.0,1
E001383,Red_Sea_Yemen,17.61318,35.05848,2024-05-27,2024-05-27,1,0.88,0.88,315.24,1,1.0,1
E001384,Red_Sea_Yemen,14.49729,43.89117,2024-06-04,2024-06-04,1,7.82,7.82,339.79,1,0.0,0
E001385,Red_Sea_Yemen,20.326295000000002,40.880610000000004,2024-06-04,2024-06-26,23,29.840000000000003,7.460000000000001,352.05,4,0.5,0
E001386,Red_Sea_Yemen,18.290734999999998,42.17451,2024-06-04,2024-06-05,2,3.79,1.895,314.49,2,1.0,0
E001387,Red_Sea_Yemen,16.18923,43.70134,2024-06-05,2024-06-05,1,6.38,6.38,350.25,1,0.0,0
E001388,Red_Sea_Yemen,17.03519,43.64422,2024-06-05,2024-06-05,1,3.11,3.11,346.37,1,0.0,0
E001389,Red_Sea_Yemen,18.55122,43.32205,2024-06-05,2024-06-05,1,10.44,10.44,347.46,1,0.0,0
E001390,Red_Sea_Yemen,18.489685,35.828239999999994,2024-06-05,2024-06-05,1,8.02,4.01,349.78,2,0.0,0
E001391,Red_Sea_Yemen,12.83057,39.28701,2024-06-07,2024-06-07,1,9.37,9.37,349.52,1,0.0,0
E001392,Red_Sea_Yemen,13.20565,39.25659,2024-06-07,2024-06-07,1,6.08,6.08,344.22,1,0.0,0
E001393,Red_Sea_Yemen,15.79832,37.45912,2024-06-07,2024-06-07,1,26.56,26.56,357.1,1,0.0,0
E001394,Red_Sea_Yemen,16.36113,37.38589,2024-06-07,2024-06-07,1,9.96,9.96,344.88,1,0.0,0
E001395,Red_Sea_Yemen,15.70271,38.06767,2024-06-09,2024-06-23,15,9.87,4.935,340.6,2,0.0,0
E001396,Red_Sea_Yemen,12.42284,39.48764,2024-06-10,2024-06-10,1,1.96,1.96,335.73,1,0.0,0
E001397,Red_Sea_Yemen,12.557500000000001,38.44744,2024-06-10,2024-06-10,1,4.23,2.115,336.31,2,0.0,0
E001398,Red_Sea_Yemen,12.87411,39.60553,2024-06-10,2024-06-10,1,3.87,3.87,333.95,1,0.0,0
E001399,Red_Sea_Yemen,14.52589,33.79924,2024-06-12,2024-06-12,1,12.95,12.95,342.56,1,0.0,0
E001400,Red_Sea_Yemen,20.607778125,40.646093125,2024-06-12,2024-06-15,4,82.82,5.17625,367.0,16,0.4375,0
E001401,Red_Sea_Yemen,20.557685,40.90723,2024-06-13,2024-06-13,1,8.0,4.0,340.15,2,0.0,0
E001402,Red_Sea_Yemen,15.042925,32.78219,2024-06-15,2024-06-15,1,8.06,2.015,327.46,4,1.0,0
E001403,Red_Sea_Yemen,18.9906,42.34459,2024-06-16,2024-06-16,1,2.62,2.62,323.89,1,1.0,0
E001404,Red_Sea_Yemen,20.967927500000002,40.4833475,2024-06-17,2024-06-17,1,109.08999999999999,9.090833333333332,367.0,12,0.16666666666666666,0
E001405,Red_Sea_Yemen,14.45062,38.66263,2024-06-18,2024-06-18,1,3.53,3.53,339.75,1,0.0,0
E001406,Red_Sea_Yemen,14.515995,34.790025,2024-06-20,2024-06-20,1,6.800000000000001,3.4000000000000004,340.27,2,0.0,0
E001407,Red_Sea_Yemen,15.3532,37.80365,2024-06-20,2024-06-20,1,6.39,6.39,338.48,1,0.0,0
E001408,Red_Sea_Yemen,16.7437775,37.632014999999996,2024-06-20,2024-06-22,3,23.310000000000002,5.827500000000001,367.0,4,0.25,0
E001409,Red_Sea_Yemen,17.00171,43.21622,2024-06-20,2024-06-20,1,2.13,2.13,315.68,1,1.0,0
E001410,Red_Sea_Yemen,14.51814,34.88745,2024-06-23,2024-06-23,1,3.59,3.59,338.65,1,0.0,0
E001411,Red_Sea_Yemen,17.39283,38.53968,2024-06-23,2024-06-23,1,1.99,1.99,344.28,1,0.0,0
E001412,Red_Sea_Yemen,18.504775,37.89465,2024-06-23,2024-06-23,1,15.65,7.825,344.35,2,0.0,0
E001413,Red_Sea_Yemen,13.56688,43.95095,2024-06-24,2024-06-24,1,3.4,3.4,335.54,1,0.0,0
E001414,Red_Sea_Yemen,13.93475,32.51156,2024-06-26,2024-06-26,1,0.97,0.97,330.4,1,0.0,0
E001415,Red_Sea_Yemen,16.274414999999998,37.249155,2024-06-28,2024-06-28,1,8.71,4.355,339.28,2,0.0,0
E001416,Red_Sea_Yemen,18.09968,41.894605,2024-06-29,2024-06-29,1,43.04,21.52,346.96,2,0.0,0
E001417,Red_Sea_Yemen,19.889435,41.67794,2024-06-29,2024-06-29,1,2.24,1.12,305.18,2,1.0,0
E001418,Red_Sea_Yemen,14.739313333333333,35.151469999999996,2024-06-30,2024-06-30,1,39.9,13.299999999999999,355.07,3,0.0,0
E001419,Red_Sea_Yemen,20.46049,41.051,2024-06-30,2024-06-30,1,50.06999999999999,12.517499999999998,353.07,4,0.25,0
E001420,Ukraine_Black_Sea,52.55018437048192,39.61482062650603,2024-01-01,2024-06-30,182,12543.830000000002,3.778262048192772,367.0,3320,0.8382530120481928,1
E001421,Ukraine_Black_Sea,48.60271748242002,37.78481327272727,2024-01-01,2024-06-30,182,122218.77,7.742715869496357,367.0,15785,0.29591384225530565,1
E001422,Ukraine_Black_Sea,47.60178207980653,33.66842861910521,2024-01-01,2024-06-30,182,26870.53,6.4983143893591295,367.0,4135,0.39081015719467954,1
E001423,Ukraine_Black_Sea,44.755928314814824,37.77825968518518,2024-01-01,2024-06-30,182,1612.1,2.98537037037037,352.07,540,0.7759259259259259,1
E001424,Ukraine_Black_Sea,44.771559480519485,33.85987675324675,2024-01-01,2024-06-30,182,71.07,0.9229870129870129,327.23,77,1.0,1
E001425,Ukraine_Black_Sea,47.16469833333334,30.799453333333332,2024-01-01,2024-04-30,121,19.46,3.2433333333333336,343.77,6,0.16666666666666666,1
E001426,Ukraine_Black_Sea,45.12219146341463,25.417347804878048,2024-01-01,2024-06-30,182,96.00999999999999,1.1708536585365852,339.49,82,0.9634146341463414,1
E001427,Ukraine_Black_Sea,45.37472984126984,30.92842565079365,2024-01-01,2024-06-30,182,836.63,2.655968253968254,348.24,315,0.7015873015873015,1
E001428,Ukraine_Black_Sea,44.66024422077923,23.094037045454545,2024-01-02,2024-06-30,181,3395.91,5.512840909090909,367.0,616,0.17532467532467533,1
E001429,Ukraine_Black_Sea,44.03698428571429,27.168075714285713,2024-01-02,2024-04-03,93,25.55,3.65,351.96,7,0.14285714285714285,1
E001430,Ukraine_Black_Sea,44.167241999999995,26.561222666666666,2024-01-02,2024-06-23,174,75.08999999999999,5.005999999999999,346.02,15,0.06666666666666667,1
E001431,Ukraine_Black_Sea,44.51679125,25.755175,2024-01-02,2024-06-30,181,30.95,3.86875,349.08,8,0.0,1
E001432,Ukraine_Black_Sea,44.89236,25.393655000000003,2024-01-02,2024-03-22,81,4.52,2.26,342.04,2,0.0,1
E001433,Ukraine_Black_Sea,45.14300897435897,26.21747846153846,2024-01-02,2024-04-11,101,396.65000000000003,10.17051282051282,367.0,39,0.0,1
E001434,Ukraine_Black_Sea,46.49727,26.76365,2024-01-02,2024-01-02,1,4.46,4.46,350.95,1,0.0,1
E001435,Ukraine_Black_Sea,46.20430239892183,24.558547924528295,2024-01-03,2024-06-30,180,1664.5000000000002,4.486522911051214,367.0,371,0.1967654986522911,1
E001436,Ukraine_Black_Sea,44.2402152,28.307043,2024-01-03,2024-06-29,179,77.17,1.5434,354.28,50,0.96,1
E001437,Ukraine_Black_Sea,44.638455,26.986629999999998,2024-01-05,2024-06-18,166,7.34,3.67,340.31,2,0.0,1
E001438,Ukraine_Black_Sea,44.815805,24.460245,2024-01-05,2024-02-28,55,29.39,14.695,343.84,2,0.0,1
E001439,Ukraine_Black_Sea,44.687749000000004,24.204932000000003,2024-01-05,2024-04-14,101,98.80000000000001,4.94,367.0,20,0.0,1
E001440,Ukraine_Black_Sea,44.895374,26.29514733333333,2024-01-05,2024-06-07,155,61.01000000000001,4.067333333333334,367.0,15,0.4666666666666667,1
E001441,Ukraine_Black_Sea,44.89623705882353,25.103674705882355,2024-01-05,2024-04-13,100,73.94,4.3494117647058825,344.76,17,0.11764705882352941,1
E001442,Ukraine_Black_Sea,45.00414333333334,25.44466,2024-01-05,2024-04-03,90,41.15,4.572222222222222,342.18,9,0.0,1
E001443,Ukraine_Black_Sea,45.201456,27.237531,2024-01-05,2024-06-30,178,32.7,3.2700000000000005,337.47,10,0.3,1
E001444,Ukraine_Black_Sea,45.50817163265307,26.894372448979595,2024-01-05,2024-06-18,166,279.46000000000004,5.70326530612245,367.0,49,0.22448979591836735,1
E001445,Ukraine_Black_Sea,45.40389742574257,29.39618267326733,2024-01-05,2024-06-23,171,827.4600000000002,8.192673267326734,367.0,101,0.019801980198019802,1
E001446,Ukraine_Black_Sea,46.0978,29.38481,2024-01-05,2024-02-05,32,24.82,8.273333333333333,345.36,3,0.0,1
E001447,Ukraine_Black_Sea,48.07210384615386,26.590031538461538,2024-01-05,2024-05-18,135,117.15000000000002,9.011538461538462,367.0,13,0.6153846153846154,1
E001448,Ukraine_Black_Sea,45.8228525,38.68337,2024-01-05,2024-02-26,53,2.83,0.7075,305.01,4,1.0,1
E001449,Ukraine_Black_Sea,51.891199787798406,29.337764933687005,2024-01-06,2024-06-30,177,1115.7199999999998,2.9594694960212196,367.0,377,0.7904509283819628,1
E001450,Ukraine_Black_Sea,46.88532,24.05633,2024-01-09,2024-01-09,1,3.58,3.58,327.42,1,0.0,1
E001451,Ukraine_Black_Sea,48.08484,22.96614,2024-01-09,2024-01-09,1,2.13,2.13,326.1,1,0.0,1
E001452,Ukraine_Black_Sea,45.29172613636364,25.110234318181814,2024-01-10,2024-06-29,172,38.09,0.8656818181818182,312.51,44,1.0,1
E001453,Ukraine_Black_Sea,51.142105801749274,37.93563221574344,2024-01-12,2024-06-30,171,1030.2400000000002,3.003615160349855,367.0,343,0.8483965014577259,1
E001454,Ukraine_Black_Sea,50.012663333333336,34.26983666666666,2024-01-12,2024-05-10,120,23.490000000000002,3.9150000000000005,343.24,6,0.6666666666666666,1
E001455,Ukraine_Black_Sea,45.29147076780758,38.24228957446809,2024-01-13,2024-06-30,170,6236.860000000001,5.769528214616097,367.0,1081,0.16651248843663274,1
E001456,Ukraine_Black_Sea,44.81632,28.112526666666668,2024-01-13,2024-02-27,46,11.469999999999999,3.823333333333333,341.63,3,0.0,1
E001457,Ukraine_Black_Sea,44.448080000000004,27.53097,2024-01-13,2024-04-10,89,6.129999999999999,3.0649999999999995,341.63,2,0.0,1
E001458,Ukraine_Black_Sea,44.874671666666664,29.103689166666665,2024-01-15,2024-05-24,131,48.42,4.035,367.0,12,0.5,1
E001459,Ukraine_Black_Sea,44.81502583333333,26.55967666666667,2024-01-16,2024-03-29,74,91.6,7.633333333333333,351.13,12,0.0,1
E001460,Ukraine_Black_Sea,45.062275,28.86383,2024-01-16,2024-03-04,49,4.86,2.43,338.78,2,0.0,1
E001461,Ukraine_Black_Sea,50.16864314329738,39.8482244375963,2024-01-16,2024-06-30,167,3065.87,4.723990755007704,367.0,649,0.3929121725731895,1
E001462,Ukraine_Black_Sea,44.582404999999994,26.544736666666665,2024-01-17,2024-03-04,48,35.17,5.861666666666667,356.36,6,0.0,1
E001463,Ukraine_Black_Sea,50.90627583333333,36.12661416666666,2024-01-17,2024-05-26,131,62.78999999999999,5.232499999999999,356.75,12,0.3333333333333333,1
E001464,Ukraine_Black_Sea,52.79128842105263,32.21894431578948,2024-01-19,2024-06-30,164,167.03,1.7582105263157894,367.0,95,0.8315789473684211,1
E001465,Ukraine_Black_Sea,44.925443333333334,28.82965,2024-01-19,2024-02-25,38,8.13,2.7100000000000004,337.77,3,0.3333333333333333,1
E001466,Ukraine_Black_Sea,45.65635916666667,22.982160000000007,2024-01-20,2024-05-15,117,102.64,2.851111111111111,346.03,36,0.3611111111111111,1
E001467,Ukraine_Black_Sea,45.42896666666667,38.87580916666666,2024-01-21,2024-05-29,130,37.65999999999999,3.1383333333333323,340.68,12,0.4166666666666667,1
E001468,Ukraine_Black_Sea,46.56152125,23.480765833333333,2024-01-22,2024-04-28,98,122.81,5.117083333333333,350.45,24,0.625,1
E001469,Ukraine_Black_Sea,51.151363333333336,40.10868,2024-01-22,2024-03-28,67,8.04,2.6799999999999997,328.37,3,0.3333333333333333,1
E001470,Ukraine_Black_Sea,52.847265030487804,29.989921676829265,2024-01-28,2024-06-30,155,1037.09,3.1618597560975608,367.0,328,0.823170731707317,1
E001471,Ukraine_Black_Sea,48.12074421052631,25.870802631578943,2024-01-30,2024-06-26,149,64.3,3.384210526315789,347.22,19,0.05263157894736842,1
E001472,Ukraine_Black_Sea,45.953645277777774,22.47622125,2024-01-30,2024-06-27,150,560.04,3.889166666666666,367.0,144,0.375,1
E001473,Ukraine_Black_Sea,51.25911927927928,37.7587709009009,2024-02-01,2024-06-30,151,541.5600000000001,2.4394594594594596,344.86,222,0.8198198198198198,1
E001474,Ukraine_Black_Sea,50.722872,24.445338,2024-02-02,2024-06-06,126,10.09,2.018,331.79,5,0.8,1
E001475,Ukraine_Black_Sea,51.13875399999999,23.551970666666662,2024-02-02,2024-06-28,148,30.27,1.009,313.38,30,1.0,1
E001476,Ukraine_Black_Sea,46.71781571428571,27.947622857142854,2024-02-02,2024-04-11,70,28.36,4.051428571428572,343.93,7,0.0,1
E001477,Ukraine_Black_Sea,44.53506600000001,23.116498,2024-02-03,2024-03-29,56,16.79,3.3579999999999997,340.15,5,0.0,1
E001478,Ukraine_Black_Sea,50.61298598360656,36.588443114754085,2024-02-04,2024-06-30,148,105.33,0.8633606557377049,336.61,122,0.9918032786885246,1
E001479,Ukraine_Black_Sea,45.75628555555556,28.59967111111111,2024-02-05,2024-06-26,143,69.78,7.753333333333334,355.85,9,0.1111111111111111,1
E001480,Ukraine_Black_Sea,44.39189666666667,24.011071666666666,2024-02-05,2024-06-28,145,19.36,3.2266666666666666,337.08,6,0.3333333333333333,1
E001481,Ukraine_Black_Sea,50.013983333333336,34.07156,2024-02-05,2024-03-10,35,2.6900000000000004,0.8966666666666668,303.18,3,1.0,1
E001482,Ukraine_Black_Sea,45.579981818181814,40.064803636363635,2024-02-05,2024-03-06,31,41.16,3.7418181818181817,346.26,11,0.18181818181818182,1
E001483,Ukraine_Black_Sea,44.20391,25.53022,2024-02-06,2024-02-06,1,3.81,3.81,341.0,1,0.0,1
E001484,Ukraine_Black_Sea,44.312508333333334,26.015560000000004,2024-02-06,2024-04-26,81,20.0,3.3333333333333335,343.54,6,0.3333333333333333,1
E001485,Ukraine_Black_Sea,45.215695705882354,22.206687705882352,2024-02-06,2024-06-06,122,656.4300000000001,3.861352941176471,367.0,170,0.36470588235294116,1
E001486,Ukraine_Black_Sea,45.84693,27.30449,2024-02-06,2024-02-06,1,1.85,1.85,326.54,1,0.0,1
E001487,Ukraine_Black_Sea,46.97266666666667,26.474016666666667,2024-02-06,2024-04-10,65,11.11,3.703333333333333,343.38,3,0.0,1
E001488,Ukraine_Black_Sea,46.89411166666667,22.673708333333334,2024-02-06,2024-04-02,57,12.920000000000002,2.1533333333333338,332.77,6,0.6666666666666666,1
E001489,Ukraine_Black_Sea,47.184494,22.783514,2024-02-06,2024-04-15,70,16.94,3.3880000000000003,337.47,5,0.0,1
E001490,Ukraine_Black_Sea,44.068605,26.179486666666662,2024-02-07,2024-04-09,63,23.33,3.888333333333333,352.29,6,0.0,1
E001491,Ukraine_Black_Sea,44.125310000000006,24.376512499999997,2024-02-07,2024-03-30,53,19.11,4.7775,355.44,4,0.0,1
E001492,Ukraine_Black_Sea,44.353836666666666,22.288793333333334,2024-02-07,2024-02-09,3,32.85,5.4750000000000005,340.58,6,0.0,1
E001493,Ukraine_Black_Sea,44.734254,27.331442,2024-02-07,2024-04-10,64,25.74,5.148,341.24,5,0.0,1
E001494,Ukraine_Black_Sea,45.49698666666668,34.891915000000004,2024-02-07,2024-06-07,122,19.450000000000003,3.241666666666667,344.5,6,0.3333333333333333,1
E001495,Ukraine_Black_Sea,46.84167204545454,34.76337465909091,2024-02-07,2024-06-27,142,1238.3400000000001,14.072045454545457,367.0,88,0.011363636363636364,1
E001496,Ukraine_Black_Sea,47.61345,22.77071,2024-02-07,2024-02-07,1,2.79,2.79,328.65,1,0.0,1
E001497,Ukraine_Black_Sea,48.541996,24.957,2024-02-07,2024-05-22,106,14.709999999999999,2.9419999999999997,335.68,5,0.0,1
E001498,Ukraine_Black_Sea,48.36749636363636,26.140658636363636,2024-02-07,2024-05-24,108,111.98999999999998,5.090454545454545,367.0,22,0.0,1
E001499,Ukraine_Black_Sea,46.623292,29.115494,2024-02-08,2024-06-23,137,20.38,4.076,339.24,5,0.4,1
E001500,Ukraine_Black_Sea,44.56347020725388,40.50201388601036,2024-02-08,2024-06-30,144,2267.26,5.873730569948187,367.0,386,0.22020725388601037,1
E001501,Ukraine_Black_Sea,45.03645,27.823166666666665,2024-02-08,2024-03-09,31,12.520000000000001,4.173333333333334,341.22,3,0.0,1
E001502,Ukraine_Black_Sea,45.24365,28.68938,2024-02-08,2024-06-29,143,54.989999999999995,7.855714285714285,367.0,7,0.2857142857142857,1
E001503,Ukraine_Black_Sea,44.040863333333334,25.837413333333334,2024-02-08,2024-06-25,139,140.64,23.439999999999998,367.0,6,0.0,1
E001504,Ukraine_Black_Sea,44.1679225,25.832930000000005,2024-02-08,2024-06-28,142,32.68,8.17,367.0,4,0.0,1
E001505,Ukraine_Black_Sea,44.28893,25.0339775,2024-02-08,2024-05-06,89,6.410000000000001,1.6025000000000003,329.77,4,0.5,1
E001506,Ukraine_Black_Sea,45.076170000000005,26.5357,2024-02-08,2024-05-26,109,7.970000000000001,3.9850000000000003,340.35,2,0.0,1
E001507,Ukraine_Black_Sea,46.0214425,28.61037,2024-02-08,2024-06-23,137,69.25,17.3125,367.0,4,0.0,1
E001508,Ukraine_Black_Sea,46.13868823529411,27.315533529411763,2024-02-09,2024-04-13,65,76.88,4.522352941176471,367.0,17,0.11764705882352941,1
E001509,Ukraine_Black_Sea,45.00021375,25.71461125,2024-02-09,2024-03-31,52,65.50999999999999,8.188749999999999,346.61,8,0.0,1
E001510,Ukraine_Black_Sea,44.07148,25.06009,2024-02-09,2024-02-09,1,14.79,14.79,339.91,1,0.0,1
E001511,Ukraine_Black_Sea,45.27282,28.068579999999997,2024-02-09,2024-02-09,1,14.69,7.345,339.26,2,0.0,1
E001512,Ukraine_Black_Sea,45.361177500000004,28.1395325,2024-02-09,2024-03-10,31,25.659999999999997,6.414999999999999,340.13,4,0.5,1
E001513,Ukraine_Black_Sea,52.29175999999999,39.7076825,2024-02-09,2024-06-27,140,67.14999999999999,5.595833333333332,350.95,12,0.9166666666666666,1
E001514,Ukraine_Black_Sea,45.565840909090916,40.722472727272724,2024-02-09,2024-06-22,135,46.349999999999994,4.213636363636363,356.43,11,0.18181818181818182,1
E001515,Ukraine_Black_Sea,45.46296,26.35506,2024-02-10,2024-02-10,1,2.97,2.97,325.11,1,0.0,1
E001516,Ukraine_Black_Sea,47.466916,26.035450000000004,2024-02-10,2024-04-15,66,15.850000000000001,3.1700000000000004,338.76,5,0.0,1
E001517,Ukraine_Black_Sea,44.90786333333333,27.811783333333334,2024-02-11,2024-03-04,23,10.43,3.4766666666666666,344.73,3,0.0,1
E001518,Ukraine_Black_Sea,46.084869999999995,28.39103,2024-02-11,2024-02-11,1,6.55,3.275,329.85,2,0.0,1
E001519,Ukraine_Black_Sea,46.267830000000004,27.69997,2024-02-11,2024-04-09,59,6.18,3.09,337.29,2,0.0,1
E001520,Ukraine_Black_Sea,47.36162903225806,28.27990483870968,2024-02-11,2024-04-15,65,143.72000000000003,4.636129032258065,353.41,31,0.0967741935483871,1
E001521,Ukraine_Black_Sea,44.706859090909084,39.822707272727264,2024-02-11,2024-06-13,124,23.68,2.152727272727273,336.43,11,0.45454545454545453,1
E001522,Ukraine_Black_Sea,45.089949,29.547086000000007,2024-02-12,2024-03-23,41,138.02,13.802000000000001,351.18,10,0.0,1
E001523,Ukraine_Black_Sea,45.35004357142858,28.42343928571429,2024-02-12,2024-06-30,140,106.27000000000001,7.590714285714286,350.61,14,0.35714285714285715,1
E001524,Ukraine_Black_Sea,45.92859,28.82659,2024-02-12,2024-02-12,1,2.16,2.16,327.3,1,0.0,1
E001525,Ukraine_Black_Sea,46.15291117647058,28.06521588235294,2024-02-12,2024-04-10,59,65.52,3.8541176470588234,343.3,17,0.7058823529411765,1
E001526,Ukraine_Black_Sea,46.609021999999996,29.417719999999996,2024-02-12,2024-04-08,57,19.67,3.934,343.0,5,0.2,1
E001527,Ukraine_Black_Sea,47.24754,27.022958,2024-02-12,2024-04-02,51,28.19,5.638,344.39,5,0.0,1
E001528,Ukraine_Black_Sea,47.61424222222222,28.02210666666667,2024-02-12,2024-05-20,99,38.599999999999994,4.288888888888888,349.19,9,0.0,1
E001529,Ukraine_Black_Sea,45.422124285714276,27.966426031746032,2024-02-13,2024-06-27,136,116.54999999999998,1.8499999999999996,342.72,63,0.8571428571428571,1
E001530,Ukraine_Black_Sea,45.10335,33.5923,2024-02-13,2024-02-13,1,5.41,5.41,339.22,1,0.0,1
E001531,Ukraine_Black_Sea,45.67305666666667,33.60756333333333,2024-02-13,2024-02-13,1,11.78,3.9266666666666663,332.38,3,0.0,1
E001532,Ukraine_Black_Sea,46.595314,40.9118,2024-02-13,2024-03-28,45,20.630000000000003,4.126,344.12,5,0.0,1
E001533,Ukraine_Black_Sea,46.39457869565217,39.95087347826087,2024-02-14,2024-06-18,126,95.06,4.13304347826087,355.13,23,0.43478260869565216,1
E001534,Ukraine_Black_Sea,47.01324892857143,36.060522142857145,2024-02-14,2024-05-12,89,485.00000000000006,17.321428571428573,367.0,28,0.03571428571428571,1
E001535,Ukraine_Black_Sea,46.58116235294117,22.52449264705882,2024-02-14,2024-04-10,57,120.09000000000002,3.5320588235294124,367.0,34,0.5588235294117647,1
E001536,Ukraine_Black_Sea,44.756768750000006,39.61700999999999,2024-02-15,2024-03-31,46,43.06,5.3825,355.21,8,0.125,1
E001537,Ukraine_Black_Sea,44.016295,24.43759,2024-02-15,2024-02-15,1,7.24,3.62,329.11,2,0.0,1
E001538,Ukraine_Black_Sea,48.50958333333333,22.7433025,2024-02-15,2024-06-21,128,62.230000000000004,5.185833333333334,347.98,12,0.0,1
E001539,Ukraine_Black_Sea,44.79086,40.96438,2024-02-16,2024-02-16,1,9.91,9.91,351.47,1,0.0,1
E001540,Ukraine_Black_Sea,45.01181,22.64612,2024-02-16,2024-02-16,1,7.82,7.82,347.66,1,0.0,1
E001541,Ukraine_Black_Sea,46.67401285714286,22.06780428571429,2024-02-16,2024-04-02,47,15.9,2.2714285714285714,341.28,7,0.2857142857142857,1
E001542,Ukraine_Black_Sea,46.813010000000006,23.125942045454543,2024-02-16,2024-04-09,54,176.5,4.011363636363637,355.18,44,0.2727272727272727,1
E001543,Ukraine_Black_Sea,47.71635,23.02985,2024-02-16,2024-02-16,1,2.68,2.68,334.07,1,0.0,1
E001544,Ukraine_Black_Sea,47.81187,22.813254999999998,2024-02-16,2024-02-16,1,37.71,18.855,337.07,2,0.0,1
E001545,Ukraine_Black_Sea,48.00029000000001,22.45796,2024-02-16,2024-04-14,59,6.23,3.115,339.92,2,0.0,1
E001546,Ukraine_Black_Sea,48.85522,22.62152,2024-02-16,2024-02-16,1,2.15,2.15,326.19,1,0.0,1
E001547,Ukraine_Black_Sea,49.83886,23.1662,2024-02-16,2024-02-16,1,5.93,5.93,325.85,1,0.0,1
E001548,Ukraine_Black_Sea,50.05496086956522,23.559603913043485,2024-02-16,2024-06-08,114,122.63999999999997,5.332173913043477,354.83,23,0.043478260869565216,1
E001549,Ukraine_Black_Sea,50.39308163934426,34.52244704918032,2024-02-17,2024-05-04,78,291.64,4.780983606557377,367.0,61,0.18032786885245902,1
E001550,Ukraine_Black_Sea,46.03064222222222,23.20589777777778,2024-02-17,2024-04-16,60,33.23,3.692222222222222,347.42,9,0.3333333333333333,1
E001551,Ukraine_Black_Sea,46.194832500000004,22.980117500000002,2024-02-17,2024-04-02,46,14.52,3.63,329.37,4,0.5,1
E001552,Ukraine_Black_Sea,46.32953,32.55334,2024-02-17,2024-02-17,1,2.48,2.48,328.8,1,0.0,1
E001553,Ukraine_Black_Sea,46.29494125,23.405720000000002,2024-02-17,2024-04-15,59,50.78,6.3475,349.3,8,0.0,1
E001554,Ukraine_Black_Sea,47.159273999999996,22.594066,2024-02-17,2024-03-26,39,19.09,3.818,339.62,5,0.0,1
E001555,Ukraine_Black_Sea,47.40621000000001,23.797534285714285,2024-02-17,2024-05-24,98,127.39,6.066190476190476,352.26,21,0.047619047619047616,1
E001556,Ukraine_Black_Sea,47.56963999999999,23.750063333333333,2024-02-17,2024-04-01,45,18.56,3.0933333333333333,346.07,6,0.3333333333333333,1
E001557,Ukraine_Black_Sea,48.77707,22.7508,2024-02-17,2024-02-17,1,4.84,4.84,334.13,1,0.0,1
E001558,Ukraine_Black_Sea,49.67592,23.20231,2024-02-17,2024-05-17,91,7.6899999999999995,2.563333333333333,337.51,3,0.0,1
E001559,Ukraine_Black_Sea,44.00172,22.8956,2024-02-18,2024-02-18,1,2.39,2.39,332.17,1,0.0,1
E001560,Ukraine_Black_Sea,51.44417555389222,35.621517964071856,2024-02-19,2024-06-28,131,4494.03,6.727589820359281,367.0,668,0.12125748502994012,1
E001561,Ukraine_Black_Sea,47.13400333333334,25.97318,2024-02-19,2024-02-19,1,10.61,3.5366666666666666,345.8,3,0.0,1
E001562,Ukraine_Black_Sea,49.17957142857142,33.48143642857143,2024-02-19,2024-05-18,90,36.99,2.6421428571428573,351.26,14,0.5714285714285714,1
E001563,Ukraine_Black_Sea,44.025495,26.451835,2024-02-20,2024-04-15,56,127.14,21.19,354.47,6,0.3333333333333333,1
E001564,Ukraine_Black_Sea,44.69501,24.52819,2024-02-21,2024-02-21,1,2.52,2.52,331.96,1,0.0,1
E001565,Ukraine_Black_Sea,46.34484333333333,29.802876666666666,2024-02-21,2024-05-01,71,11.07,3.69,334.07,3,0.0,1
E001566,Ukraine_Black_Sea,46.456795,29.89112,2024-02-21,2024-03-04,13,7.35,3.675,346.95,2,0.0,1
E001567,Ukraine_Black_Sea,46.666314,29.814476000000003,2024-02-21,2024-04-05,45,33.23,6.645999999999999,345.81,5,0.0,1
E001568,Ukraine_Black_Sea,46.925023333333336,31.082641666666664,2024-02-21,2024-06-28,129,53.34,8.89,349.76,6,0.0,1
E001569,Ukraine_Black_Sea,48.97596258064517,24.709544516129032,2024-02-21,2024-06-30,131,175.56,1.4158064516129032,331.82,124,0.9838709677419355,1
E001570,Ukraine_Black_Sea,47.497365,30.7022775,2024-02-22,2024-04-08,47,142.82999999999998,8.926874999999999,350.53,16,0.0,1
E001571,Ukraine_Black_Sea,44.50611,24.690020000000004,2024-02-22,2024-04-03,42,16.64,4.16,338.4,4,0.0,1
E001572,Ukraine_Black_Sea,45.02452,28.48433,2024-02-22,2024-02-22,1,1.71,1.71,330.2,1,0.0,1
E001573,Ukraine_Black_Sea,45.22432,28.48083,2024-02-22,2024-02-22,1,3.97,3.97,327.52,1,0.0,1
E001574,Ukraine_Black_Sea,45.61066,28.38516,2024-02-22,2024-02-22,1,3.18,3.18,332.74,1,0.0,1
E001575,Ukraine_Black_Sea,45.70366666666666,27.34114166666667,2024-02-22,2024-06-26,126,13.999999999999998,2.333333333333333,341.16,6,0.5,1
E001576,Ukraine_Black_Sea,45.9604,29.18814,2024-02-22,2024-02-22,1,3.98,3.98,331.19,1,0.0,1
E001577,Ukraine_Black_Sea,46.46773,27.81869,2024-02-22,2024-02-22,1,2.64,2.64,328.73,1,0.0,1
E001578,Ukraine_Black_Sea,46.65107,26.8181,2024-02-22,2024-02-22,1,5.8,5.8,344.94,1,0.0,1
E001579,Ukraine_Black_Sea,46.71551,27.374335000000002,2024-02-22,2024-03-23,31,4.03,2.015,336.07,2,0.5,1
E001580,Ukraine_Black_Sea,46.930080000000004,32.00302,2024-02-22,2024-05-04,73,29.8,9.933333333333334,344.73,3,0.6666666666666666,1
E001581,Ukraine_Black_Sea,47.092173333333335,30.28095,2024-02-22,2024-02-22,1,41.97,13.99,343.15,3,0.0,1
E001582,Ukraine_Black_Sea,47.19259083333333,31.7903125,2024-02-22,2024-06-27,127,166.2,3.4625,367.0,48,0.6875,1
E001583,Ukraine_Black_Sea,47.39679,27.00087,2024-02-22,2024-02-22,1,3.44,3.44,329.18,1,0.0,1
E001584,Ukraine_Black_Sea,48.12798,29.029812,2024-02-22,2024-04-10,49,14.94,2.988,340.04,5,0.0,1
E001585,Ukraine_Black_Sea,48.260365,30.038275,2024-02-22,2024-03-10,18,23.55,3.9250000000000003,355.43,6,0.0,1
E001586,Ukraine_Black_Sea,48.86618,26.869194999999998,2024-02-22,2024-04-12,51,9.59,4.795,342.3,2,0.0,1
E001587,Ukraine_Black_Sea,45.062760384615395,39.97692923076923,2024-02-23,2024-04-09,47,204.16,7.852307692307692,367.0,26,0.0,1
E001588,Ukraine_Black_Sea,44.530444,40.082806,2024-02-23,2024-02-29,7,17.36,3.472,341.3,5,0.0,1
E001589,Ukraine_Black_Sea,44.16906,25.241635,2024-02-23,2024-06-30,129,18.33,4.5825,345.11,4,0.0,1
E001590,Ukraine_Black_Sea,44.46833,27.1503,2024-02-23,2024-02-23,1,4.16,4.16,332.07,1,0.0,1
E001591,Ukraine_Black_Sea,45.27654,26.56383,2024-02-23,2024-02-23,1,2.74,2.74,329.24,1,0.0,1
E001592,Ukraine_Black_Sea,45.49248,27.62648,2024-02-23,2024-02-23,1,2.73,2.73,327.23,1,0.0,1
E001593,Ukraine_Black_Sea,45.54700333333333,28.90243,2024-02-23,2024-04-12,50,33.58,5.596666666666667,345.22,6,0.0,1
E001594,Ukraine_Black_Sea,46.25629545454546,33.80154,2024-02-23,2024-05-18,86,76.11,6.919090909090909,354.48,11,0.09090909090909091,1
E001595,Ukraine_Black_Sea,46.47856,35.092420000000004,2024-02-23,2024-06-24,123,7.92,3.96,341.02,2,0.0,1
E001596,Ukraine_Black_Sea,46.452504000000005,28.123379,2024-02-23,2024-04-21,59,95.25,9.525,343.01,10,0.0,1
E001597,Ukraine_Black_Sea,46.98858666666666,28.688043333333336,2024-02-23,2024-05-06,74,29.520000000000003,9.840000000000002,336.44,3,0.6666666666666666,1
E001598,Ukraine_Black_Sea,44.20366,23.86019,2024-02-23,2024-02-23,1,3.23,3.23,325.77,1,0.0,1
E001599,Ukraine_Black_Sea,45.2137094117647,27.714552352941176,2024-02-23,2024-05-16,84,173.25000000000003,10.191176470588237,367.0,17,0.7647058823529411,1
E001600,Ukraine_Black_Sea,44.735497499999994,28.035004999999998,2024-02-24,2024-06-22,120,8.25,2.0625,330.8,4,0.25,1
E001601,Ukraine_Black_Sea,44.916357500000004,40.8378225,2024-02-24,2024-03-05,11,52.39,13.0975,341.6,4,0.0,1
E001602,Ukraine_Black_Sea,45.15597875,39.19186875,2024-02-24,2024-06-17,115,11.280000000000001,1.4100000000000001,337.75,8,0.75,1
E001603,Ukraine_Black_Sea,45.367706428571424,39.30362642857143,2024-02-24,2024-06-16,114,58.28999999999999,4.163571428571428,352.4,14,0.14285714285714285,1
E001604,Ukraine_Black_Sea,45.6871742857143,29.43026142857143,2024-02-24,2024-05-23,90,43.44,6.2057142857142855,345.12,7,0.0,1
E001605,Ukraine_Black_Sea,45.874411428571435,40.07850214285714,2024-02-24,2024-04-26,63,51.15,3.6535714285714285,367.0,14,0.21428571428571427,1
E001606,Ukraine_Black_Sea,46.099506000000005,40.333714,2024-02-24,2024-03-19,25,18.72,3.7439999999999998,348.48,5,0.4,1
E001607,Ukraine_Black_Sea,46.621579999999994,38.63995,2024-02-24,2024-05-25,92,2.3099999999999996,0.7699999999999999,328.91,3,0.6666666666666666,1
E001608,Ukraine_Black_Sea,46.86757666666667,30.45801833333333,2024-02-24,2024-02-26,3,48.129999999999995,8.021666666666667,346.97,6,0.0,1
E001609,Ukraine_Black_Sea,46.86570733333333,36.89873066666667,2024-02-24,2024-06-24,122,120.83,8.055333333333333,357.98,15,0.0,1
E001610,Ukraine_Black_Sea,47.41097285714285,30.225906428571427,2024-02-24,2024-03-09,15,53.379999999999995,3.8128571428571427,354.52,14,0.0,1
E001611,Ukraine_Black_Sea,47.76916,29.19108,2024-02-24,2024-02-24,1,2.96,2.96,326.98,1,0.0,1
E001612,Ukraine_Black_Sea,49.19307125,40.6951125,2024-02-24,2024-03-31,37,37.589999999999996,4.6987499999999995,367.0,8,0.0,1
E001613,Ukraine_Black_Sea,45.42548614035087,40.56133228070175,2024-02-24,2024-06-29,127,516.74,9.06561403508772,367.0,57,0.3508771929824561,1
E001614,Ukraine_Black_Sea,46.333364,39.021082,2024-02-24,2024-03-21,27,60.99,6.099,356.2,10,0.4,1
E001615,Ukraine_Black_Sea,46.4237352631579,39.291218421052626,2024-02-24,2024-04-18,55,73.08999999999999,3.8468421052631574,367.0,19,0.5263157894736842,1
E001616,Ukraine_Black_Sea,46.697273,39.114359,2024-02-24,2024-04-02,39,49.31999999999999,4.9319999999999995,346.77,10,0.2,1
E001617,Ukraine_Black_Sea,46.77321,38.65471,2024-02-24,2024-02-24,1,0.87,0.87,299.13,1,1.0,1
E001618,Ukraine_Black_Sea,44.4432,39.52694,2024-02-25,2024-02-25,1,2.2,2.2,328.7,1,0.0,1
E001619,Ukraine_Black_Sea,45.66484727272728,39.64775636363636,2024-02-25,2024-05-23,89,66.78000000000002,6.070909090909092,367.0,11,0.18181818181818182,1
E001620,Ukraine_Black_Sea,45.908367999999996,33.761307,2024-02-25,2024-06-05,102,27.24,2.7239999999999998,345.21,10,0.5,1
E001621,Ukraine_Black_Sea,45.9652,39.13652,2024-02-25,2024-02-25,1,3.05,3.05,328.5,1,0.0,1
E001622,Ukraine_Black_Sea,46.00908833333333,39.65913333333333,2024-02-25,2024-04-10,46,37.46999999999999,6.244999999999998,367.0,6,0.6666666666666666,1
E001623,Ukraine_Black_Sea,46.360742,40.292818,2024-02-25,2024-03-09,14,25.729999999999997,5.145999999999999,336.89,5,0.0,1
E001624,Ukraine_Black_Sea,46.48253555555556,40.61354962962963,2024-02-25,2024-06-21,118,193.32999999999998,7.160370370370369,351.42,27,0.037037037037037035,1
E001625,Ukraine_Black_Sea,46.78363,39.18907,2024-02-25,2024-02-25,1,4.38,4.38,328.56,1,0.0,1
E001626,Ukraine_Black_Sea,46.81429,36.213735,2024-02-25,2024-05-11,77,10.77,5.385,330.87,2,0.0,1
E001627,Ukraine_Black_Sea,46.84359,39.615921818181825,2024-02-25,2024-04-17,53,44.13999999999999,4.012727272727272,367.0,11,0.0,1
E001628,Ukraine_Black_Sea,46.844364,36.463390000000004,2024-02-25,2024-05-12,78,34.81,6.962000000000001,348.68,5,0.0,1
E001629,Ukraine_Black_Sea,48.13195684210527,35.259808421052625,2024-02-25,2024-05-26,92,82.27999999999999,4.330526315789473,343.75,19,0.15789473684210525,1
E001630,Ukraine_Black_Sea,48.09005,35.60294,2024-02-25,2024-02-25,1,1.93,1.93,325.83,1,0.0,1
E001631,Ukraine_Black_Sea,49.55957297619047,40.373625238095244,2024-02-25,2024-06-10,107,1921.7599999999998,7.626031746031745,367.0,252,0.25396825396825395,1
E001632,Ukraine_Black_Sea,44.82848111111112,40.63366333333333,2024-02-25,2024-04-08,44,46.5,2.5833333333333335,367.0,18,1.0,1
E001633,Ukraine_Black_Sea,46.115100000000005,29.105661666666666,2024-02-25,2024-06-30,127,23.500000000000004,3.9166666666666674,352.13,6,1.0,1
E001634,Ukraine_Black_Sea,46.540935000000005,38.047305,2024-02-25,2024-02-25,1,2.75,1.375,314.75,2,1.0,1
E001635,Ukraine_Black_Sea,44.594208333333334,27.531696666666665,2024-02-25,2024-04-10,46,17.869999999999997,2.978333333333333,343.07,6,0.3333333333333333,1
E001636,Ukraine_Black_Sea,45.6293625,28.160754999999998,2024-02-25,2024-02-25,1,14.61,3.6525,335.08,4,1.0,1
E001637,Ukraine_Black_Sea,44.783715,39.02373,2024-02-26,2024-02-26,1,8.07,4.035,333.46,2,0.0,1
E001638,Ukraine_Black_Sea,45.84499,39.30345,2024-02-26,2024-03-19,23,16.22,2.703333333333333,336.86,6,0.16666666666666666,1
E001639,Ukraine_Black_Sea,45.890477999999995,40.459391999999994,2024-02-26,2024-03-06,10,158.97,15.897,367.0,10,0.2,1
E001640,Ukraine_Black_Sea,46.7093,30.741846,2024-02-26,2024-06-28,124,28.74,5.747999999999999,348.73,5,0.4,1
E001641,Ukraine_Black_Sea,47.23523875,30.3898775,2024-02-26,2024-03-08,12,24.450000000000003,3.0562500000000004,337.14,8,0.375,1
E001642,Ukraine_Black_Sea,47.75942875,29.5994725,2024-02-26,2024-06-27,123,18.82,2.3525,338.21,8,0.5,1
E001643,Ukraine_Black_Sea,48.50108,31.69439,2024-02-26,2024-02-26,1,2.5,2.5,335.9,1,0.0,1
E001644,Ukraine_Black_Sea,49.282826,31.954791,2024-02-26,2024-05-21,86,31.01,3.101,343.0,10,0.5,1
E001645,Ukraine_Black_Sea,49.9136835632184,32.744369080459784,2024-02-26,2024-06-13,109,445.5900000000001,5.121724137931036,367.0,87,0.05747126436781609,1
E001646,Ukraine_Black_Sea,44.29648,28.06567,2024-02-26,2024-02-26,1,2.91,2.91,329.96,1,0.0,1
E001647,Ukraine_Black_Sea,44.715885,40.66919,2024-02-26,2024-02-26,1,21.96,10.98,353.01,2,0.0,1
E001648,Ukraine_Black_Sea,46.006510000000006,38.896668,2024-02-26,2024-06-30,126,39.82,7.964,367.0,5,0.2,1
E001649,Ukraine_Black_Sea,46.07843,40.10389,2024-02-26,2024-03-12,16,4.43,2.215,329.61,2,0.0,1
E001650,Ukraine_Black_Sea,46.20553,22.82744,2024-02-26,2024-02-26,1,3.66,3.66,329.93,1,0.0,1
E001651,Ukraine_Black_Sea,47.063272000000005,23.645599500000003,2024-02-26,2024-04-12,47,126.47,6.3235,367.0,20,0.05,1
E001652,Ukraine_Black_Sea,47.03435609756097,22.339318048780488,2024-02-26,2024-06-27,123,62.67,1.5285365853658537,334.19,41,0.7804878048780488,1
E001653,Ukraine_Black_Sea,47.27583,23.332485,2024-02-26,2024-03-27,31,6.65,3.325,331.42,2,0.0,1
E001654,Ukraine_Black_Sea,47.42379333333333,29.658703333333335,2024-02-26,2024-03-29,33,10.84,3.6133333333333333,348.89,3,0.0,1
E001655,Ukraine_Black_Sea,47.649767272727274,30.09820393939394,2024-02-26,2024-06-22,118,441.23,13.370606060606061,367.0,33,0.12121212121212122,1
E001656,Ukraine_Black_Sea,47.836210588235296,31.700920588235295,2024-02-26,2024-06-30,126,99.66999999999999,5.862941176470588,353.47,17,0.0,1
E001657,Ukraine_Black_Sea,47.79625222222222,32.049636666666665,2024-02-26,2024-06-18,114,88.66000000000001,4.925555555555556,350.35,18,0.0,1
E001658,Ukraine_Black_Sea,47.85069352941177,34.794371764705886,2024-02-26,2024-05-10,75,99.86,5.874117647058823,355.67,17,0.35294117647058826,1
E001659,Ukraine_Black_Sea,47.93580384615383,32.889361538461536,2024-02-26,2024-06-26,122,56.949999999999996,4.38076923076923,352.46,13,0.23076923076923078,1
E001660,Ukraine_Black_Sea,48.471535,28.715105,2024-02-26,2024-02-26,1,5.8,2.9,331.48,2,0.0,1
E001661,Ukraine_Black_Sea,48.534054000000005,33.01066171428572,2024-02-26,2024-06-27,123,205.23999999999998,5.864,356.13,35,0.2571428571428571,1
E001662,Ukraine_Black_Sea,49.03062673076923,24.105207692307697,2024-02-26,2024-05-25,90,255.61999999999998,4.9157692307692304,367.0,52,0.2692307692307692,1
E001663,Ukraine_Black_Sea,49.32383214285714,23.629989999999996,2024-02-26,2024-05-16,81,42.06,3.0042857142857144,346.81,14,0.14285714285714285,1
E001664,Ukraine_Black_Sea,49.38202,32.56579,2024-02-26,2024-02-26,1,5.48,5.48,353.81,1,0.0,1
E001665,Ukraine_Black_Sea,50.364855000000006,23.895825000000002,2024-02-26,2024-03-30,34,4.96,2.48,327.06,2,0.0,1
E001666,Ukraine_Black_Sea,51.32021,28.57802,2024-02-26,2024-02-26,1,1.85,1.85,307.77,1,1.0,1
E001667,Ukraine_Black_Sea,52.36460486842105,34.94344197368421,2024-02-26,2024-05-28,93,312.14,4.107105263157894,367.0,76,0.15789473684210525,1
E001668,Ukraine_Black_Sea,46.26472,34.204,2024-02-26,2024-02-26,1,0.92,0.92,312.05,1,1.0,1
E001669,Ukraine_Black_Sea,48.978555,31.574550000000002,2024-02-26,2024-04-05,40,2.18,1.09,330.37,2,0.5,1
E001670,Ukraine_Black_Sea,50.54740838461539,26.263838923076925,2024-02-27,2024-05-26,90,251.68000000000004,1.9360000000000002,337.23,130,0.8076923076923077,1
E001671,Ukraine_Black_Sea,45.71221200000001,40.031057999999994,2024-02-27,2024-02-27,1,101.97999999999999,20.395999999999997,367.0,5,0.0,1
E001672,Ukraine_Black_Sea,45.80305142857143,39.79774857142858,2024-02-27,2024-06-26,121,29.399999999999995,4.199999999999999,367.0,7,0.2857142857142857,1
E001673,Ukraine_Black_Sea,46.8891875,38.8173825,2024-02-27,2024-04-11,45,17.85,4.4625,347.54,4,0.25,1
E001674,Ukraine_Black_Sea,46.87817142857143,40.211580000000005,2024-02-27,2024-06-22,117,65.91000000000001,4.707857142857144,357.39,14,0.42857142857142855,1
E001675,Ukraine_Black_Sea,52.596345,29.788535,2024-02-27,2024-06-10,105,3.71,1.855,329.54,2,0.5,1
E001676,Ukraine_Black_Sea,44.044382,23.667279999999998,2024-02-27,2024-06-30,125,39.24,7.848000000000001,342.97,5,0.0,1
E001677,Ukraine_Black_Sea,44.1948525,27.08441,2024-02-27,2024-04-08,42,22.29,5.5725,353.25,4,0.0,1
E001678,Ukraine_Black_Sea,44.790711,33.678439999999995,2024-02-27,2024-05-15,79,38.449999999999996,3.8449999999999998,341.02,10,0.1,1
E001679,Ukraine_Black_Sea,45.01487,33.87933,2024-02-27,2024-04-04,38,40.83,13.61,340.96,3,0.0,1
E001680,Ukraine_Black_Sea,45.47603,28.151960000000003,2024-02-27,2024-03-10,13,6.140000000000001,3.0700000000000003,331.82,2,0.0,1
E001681,Ukraine_Black_Sea,45.88622,38.944263750000005,2024-02-27,2024-03-28,31,79.3,9.9125,367.0,8,0.0,1
E001682,Ukraine_Black_Sea,46.00609166666667,26.135641666666668,2024-02-27,2024-04-09,43,27.14,4.523333333333333,348.04,6,0.0,1
E001683,Ukraine_Black_Sea,46.048958571428564,25.6388,2024-02-27,2024-04-15,49,29.549999999999997,4.221428571428571,336.22,7,0.14285714285714285,1
E001684,Ukraine_Black_Sea,45.934039285714285,38.19305642857143,2024-02-27,2024-06-26,121,319.3,11.403571428571428,367.0,28,0.07142857142857142,1
E001685,Ukraine_Black_Sea,46.16127428571429,40.62688428571429,2024-02-27,2024-04-02,36,29.459999999999997,4.208571428571428,346.71,7,0.0,1
E001686,Ukraine_Black_Sea,46.25035,40.258275,2024-02-27,2024-02-27,1,58.730000000000004,29.365000000000002,367.0,2,0.0,1
E001687,Ukraine_Black_Sea,46.42475999999999,24.80446333333333,2024-02-27,2024-02-27,1,12.51,4.17,344.92,3,0.0,1
E001688,Ukraine_Black_Sea,46.6240625,34.32986625,2024-02-27,2024-04-16,50,28.23,3.52875,337.12,8,0.0,1
E001689,Ukraine_Black_Sea,46.72387,34.281839999999995,2024-02-27,2024-03-31,34,19.89,6.63,355.03,3,0.0,1
E001690,Ukraine_Black_Sea,46.84874,28.096065,2024-02-27,2024-04-05,39,11.559999999999999,5.779999999999999,336.99,2,0.0,1
E001691,Ukraine_Black_Sea,46.36156357142857,22.28831142857143,2024-02-27,2024-04-16,50,152.68999999999997,5.453214285714284,354.8,28,0.21428571428571427,1
E001692,Ukraine_Black_Sea,46.36211,23.19829,2024-02-27,2024-03-23,26,10.16,5.08,335.07,2,0.0,1
E001693,Ukraine_Black_Sea,46.673024999999996,22.293734999999998,2024-02-27,2024-03-23,26,4.64,2.32,327.19,2,0.0,1
E001694,Ukraine_Black_Sea,46.84237136363636,24.774078636363637,2024-02-27,2024-06-30,125,83.26000000000002,3.7845454545454555,340.65,22,0.13636363636363635,1
E001695,Ukraine_Black_Sea,46.90586,22.03711,2024-02-27,2024-02-27,1,1.98,1.98,326.85,1,0.0,1
E001696,Ukraine_Black_Sea,47.1685225,24.6035975,2024-02-27,2024-03-04,7,25.369999999999997,6.342499999999999,349.8,4,0.0,1
E001697,Ukraine_Black_Sea,47.18625,22.22134,2024-02-27,2024-03-30,33,8.469999999999999,2.823333333333333,335.34,3,0.0,1
E001698,Ukraine_Black_Sea,47.845494,26.060352,2024-02-27,2024-03-27,30,20.85,4.17,352.69,5,0.0,1
E001699,Ukraine_Black_Sea,48.056755,36.519225,2024-02-27,2024-03-23,26,9.719999999999999,4.859999999999999,347.56,2,0.0,1
E001700,Ukraine_Black_Sea,48.111225,32.1384125,2024-02-27,2024-04-16,50,121.30000000000001,10.108333333333334,367.0,12,0.0,1
E001701,Ukraine_Black_Sea,48.109523333333335,26.88451333333333,2024-02-27,2024-03-09,12,17.259999999999998,5.753333333333333,344.65,3,0.0,1
E001702,Ukraine_Black_Sea,48.16938,29.63873666666667,2024-02-27,2024-04-11,45,6.16,2.0533333333333332,335.82,3,0.0,1
E001703,Ukraine_Black_Sea,48.160711000000006,29.384255000000003,2024-02-27,2024-05-24,88,50.599999999999994,5.06,355.68,10,0.0,1
E001704,Ukraine_Black_Sea,48.151417499999994,23.604122500000003,2024-02-27,2024-05-13,77,29.41,7.3525,343.78,4,0.0,1
E001705,Ukraine_Black_Sea,48.145201,25.511866000000005,2024-02-27,2024-04-09,43,39.870000000000005,3.9870000000000005,353.69,10,0.0,1
E001706,Ukraine_Black_Sea,48.310396363636364,30.95027,2024-02-27,2024-03-11,14,71.56,6.505454545454546,344.74,11,0.09090909090909091,1
E001707,Ukraine_Black_Sea,48.3044575,28.5885175,2024-02-27,2024-02-27,1,117.29,14.66125,349.09,8,0.0,1
E001708,Ukraine_Black_Sea,48.34870333333333,26.77078333333333,2024-02-27,2024-03-10,13,6.21,2.07,330.75,3,0.0,1
E001709,Ukraine_Black_Sea,48.34758,23.0548,2024-02-27,2024-02-27,1,2.78,2.78,329.79,1,0.0,1
E001710,Ukraine_Black_Sea,48.3532,33.249264999999994,2024-02-27,2024-03-11,14,4.04,2.02,331.03,2,0.0,1
E001711,Ukraine_Black_Sea,48.442865,28.168605,2024-02-27,2024-03-09,12,17.4,8.7,344.59,2,0.0,1
E001712,Ukraine_Black_Sea,48.6184,30.93309,2024-02-27,2024-02-27,1,6.71,6.71,344.95,1,0.0,1
E001713,Ukraine_Black_Sea,48.812965000000005,36.165749999999996,2024-02-27,2024-04-30,64,41.52,4.152,344.21,10,0.2,1
E001714,Ukraine_Black_Sea,48.7738,27.62571,2024-02-27,2024-02-27,1,4.87,4.87,339.72,1,0.0,1
E001715,Ukraine_Black_Sea,48.71872,28.952045000000002,2024-02-27,2024-04-09,43,89.96,14.993333333333332,367.0,6,0.0,1
E001716,Ukraine_Black_Sea,48.847578,29.235408,2024-02-27,2024-03-09,12,28.57,5.714,344.96,5,0.0,1
E001717,Ukraine_Black_Sea,49.18187266666666,26.71737466666666,2024-02-27,2024-06-29,124,159.68000000000004,5.3226666666666675,367.0,30,0.43333333333333335,1
E001718,Ukraine_Black_Sea,49.412438333333334,24.455485,2024-02-27,2024-04-09,43,64.04,10.673333333333334,341.18,6,0.0,1
E001719,Ukraine_Black_Sea,49.464479999999995,27.451905999999997,2024-02-27,2024-04-12,46,27.59,5.518,367.0,5,0.0,1
E001720,Ukraine_Black_Sea,49.57747333333333,28.681070000000002,2024-02-27,2024-02-29,3,12.100000000000001,4.033333333333334,328.71,3,0.0,1
E001721,Ukraine_Black_Sea,49.55346391304347,23.530872608695656,2024-02-27,2024-05-04,68,113.22999999999998,4.923043478260868,367.0,23,0.17391304347826086,1
E001722,Ukraine_Black_Sea,49.93371166666666,28.460878666666666,2024-02-27,2024-06-29,124,190.40999999999997,6.346999999999999,349.9,30,0.1,1
E001723,Ukraine_Black_Sea,50.43613833333333,30.075340833333332,2024-02-27,2024-05-03,67,73.45,6.120833333333334,351.85,12,0.0,1
E001724,Ukraine_Black_Sea,50.71285,25.83438,2024-02-27,2024-02-27,1,7.9,7.9,344.72,1,0.0,1
E001725,Ukraine_Black_Sea,51.92683,27.12892,2024-02-27,2024-02-27,1,2.63,2.63,327.71,1,0.0,1
E001726,Ukraine_Black_Sea,45.39647,39.77948,2024-02-27,2024-02-27,1,0.79,0.79,304.83,1,1.0,1
E001727,Ukraine_Black_Sea,45.584275000000005,39.24601,2024-02-27,2024-03-19,22,12.58,3.145,331.12,4,1.0,1
E001728,Ukraine_Black_Sea,45.94701,38.569525999999996,2024-02-27,2024-03-25,28,22.990000000000002,4.598000000000001,332.62,5,0.2,1
E001729,Ukraine_Black_Sea,48.15239,25.109395,2024-02-28,2024-03-23,25,3.45,1.725,327.27,2,0.5,1
E001730,Ukraine_Black_Sea,46.99036833333333,40.55668,2024-02-28,2024-06-12,106,16.900000000000002,2.816666666666667,344.9,6,0.3333333333333333,1
E001731,Ukraine_Black_Sea,50.587382,39.734787,2024-02-28,2024-04-08,41,45.58,4.558,343.17,10,0.0,1
E001732,Ukraine_Black_Sea,44.28957,25.44436,2024-02-28,2024-04-05,38,11.95,5.975,334.28,2,0.0,1
E001733,Ukraine_Black_Sea,45.51467,33.572985,2024-02-28,2024-02-28,1,4.45,2.225,327.8,2,0.0,1
E001734,Ukraine_Black_Sea,45.51553,26.553559999999997,2024-02-28,2024-02-28,1,17.52,8.76,341.66,2,0.0,1
E001735,Ukraine_Black_Sea,45.70066,28.78506,2024-02-28,2024-02-28,1,5.02,5.02,330.27,1,0.0,1
E001736,Ukraine_Black_Sea,45.7686625,34.1779575,2024-02-28,2024-06-30,124,53.19,13.2975,345.33,4,0.0,1
E001737,Ukraine_Black_Sea,45.85686,29.68958,2024-02-28,2024-02-28,1,3.34,3.34,336.0,1,0.0,1
E001738,Ukraine_Black_Sea,45.97641,29.4784,2024-02-28,2024-02-28,1,2.39,2.39,339.03,1,0.0,1
E001739,Ukraine_Black_Sea,46.1318525,32.54124,2024-02-28,2024-06-28,122,14.860000000000001,3.7150000000000003,344.06,4,0.0,1
E001740,Ukraine_Black_Sea,46.224005000000005,34.411585,2024-02-28,2024-02-28,1,8.2,4.1,331.57,2,0.0,1
E001741,Ukraine_Black_Sea,46.77526,27.00691,2024-02-28,2024-02-28,1,4.88,4.88,338.09,1,0.0,1
E001742,Ukraine_Black_Sea,47.00781,26.63767,2024-02-28,2024-02-28,1,2.71,2.71,329.79,1,0.0,1
E001743,Ukraine_Black_Sea,47.43342285714286,27.21720333333334,2024-02-28,2024-05-21,84,109.83000000000001,5.23,354.09,21,0.0,1
E001744,Ukraine_Black_Sea,47.41731333333333,32.743293333333334,2024-02-28,2024-04-12,45,9.54,3.1799999999999997,335.36,3,0.0,1
E001745,Ukraine_Black_Sea,47.44984,26.3813,2024-02-28,2024-02-28,1,2.59,2.59,326.73,1,0.0,1
E001746,Ukraine_Black_Sea,47.48489,26.9062,2024-02-28,2024-02-28,1,3.08,3.08,330.14,1,0.0,1
E001747,Ukraine_Black_Sea,47.69431,34.76907,2024-02-28,2024-02-28,1,2.64,2.64,329.22,1,0.0,1
E001748,Ukraine_Black_Sea,47.74276,35.610268,2024-02-28,2024-03-28,30,42.97,8.594,349.28,5,0.0,1
E001749,Ukraine_Black_Sea,47.86545666666667,26.70956,2024-02-28,2024-04-03,36,13.47,4.49,339.78,3,0.0,1
E001750,Ukraine_Black_Sea,47.983383333333336,32.50063333333333,2024-02-28,2024-03-31,33,42.699999999999996,14.233333333333333,336.28,3,0.0,1
E001751,Ukraine_Black_Sea,48.19135,28.4435,2024-02-28,2024-02-28,1,1.31,1.31,327.34,1,0.0,1
E001752,Ukraine_Black_Sea,48.32935666666666,27.86680555555556,2024-02-28,2024-06-20,114,63.33,7.036666666666666,367.0,9,0.1111111111111111,1
E001753,Ukraine_Black_Sea,48.40461352941177,27.11458294117647,2024-02-28,2024-06-29,123,51.760000000000005,3.0447058823529414,349.35,17,0.35294117647058826,1
E001754,Ukraine_Black_Sea,48.43430333333333,32.44209333333333,2024-02-28,2024-03-04,6,18.560000000000002,6.186666666666667,349.77,3,0.0,1
E001755,Ukraine_Black_Sea,48.492908,24.695959,2024-02-28,2024-04-15,48,44.24,4.424,367.0,10,0.1,1
E001756,Ukraine_Black_Sea,48.60665,31.169315,2024-02-28,2024-03-31,33,2.89,1.445,333.11,2,0.0,1
E001757,Ukraine_Black_Sea,48.74850543209877,26.60741851851852,2024-02-28,2024-06-29,123,97.91,1.2087654320987653,342.43,81,0.9753086419753086,1
E001758,Ukraine_Black_Sea,48.94871333333333,29.434693333333332,2024-02-28,2024-03-10,12,9.49,3.1633333333333336,340.81,3,0.0,1
E001759,Ukraine_Black_Sea,49.451837731092425,36.09039924369748,2024-02-28,2024-06-22,116,1312.2899999999997,11.027647058823527,367.0,119,0.025210084033613446,1
E001760,Ukraine_Black_Sea,49.25124615384615,39.34312307692307,2024-02-28,2024-04-22,55,46.96000000000001,3.612307692307693,344.82,13,0.15384615384615385,1
E001761,Ukraine_Black_Sea,49.636579999999995,32.702701875,2024-02-28,2024-05-06,69,106.28,6.6425,349.65,16,0.0625,1
E001762,Ukraine_Black_Sea,50.38049734177214,39.010526329113915,2024-02-28,2024-05-27,90,454.73999999999995,5.756202531645569,367.0,79,0.16455696202531644,1
E001763,Ukraine_Black_Sea,50.50273,28.438555,2024-02-28,2024-02-28,1,6.7700000000000005,3.3850000000000002,329.79,2,0.0,1
E001764,Ukraine_Black_Sea,50.8586,28.25577,2024-02-28,2024-02-28,1,3.02,3.02,325.91,1,0.0,1
E001765,Ukraine_Black_Sea,51.21323272727273,27.966846818181818,2024-02-28,2024-04-30,63,106.6,4.845454545454545,367.0,22,0.0,1
E001766,Ukraine_Black_Sea,51.2448,31.14084,2024-02-28,2024-02-28,1,3.15,3.15,330.47,1,0.0,1
E001767,Ukraine_Black_Sea,51.3606,27.20264,2024-02-28,2024-02-28,1,2.02,2.02,325.27,1,0.0,1
E001768,Ukraine_Black_Sea,47.30032,23.109189999999998,2024-02-28,2024-02-28,1,8.86,4.43,335.0,2,0.0,1
E001769,Ukraine_Black_Sea,46.673246666666664,39.77791666666666,2024-02-28,2024-02-28,1,2.99,0.9966666666666667,302.6,3,1.0,1
E001770,Ukraine_Black_Sea,46.536674375000004,38.95593,2024-02-29,2024-05-23,85,137.45,8.590625,367.0,16,0.0625,1
E001771,Ukraine_Black_Sea,46.124915,40.95811499999999,2024-02-29,2024-04-11,43,37.69,4.71125,367.0,8,0.5,1
E001772,Ukraine_Black_Sea,46.646212500000004,39.574549375000004,2024-02-29,2024-06-21,114,58.61,3.663125,355.13,16,0.1875,1
E001773,Ukraine_Black_Sea,46.678709,38.126558,2024-02-29,2024-06-21,114,89.82999999999998,8.982999999999999,350.51,10,0.5,1
E001774,Ukraine_Black_Sea,46.720442500000004,40.937619999999995,2024-02-29,2024-03-21,22,11.43,2.8575,340.65,4,0.0,1
E001775,Ukraine_Black_Sea,47.624695,32.78954,2024-02-29,2024-02-29,1,6.42,3.21,337.39,2,0.0,1
E001776,Ukraine_Black_Sea,47.88446,32.63223,2024-02-29,2024-02-29,1,1.38,1.38,329.5,1,0.0,1
E001777,Ukraine_Black_Sea,47.99932333333334,29.643853333333336,2024-02-29,2024-04-08,40,11.41,3.8033333333333332,344.82,3,0.0,1
E001778,Ukraine_Black_Sea,48.027636666666666,28.41049666666667,2024-02-29,2024-04-11,43,41.32,13.773333333333333,345.98,3,0.0,1
E001779,Ukraine_Black_Sea,48.054921,31.672625000000004,2024-02-29,2024-04-13,45,138.82999999999998,6.9415,367.0,20,0.3,1
E001780,Ukraine_Black_Sea,48.096435,32.45336,2024-02-29,2024-02-29,1,4.3999999999999995,2.1999999999999997,336.0,2,0.0,1
E001781,Ukraine_Black_Sea,48.20131,32.96765,2024-02-29,2024-02-29,1,4.21,4.21,334.55,1,0.0,1
E001782,Ukraine_Black_Sea,48.49638,25.85389,2024-02-29,2024-02-29,1,7.82,7.82,341.43,1,0.0,1
E001783,Ukraine_Black_Sea,48.89994,32.46871,2024-02-29,2024-02-29,1,1.79,1.79,331.8,1,0.0,1
E001784,Ukraine_Black_Sea,48.898812500000005,34.35083125,2024-02-29,2024-04-10,42,37.02,4.6275,349.55,8,0.0,1
E001785,Ukraine_Black_Sea,48.96260214285714,35.679296904761905,2024-02-29,2024-04-15,47,216.7,5.159523809523809,367.0,42,0.07142857142857142,1
E001786,Ukraine_Black_Sea,49.82314142857143,31.862626190476195,2024-02-29,2024-04-12,44,68.73,3.272857142857143,340.39,21,0.0,1
E001787,Ukraine_Black_Sea,48.777045,22.452015000000003,2024-02-29,2024-06-20,113,12.379999999999999,6.1899999999999995,341.99,2,0.0,1
E001788,Ukraine_Black_Sea,49.22069,23.86677,2024-02-29,2024-02-29,1,2.65,2.65,333.9,1,0.0,1
E001789,Ukraine_Black_Sea,49.30954,23.98908,2024-02-29,2024-02-29,1,3.49,3.49,325.37,1,0.0,1
E001790,Ukraine_Black_Sea,49.40237,24.66863,2024-02-29,2024-02-29,1,2.39,2.39,328.7,1,0.0,1
E001791,Ukraine_Black_Sea,49.63274333333334,24.719336666666663,2024-02-29,2024-05-16,78,12.66,4.22,351.62,3,0.0,1
E001792,Ukraine_Black_Sea,50.013623499999994,29.649699499999997,2024-02-29,2024-05-27,89,87.72000000000001,4.386000000000001,367.0,20,0.15,1
E001793,Ukraine_Black_Sea,49.95307,24.297179999999997,2024-02-29,2024-05-29,91,9.92,4.96,338.2,2,0.0,1
E001794,Ukraine_Black_Sea,50.11907,31.42641,2024-02-29,2024-02-29,1,5.08,5.08,329.06,1,0.0,1
E001795,Ukraine_Black_Sea,50.221671052631585,30.49353368421053,2024-02-29,2024-06-12,105,259.97,13.68263157894737,355.77,19,0.10526315789473684,1
E001796,Ukraine_Black_Sea,50.88968,30.04539,2024-02-29,2024-02-29,1,2.75,2.75,330.11,1,0.0,1
E001797,Ukraine_Black_Sea,48.638164,28.447892000000003,2024-02-29,2024-03-26,27,52.49,10.498000000000001,341.6,5,0.0,1
E001798,Ukraine_Black_Sea,49.077883333333325,25.362076666666667,2024-02-29,2024-05-25,87,13.309999999999999,4.4366666666666665,342.93,3,0.0,1
E001799,Ukraine_Black_Sea,49.2153275,22.955705,2024-02-29,2024-04-09,41,17.16,4.29,345.62,4,0.0,1
E001800,Ukraine_Black_Sea,49.42879,22.98194,2024-02-29,2024-02-29,1,2.15,2.15,328.23,1,0.0,1
E001801,Ukraine_Black_Sea,49.788757999999994,23.6465,2024-02-29,2024-06-18,111,46.300000000000004,3.086666666666667,351.73,15,0.2,1
E001802,Ukraine_Black_Sea,50.07191,30.0051575,2024-02-29,2024-03-10,11,26.76,6.69,330.69,4,0.0,1
E001803,Ukraine_Black_Sea,50.711438,35.017945,2024-03-01,2024-04-12,43,234.41000000000003,11.720500000000001,350.22,20,0.2,1
E001804,Ukraine_Black_Sea,52.91330076923077,33.495742564102564,2024-03-02,2024-06-22,113,116.91000000000003,2.9976923076923083,341.45,39,0.6666666666666666,1
E001805,Ukraine_Black_Sea,49.631330000000005,31.135489999999997,2024-03-02,2024-05-26,86,20.35,4.07,341.97,5,0.0,1
E001806,Ukraine_Black_Sea,49.36477545454545,38.84899909090909,2024-03-02,2024-04-11,41,71.16,6.469090909090909,367.0,11,0.18181818181818182,1
E001807,Ukraine_Black_Sea,49.48715,32.458664999999996,2024-03-02,2024-03-08,7,4.0,2.0,331.57,2,0.0,1
E001808,Ukraine_Black_Sea,50.61833,34.23854,2024-03-02,2024-04-30,60,54.11,6.012222222222222,351.33,9,0.0,1
E001809,Ukraine_Black_Sea,50.99861454545455,34.5472,2024-03-02,2024-04-14,44,48.01,4.364545454545454,367.0,11,0.0,1
E001810,Ukraine_Black_Sea,52.40695333333334,31.081239999999998,2024-03-02,2024-05-19,79,9.0,3.0,339.68,3,0.0,1
E001811,Ukraine_Black_Sea,52.310035,33.79499625,2024-03-02,2024-04-12,42,14.67,1.83375,334.77,8,0.875,1
E001812,Ukraine_Black_Sea,52.826415,26.083305,2024-03-02,2024-03-02,1,2.3,1.15,298.19,2,1.0,1
E001813,Ukraine_Black_Sea,48.18429230769231,34.00028153846154,2024-03-03,2024-03-28,26,73.82000000000001,5.678461538461539,355.74,13,0.0,1
E001814,Ukraine_Black_Sea,44.44425,23.708650000000002,2024-03-03,2024-05-11,70,15.900000000000002,3.9750000000000005,346.99,4,0.0,1
E001815,Ukraine_Black_Sea,44.69972222222222,25.24930388888889,2024-03-03,2024-06-05,95,71.39,3.966111111111111,356.67,18,0.0,1
E001816,Ukraine_Black_Sea,46.442429999999995,38.5137225,2024-03-03,2024-04-07,36,20.57,5.1425,346.75,4,0.5,1
E001817,Ukraine_Black_Sea,46.34167272727273,23.620116363636363,2024-03-03,2024-04-12,41,36.6,3.3272727272727276,354.06,11,0.0,1
E001818,Ukraine_Black_Sea,46.503146,27.594622000000005,2024-03-03,2024-04-16,45,15.64,3.128,333.61,5,0.0,1
E001819,Ukraine_Black_Sea,47.05861,24.69103,2024-03-03,2024-03-03,1,4.06,4.06,336.47,1,0.0,1
E001820,Ukraine_Black_Sea,47.579017500000006,29.618924999999997,2024-03-03,2024-03-05,3,17.819999999999997,4.454999999999999,345.96,4,0.0,1
E001821,Ukraine_Black_Sea,47.705827500000005,24.7116075,2024-03-03,2024-05-14,73,19.220000000000002,4.805000000000001,353.53,4,0.0,1
E001822,Ukraine_Black_Sea,47.964231,28.671519,2024-03-03,2024-05-05,64,26.090000000000003,2.6090000000000004,339.75,10,0.2,1
E001823,Ukraine_Black_Sea,48.067705000000004,33.150985,2024-03-03,2024-03-03,1,8.64,4.32,337.98,2,0.0,1
E001824,Ukraine_Black_Sea,48.16205666666667,22.255436666666668,2024-03-03,2024-04-13,42,11.03,3.6766666666666663,341.48,3,0.0,1
E001825,Ukraine_Black_Sea,48.500585,29.475565000000003,2024-03-03,2024-03-03,1,11.86,5.93,332.82,2,0.0,1
E001826,Ukraine_Black_Sea,50.429345000000005,27.42415166666667,2024-03-03,2024-03-29,27,18.859999999999996,3.1433333333333326,329.77,6,0.5,1
E001827,Ukraine_Black_Sea,50.99303666666666,26.65884777777778,2024-03-03,2024-04-10,39,23.000000000000004,2.555555555555556,332.48,9,0.0,1
E001828,Ukraine_Black_Sea,51.49034,27.613634,2024-03-03,2024-05-16,75,18.5,3.7,335.27,5,0.0,1
E001829,Ukraine_Black_Sea,47.074775,27.495145,2024-03-04,2024-03-04,1,1.48,0.74,304.47,2,1.0,1
E001830,Ukraine_Black_Sea,47.7899483464567,28.985511732283467,2024-03-04,2024-06-30,119,150.58000000000004,1.185669291338583,339.81,127,0.9606299212598425,1
E001831,Ukraine_Black_Sea,44.02603,27.79784,2024-03-04,2024-03-04,1,1.56,1.56,326.43,1,0.0,1
E001832,Ukraine_Black_Sea,44.86124,25.55688,2024-03-04,2024-03-04,1,3.01,3.01,331.47,1,0.0,1
E001833,Ukraine_Black_Sea,45.09221,26.67691,2024-03-04,2024-03-04,1,3.01,3.01,331.84,1,0.0,1
E001834,Ukraine_Black_Sea,45.376395,27.592875,2024-03-04,2024-03-10,7,4.87,2.435,333.74,2,0.0,1
E001835,Ukraine_Black_Sea,45.80975333333333,24.260296666666665,2024-03-04,2024-03-09,6,8.379999999999999,2.793333333333333,332.94,3,0.0,1
E001836,Ukraine_Black_Sea,46.373425,28.580125,2024-03-04,2024-06-27,116,8.81,4.405,340.44,2,0.0,1
E001837,Ukraine_Black_Sea,46.45499,29.62192,2024-03-04,2024-03-04,1,1.92,1.92,325.18,1,0.0,1
E001838,Ukraine_Black_Sea,46.74067,27.51922,2024-03-04,2024-03-04,1,2.37,2.37,330.04,1,0.0,1
E001839,Ukraine_Black_Sea,46.989245,32.165515,2024-03-04,2024-03-04,1,10.290000000000001,5.1450000000000005,350.99,2,0.0,1
E001840,Ukraine_Black_Sea,47.020035,29.892105,2024-03-04,2024-06-19,108,4.91,2.455,337.69,2,0.0,1
E001841,Ukraine_Black_Sea,47.38981571428571,27.774688571428573,2024-03-04,2024-05-06,64,104.80000000000001,14.971428571428573,354.33,7,0.0,1
E001842,Ukraine_Black_Sea,47.59327666666667,32.95289333333333,2024-03-04,2024-06-30,119,33.260000000000005,11.086666666666668,350.22,3,0.0,1
E001843,Ukraine_Black_Sea,47.558596666666666,27.586863333333337,2024-03-04,2024-03-28,25,4.84,1.6133333333333333,336.4,3,0.6666666666666666,1
E001844,Ukraine_Black_Sea,47.801964999999996,28.132875,2024-03-04,2024-03-10,7,215.5,107.75,347.5,2,0.0,1
E001845,Ukraine_Black_Sea,48.172436,32.664280000000005,2024-03-04,2024-04-02,30,15.14,3.028,332.81,5,0.2,1
E001846,Ukraine_Black_Sea,48.30374,28.33196,2024-03-04,2024-03-04,1,1.89,1.89,326.32,1,0.0,1
E001847,Ukraine_Black_Sea,48.321124999999995,22.72568,2024-03-04,2024-04-11,39,11.440000000000001,5.720000000000001,331.43,2,0.0,1
E001848,Ukraine_Black_Sea,48.670945,29.290915,2024-03-04,2024-03-04,1,6.82,3.41,338.83,2,0.0,1
E001849,Ukraine_Black_Sea,48.98890333333333,32.24067333333333,2024-03-04,2024-04-03,31,8.46,2.8200000000000003,340.05,3,0.3333333333333333,1
E001850,Ukraine_Black_Sea,48.99688,27.84822,2024-03-04,2024-03-04,1,3.57,3.57,334.33,1,0.0,1
E001851,Ukraine_Black_Sea,49.08062785714286,28.230728571428575,2024-03-04,2024-04-14,42,73.64,5.26,344.73,14,0.0,1
E001852,Ukraine_Black_Sea,49.07095333333333,30.31625,2024-03-04,2024-05-04,62,18.869999999999997,6.289999999999999,367.0,3,0.0,1
E001853,Ukraine_Black_Sea,49.17066,32.351659999999995,2024-03-04,2024-03-04,1,5.6899999999999995,2.8449999999999998,330.4,2,0.0,1
E001854,Ukraine_Black_Sea,49.17645,27.877205,2024-03-04,2024-03-04,1,8.65,4.325,331.3,2,0.0,1
E001855,Ukraine_Black_Sea,49.240185,30.588124999999998,2024-03-04,2024-03-04,1,6.02,3.01,330.76,2,0.0,1
E001856,Ukraine_Black_Sea,49.26271,30.78833,2024-03-04,2024-03-04,1,3.18,3.18,335.6,1,0.0,1
E001857,Ukraine_Black_Sea,49.64308,30.499568,2024-03-04,2024-03-11,8,13.56,2.712,330.06,5,0.2,1
E001858,Ukraine_Black_Sea,49.7042438095238,36.33179619047618,2024-03-04,2024-05-07,65,180.06,8.574285714285715,367.0,21,0.3333333333333333,1
E001859,Ukraine_Black_Sea,49.702846666666666,30.768739999999998,2024-03-04,2024-06-29,118,12.4,4.133333333333334,337.0,3,0.0,1
E001860,Ukraine_Black_Sea,49.5097,26.76917,2024-03-04,2024-03-04,1,4.17,4.17,339.32,1,0.0,1
E001861,Ukraine_Black_Sea,49.89429,28.22668,2024-03-04,2024-04-02,30,4.76,2.38,334.76,2,0.0,1
E001862,Ukraine_Black_Sea,49.90998,31.41307,2024-03-04,2024-03-04,1,4.09,4.09,332.29,1,0.0,1
E001863,Ukraine_Black_Sea,51.35026,32.16726,2024-03-04,2024-03-04,1,16.31,16.31,336.67,1,0.0,1
E001864,Ukraine_Black_Sea,51.25008,29.72158,2024-03-05,2024-03-05,1,1.17,1.17,306.12,1,1.0,1
E001865,Ukraine_Black_Sea,44.10547,27.45902,2024-03-05,2024-03-05,1,3.84,3.84,331.39,1,0.0,1
E001866,Ukraine_Black_Sea,46.481049999999996,25.11602,2024-03-05,2024-03-05,1,10.47,5.235,334.17,2,0.0,1
E001867,Ukraine_Black_Sea,47.062195,23.103275,2024-03-05,2024-03-05,1,10.469999999999999,5.234999999999999,354.71,2,0.0,1
E001868,Ukraine_Black_Sea,48.98482,36.30098,2024-03-05,2024-03-05,1,4.85,4.85,329.03,1,0.0,1
E001869,Ukraine_Black_Sea,49.30147,36.5118,2024-03-05,2024-03-05,1,5.58,5.58,333.4,1,0.0,1
E001870,Ukraine_Black_Sea,47.94250333333334,22.959339999999997,2024-03-05,2024-04-10,37,9.85,3.283333333333333,343.26,3,0.0,1
E001871,Ukraine_Black_Sea,48.868595,26.20745,2024-03-05,2024-03-08,4,16.37,8.185,344.34,2,0.0,1
E001872,Ukraine_Black_Sea,48.90594333333334,27.17614,2024-03-05,2024-04-04,31,5.37,1.79,326.25,3,0.3333333333333333,1
E001873,Ukraine_Black_Sea,49.12109,25.7831,2024-03-05,2024-03-05,1,2.66,2.66,326.64,1,0.0,1
E001874,Ukraine_Black_Sea,49.205325,27.246265,2024-03-05,2024-03-08,4,6.959999999999999,3.4799999999999995,332.07,2,0.0,1
E001875,Ukraine_Black_Sea,49.34291,28.82063,2024-03-05,2024-03-05,1,6.43,6.43,345.16,1,0.0,1
E001876,Ukraine_Black_Sea,49.484365,31.795769999999997,2024-03-05,2024-03-11,7,7.210000000000001,3.6050000000000004,330.01,2,0.0,1
E001877,Ukraine_Black_Sea,49.957325,25.89154,2024-03-05,2024-03-05,1,6.99,3.495,330.88,2,0.0,1
E001878,Ukraine_Black_Sea,49.98644,32.32119,2024-03-05,2024-03-05,1,14.81,14.81,339.14,1,0.0,1
E001879,Ukraine_Black_Sea,50.3062,29.1349375,2024-03-05,2024-03-31,27,21.369999999999997,5.342499999999999,343.66,4,0.0,1
E001880,Ukraine_Black_Sea,50.6016168,27.576476799999995,2024-03-05,2024-05-13,70,182.92000000000002,7.316800000000001,347.94,25,0.56,1
E001881,Ukraine_Black_Sea,50.65146181818182,28.280383636363638,2024-03-05,2024-06-06,94,53.05,4.822727272727272,348.55,11,0.09090909090909091,1
E001882,Ukraine_Black_Sea,51.293216666666666,28.821257777777777,2024-03-05,2024-06-08,96,43.24999999999999,4.8055555555555545,349.83,9,0.1111111111111111,1
E001883,Ukraine_Black_Sea,51.31389,33.6839,2024-03-05,2024-03-05,1,2.89,2.89,325.29,1,0.0,1
E001884,Ukraine_Black_Sea,45.06164,24.59506,2024-03-05,2024-03-05,1,5.69,2.845,332.39,2,0.0,1
E001885,Ukraine_Black_Sea,46.43394,24.53402,2024-03-05,2024-03-05,1,2.65,2.65,327.7,1,0.0,1
E001886,Ukraine_Black_Sea,47.9672675,23.827887500000003,2024-03-05,2024-04-13,40,26.34,6.585,355.55,4,0.0,1
E001887,Ukraine_Black_Sea,48.66063,27.3442,2024-03-05,2024-03-05,1,5.28,5.28,330.32,1,0.0,1
E001888,Ukraine_Black_Sea,48.91016,25.2689,2024-03-05,2024-03-05,1,3.73,3.73,326.35,1,0.0,1
E001889,Ukraine_Black_Sea,45.756499999999996,40.713856666666665,2024-03-05,2024-06-07,95,12.64,4.213333333333334,339.51,3,0.6666666666666666,1
E001890,Ukraine_Black_Sea,45.2997,40.96461,2024-03-06,2024-03-06,1,3.15,3.15,331.66,1,0.0,1
E001891,Ukraine_Black_Sea,45.422545,36.211560000000006,2024-03-06,2024-03-06,1,13.330000000000002,6.665000000000001,342.86,2,0.0,1
E001892,Ukraine_Black_Sea,45.58524,40.96005,2024-03-06,2024-03-06,1,13.5,13.5,334.05,1,0.0,1
E001893,Ukraine_Black_Sea,45.65093,39.01129,2024-03-06,2024-03-06,1,26.02,13.01,346.14,2,0.0,1
E001894,Ukraine_Black_Sea,46.09793,39.09832,2024-03-06,2024-03-06,1,3.09,3.09,334.6,1,0.0,1
E001895,Ukraine_Black_Sea,47.431396666666664,32.230311666666665,2024-03-06,2024-06-30,117,47.45,7.908333333333334,348.75,6,0.0,1
E001896,Ukraine_Black_Sea,49.339145,32.946537500000005,2024-03-06,2024-04-13,39,24.09,6.0225,345.08,4,0.0,1
E001897,Ukraine_Black_Sea,47.30775333333333,31.624256666666668,2024-03-06,2024-06-27,114,29.020000000000003,4.836666666666667,345.08,6,0.6666666666666666,1
E001898,Ukraine_Black_Sea,47.705132000000006,30.871879999999997,2024-03-06,2024-03-11,6,13.450000000000003,2.6900000000000004,348.32,5,0.4,1
E001899,Ukraine_Black_Sea,48.72053833333333,31.334321666666668,2024-03-07,2024-03-23,17,33.449999999999996,5.574999999999999,346.66,6,0.16666666666666666,1
E001900,Ukraine_Black_Sea,45.16548,28.92973,2024-03-07,2024-03-07,1,12.85,6.425,339.37,2,1.0,1
E001901,Ukraine_Black_Sea,46.67966,35.1724775,2024-03-07,2024-06-23,109,21.560000000000002,5.390000000000001,345.64,4,0.0,1
E001902,Ukraine_Black_Sea,47.63847,29.240029999999997,2024-03-07,2024-04-09,34,3.51,1.755,336.36,2,0.0,1
E001903,Ukraine_Black_Sea,48.564994999999996,32.532264999999995,2024-03-07,2024-03-07,1,17.8,8.9,351.41,2,0.0,1
E001904,Ukraine_Black_Sea,48.78818666666666,35.36414333333333,2024-03-07,2024-03-07,1,22.86,7.62,345.72,3,0.0,1
E001905,Ukraine_Black_Sea,51.33077666666667,32.49375166666666,2024-03-07,2024-05-22,77,28.990000000000002,4.831666666666667,339.63,6,0.0,1
E001906,Ukraine_Black_Sea,50.93100666666667,27.56723,2024-03-07,2024-04-09,34,46.239999999999995,7.706666666666666,338.66,6,0.0,1
E001907,Ukraine_Black_Sea,51.73990166666667,31.560348333333337,2024-03-07,2024-03-11,5,34.0,5.666666666666667,353.04,6,0.0,1
E001908,Ukraine_Black_Sea,52.147981200000004,34.5016076,2024-03-07,2024-05-28,83,85.72999999999999,3.4292,349.48,25,0.24,1
E001909,Ukraine_Black_Sea,52.57232282051282,33.23509051282052,2024-03-07,2024-06-30,116,368.38,4.722820512820513,354.22,78,0.0641025641025641,1
E001910,Ukraine_Black_Sea,48.348569999999995,32.685676666666666,2024-03-07,2024-04-05,30,17.78,5.926666666666667,336.23,3,0.0,1
E001911,Ukraine_Black_Sea,50.936245,28.58322,2024-03-07,2024-04-12,37,7.92,3.96,335.85,2,0.0,1
E001912,Ukraine_Black_Sea,51.05774,29.86288,2024-03-07,2024-03-07,1,2.06,2.06,331.93,1,0.0,1
E001913,Ukraine_Black_Sea,52.36282,33.39786,2024-03-07,2024-03-07,1,4.91,4.91,341.16,1,0.0,1
E001914,Ukraine_Black_Sea,48.743764999999996,29.51113,2024-03-08,2024-03-08,1,12.1,6.05,351.69,2,0.0,1
E001915,Ukraine_Black_Sea,49.05342066666666,29.908182000000004,2024-03-08,2024-05-13,67,67.16,4.477333333333333,367.0,15,0.2,1
E001916,Ukraine_Black_Sea,50.85387037037038,40.25028925925926,2024-03-08,2024-06-26,111,219.76999999999998,8.13962962962963,354.6,27,0.07407407407407407,1
E001917,Ukraine_Black_Sea,49.089415,26.200945,2024-03-08,2024-03-08,1,9.2,4.6,334.66,2,0.0,1
E001918,Ukraine_Black_Sea,49.661345555555556,29.28477888888889,2024-03-08,2024-04-11,35,34.46,3.828888888888889,350.65,9,0.0,1
E001919,Ukraine_Black_Sea,51.32193,31.59442,2024-03-08,2024-03-08,1,21.23,3.5383333333333336,349.2,6,0.0,1
E001920,Ukraine_Black_Sea,48.1140657142857,31.273194285714286,2024-03-08,2024-06-26,111,70.42,10.06,367.0,7,0.0,1
E001921,Ukraine_Black_Sea,48.186240833333336,30.57642,2024-03-08,2024-04-08,32,106.8,8.9,338.78,12,0.08333333333333333,1
E001922,Ukraine_Black_Sea,48.53737,27.83882,2024-03-08,2024-03-08,1,2.71,2.71,331.94,1,0.0,1
E001923,Ukraine_Black_Sea,48.62573,31.65286,2024-03-08,2024-03-08,1,1.82,1.82,328.93,1,0.0,1
E001924,Ukraine_Black_Sea,48.87458,30.033202857142857,2024-03-08,2024-06-05,90,28.470000000000002,4.067142857142858,348.43,7,0.2857142857142857,1
E001925,Ukraine_Black_Sea,48.88610499999999,27.343151666666667,2024-03-08,2024-05-10,64,77.68,12.946666666666667,367.0,6,0.0,1
E001926,Ukraine_Black_Sea,49.24662166666667,28.801666666666673,2024-03-08,2024-03-08,1,35.61,5.935,333.85,6,0.0,1
E001927,Ukraine_Black_Sea,49.329783750000004,29.390225,2024-03-08,2024-03-11,4,26.18,3.2725,345.65,8,0.0,1
E001928,Ukraine_Black_Sea,49.985997499999996,33.676995,2024-03-08,2024-05-18,72,22.84,2.855,340.44,8,0.5,1
E001929,Ukraine_Black_Sea,50.27668,26.6763,2024-03-08,2024-03-08,1,3.35,3.35,329.58,1,0.0,1
E001930,Ukraine_Black_Sea,50.60061452380952,30.904202380952388,2024-03-08,2024-06-30,115,376.49000000000007,8.964047619047621,367.0,42,0.19047619047619047,1
E001931,Ukraine_Black_Sea,50.80811,34.71294,2024-03-08,2024-03-31,24,8.32,4.16,331.22,2,0.0,1
E001932,Ukraine_Black_Sea,51.265274,33.115013999999995,2024-03-08,2024-05-28,82,12.629999999999999,2.526,337.85,5,0.2,1
E001933,Ukraine_Black_Sea,51.4869725,31.2013375,2024-03-08,2024-05-26,80,17.23,4.3075,348.45,4,0.25,1
E001934,Ukraine_Black_Sea,51.60055333333333,31.96933,2024-03-08,2024-03-31,24,14.33,4.776666666666666,334.67,3,0.0,1
E001935,Ukraine_Black_Sea,51.6282,33.02637,2024-03-08,2024-03-08,1,7.85,7.85,328.31,1,0.0,1
E001936,Ukraine_Black_Sea,52.059086,31.959246,2024-03-08,2024-05-27,81,67.89,4.526,346.4,15,0.13333333333333333,1
E001937,Ukraine_Black_Sea,52.075835714285724,27.53199857142857,2024-03-08,2024-05-03,57,29.330000000000002,4.19,338.5,7,0.0,1
E001938,Ukraine_Black_Sea,52.151714999999996,24.83515,2024-03-08,2024-03-10,3,6.99,3.495,335.43,2,0.0,1
E001939,Ukraine_Black_Sea,52.50571166666668,26.93188333333333,2024-03-08,2024-04-02,26,21.169999999999998,3.528333333333333,337.97,6,0.6666666666666666,1
E001940,Ukraine_Black_Sea,52.6513975,31.785782500000007,2024-03-08,2024-05-29,83,45.599999999999994,3.7999999999999994,338.58,12,0.4166666666666667,1
E001941,Ukraine_Black_Sea,47.86552,30.86963666666667,2024-03-08,2024-06-23,108,7.119999999999999,2.373333333333333,333.49,3,0.3333333333333333,1
E001942,Ukraine_Black_Sea,46.58443666666667,27.354873333333334,2024-03-09,2024-03-09,1,7.970000000000001,2.6566666666666667,331.82,3,0.3333333333333333,1
E001943,Ukraine_Black_Sea,47.22236,35.82779,2024-03-09,2024-03-09,1,2.69,2.69,328.67,1,0.0,1
E001944,Ukraine_Black_Sea,52.306195,31.719045,2024-03-09,2024-03-14,6,12.55,6.275,352.68,2,0.0,1
E001945,Ukraine_Black_Sea,44.424276666666664,26.641816666666667,2024-03-09,2024-06-30,114,30.240000000000002,10.08,356.38,3,0.0,1
E001946,Ukraine_Black_Sea,44.82069,27.51487,2024-03-09,2024-03-09,1,1.94,1.94,325.48,1,0.0,1
E001947,Ukraine_Black_Sea,45.18083,28.14315,2024-03-09,2024-03-09,1,11.55,11.55,343.71,1,0.0,1
E001948,Ukraine_Black_Sea,46.340943333333335,29.162613333333336,2024-03-09,2024-03-09,1,11.32,3.7733333333333334,344.22,3,0.0,1
E001949,Ukraine_Black_Sea,46.32367714285715,34.870721428571436,2024-03-09,2024-06-24,108,120.86999999999999,17.267142857142854,356.07,7,0.0,1
E001950,Ukraine_Black_Sea,46.46174666666667,27.04040333333333,2024-03-09,2024-06-22,106,18.029999999999998,6.009999999999999,331.12,3,0.3333333333333333,1
E001951,Ukraine_Black_Sea,47.246269285714284,28.61561571428572,2024-03-09,2024-05-23,76,143.29,10.235,350.22,14,0.0,1
E001952,Ukraine_Black_Sea,47.20151,29.747585,2024-03-09,2024-03-31,23,7.45,3.725,345.31,2,0.0,1
E001953,Ukraine_Black_Sea,47.2235,26.83252,2024-03-09,2024-03-09,1,1.12,1.12,327.87,1,0.0,1
E001954,Ukraine_Black_Sea,47.27384,29.001265,2024-03-09,2024-03-09,1,4.34,2.17,330.11,2,0.0,1
E001955,Ukraine_Black_Sea,47.490195,31.21776,2024-03-09,2024-03-09,1,5.26,2.63,334.29,2,0.0,1
E001956,Ukraine_Black_Sea,47.582925,31.348775,2024-03-09,2024-03-10,2,17.77,8.885,338.91,2,0.0,1
E001957,Ukraine_Black_Sea,47.86346,31.3832,2024-03-09,2024-03-09,1,2.8,2.8,330.06,1,0.0,1
E001958,Ukraine_Black_Sea,47.97545,30.379733333333334,2024-03-09,2024-05-17,70,11.409999999999998,3.803333333333333,346.0,3,0.3333333333333333,1
E001959,Ukraine_Black_Sea,48.16137666666666,30.879573333333337,2024-03-09,2024-03-10,2,18.14,6.046666666666667,343.34,3,0.0,1
E001960,Ukraine_Black_Sea,48.437421666666665,31.135040000000004,2024-03-09,2024-03-31,23,67.67999999999999,11.28,348.07,6,0.0,1
E001961,Ukraine_Black_Sea,48.449745,35.572535,2024-03-09,2024-03-09,1,7.9399999999999995,3.9699999999999998,339.29,2,0.0,1
E001962,Ukraine_Black_Sea,48.28878,27.63302,2024-03-09,2024-03-09,1,1.68,1.68,328.06,1,0.0,1
E001963,Ukraine_Black_Sea,48.6466975,26.3251875,2024-03-09,2024-03-27,19,11.11,2.7775,348.5,4,0.25,1
E001964,Ukraine_Black_Sea,48.777376,25.940267999999996,2024-03-09,2024-06-08,92,34.03,3.403,351.82,10,0.2,1
E001965,Ukraine_Black_Sea,48.78511999999999,25.376655000000003,2024-03-09,2024-05-11,64,16.970000000000002,4.242500000000001,343.24,4,0.0,1
E001966,Ukraine_Black_Sea,48.84814166666666,24.707968333333337,2024-03-09,2024-05-26,79,12.63,2.105,342.65,6,0.5,1
E001967,Ukraine_Black_Sea,48.86214,30.90521,2024-03-09,2024-03-09,1,2.45,2.45,331.12,1,0.0,1
E001968,Ukraine_Black_Sea,48.990309999999994,29.1394175,2024-03-09,2024-05-22,75,9.83,2.4575,333.48,4,0.0,1
E001969,Ukraine_Black_Sea,49.0295,31.71135,2024-03-09,2024-03-09,1,12.58,12.58,342.93,1,0.0,1
E001970,Ukraine_Black_Sea,49.10128,31.62514,2024-03-09,2024-03-09,1,3.83,3.83,332.04,1,0.0,1
E001971,Ukraine_Black_Sea,49.19281,30.4348,2024-03-09,2024-03-09,1,6.34,6.34,350.73,1,0.0,1
E001972,Ukraine_Black_Sea,49.33361,31.04612,2024-03-09,2024-03-09,1,3.3,3.3,333.82,1,0.0,1
E001973,Ukraine_Black_Sea,49.37978,25.72482,2024-03-09,2024-03-09,1,4.25,4.25,329.14,1,0.0,1
E001974,Ukraine_Black_Sea,49.498805000000004,29.29351,2024-03-09,2024-03-09,1,5.37,2.685,329.07,2,0.0,1
E001975,Ukraine_Black_Sea,49.82597833333333,33.60037,2024-03-09,2024-05-09,62,38.23,6.371666666666666,347.71,6,0.16666666666666666,1
E001976,Ukraine_Black_Sea,50.77229,25.39561,2024-03-09,2024-03-09,1,3.17,3.17,328.64,1,0.0,1
E001977,Ukraine_Black_Sea,50.814858571428566,28.716820000000002,2024-03-09,2024-04-11,34,25.97,3.71,344.37,7,0.0,1
E001978,Ukraine_Black_Sea,50.79896,35.21098,2024-03-09,2024-03-09,1,9.7,9.7,341.32,1,0.0,1
E001979,Ukraine_Black_Sea,50.839075,26.05683,2024-03-09,2024-06-27,111,7.85,3.925,341.47,2,0.0,1
E001980,Ukraine_Black_Sea,50.976665,27.20604,2024-03-09,2024-03-09,1,6.67,3.335,342.52,2,0.0,1
E001981,Ukraine_Black_Sea,51.04217181818182,28.27913090909091,2024-03-09,2024-04-02,25,73.1,6.645454545454545,367.0,11,0.09090909090909091,1
E001982,Ukraine_Black_Sea,51.19773153846154,27.290276923076917,2024-03-09,2024-04-10,33,58.77,4.520769230769231,344.34,13,0.15384615384615385,1
E001983,Ukraine_Black_Sea,51.24544,27.07178,2024-03-09,2024-03-09,1,5.73,5.73,343.9,1,0.0,1
E001984,Ukraine_Black_Sea,51.39968,30.83078,2024-03-09,2024-03-09,1,3.75,3.75,341.65,1,0.0,1
E001985,Ukraine_Black_Sea,51.43254,28.0278,2024-03-09,2024-03-11,3,10.05,5.025,345.07,2,0.0,1
E001986,Ukraine_Black_Sea,51.543800000000005,28.213210000000004,2024-03-09,2024-03-10,2,8.24,2.7466666666666666,336.53,3,0.0,1
E001987,Ukraine_Black_Sea,51.51711,31.736345,2024-03-09,2024-04-10,33,15.379999999999999,3.8449999999999998,339.83,4,0.0,1
E001988,Ukraine_Black_Sea,51.53901,26.26808,2024-03-09,2024-03-09,1,1.99,1.99,328.75,1,0.0,1
E001989,Ukraine_Black_Sea,51.577455,26.92352,2024-03-09,2024-03-09,1,17.31,8.655,334.09,2,0.0,1
E001990,Ukraine_Black_Sea,51.596205,31.312159,2024-03-09,2024-04-27,50,70.89,7.089,344.38,10,0.2,1
E001991,Ukraine_Black_Sea,51.65662666666666,34.19958333333333,2024-03-09,2024-06-29,113,10.39,1.7316666666666667,338.88,6,0.6666666666666666,1
E001992,Ukraine_Black_Sea,52.432092499999996,25.301747499999998,2024-03-09,2024-06-15,99,15.600000000000001,3.9000000000000004,341.34,4,0.0,1
E001993,Ukraine_Black_Sea,52.87500476190476,31.57028761904762,2024-03-09,2024-06-22,106,86.10000000000001,4.1000000000000005,367.0,21,0.23809523809523808,1
E001994,Ukraine_Black_Sea,49.428195,28.539785000000002,2024-03-10,2024-04-02,24,25.75,12.875,341.49,2,0.5,1
E001995,Ukraine_Black_Sea,50.2183875,35.33361,2024-03-10,2024-05-25,77,20.83,5.2075,367.0,4,0.0,1
E001996,Ukraine_Black_Sea,44.48734,24.8726,2024-03-10,2024-03-10,1,4.95,4.95,327.85,1,0.0,1
E001997,Ukraine_Black_Sea,45.035348,28.182128,2024-03-10,2024-06-30,113,341.96,68.392,353.7,5,0.4,1
E001998,Ukraine_Black_Sea,45.18196,27.90057,2024-03-10,2024-03-10,1,2.55,2.55,327.83,1,0.0,1
E001999,Ukraine_Black_Sea,45.42068,27.45234,2024-03-10,2024-03-10,1,4.02,4.02,332.61,1,0.0,1
E002000,Ukraine_Black_Sea,46.22877,29.69305,2024-03-10,2024-03-10,1,1.46,1.46,326.84,1,0.0,1
E002001,Ukraine_Black_Sea,46.74181,29.50978,2024-03-10,2024-06-28,111,5.97,2.985,338.6,2,0.0,1
E002002,Ukraine_Black_Sea,46.93091666666667,27.46138666666667,2024-03-10,2024-05-11,63,17.049999999999997,5.683333333333333,346.4,3,0.0,1
E002003,Ukraine_Black_Sea,46.99884,29.45027,2024-03-10,2024-03-10,1,3.04,3.04,333.56,1,0.0,1
E002004,Ukraine_Black_Sea,47.361496666666675,28.811003333333336,2024-03-10,2024-05-23,75,8.24,2.7466666666666666,334.96,3,0.6666666666666666,1
E002005,Ukraine_Black_Sea,47.42548,32.45489,2024-03-10,2024-03-10,1,2.67,2.67,330.15,1,0.0,1
E002006,Ukraine_Black_Sea,47.49399333333333,33.08638666666666,2024-03-10,2024-06-20,103,11.059999999999999,3.686666666666666,335.57,3,0.0,1
E002007,Ukraine_Black_Sea,47.53563,28.351805,2024-03-10,2024-05-28,80,11.61,5.805,353.1,2,0.0,1
E002008,Ukraine_Black_Sea,47.75878,32.56984,2024-03-10,2024-03-10,1,5.37,5.37,335.4,1,0.0,1
E002009,Ukraine_Black_Sea,47.820905,30.424235,2024-03-10,2024-03-10,1,5.04,2.52,342.2,2,0.0,1
E002010,Ukraine_Black_Sea,47.84567,32.25453,2024-03-10,2024-05-10,62,4.66,2.33,339.56,2,0.0,1
E002011,Ukraine_Black_Sea,47.334795,26.50444,2024-03-10,2024-04-01,23,11.92,5.96,346.92,2,0.0,1
E002012,Ukraine_Black_Sea,47.92505,27.89805,2024-03-10,2024-03-10,1,1.75,1.75,328.98,1,0.0,1
E002013,Ukraine_Black_Sea,47.960618,29.452828,2024-03-10,2024-04-03,25,11.77,2.354,330.61,5,0.6,1
E002014,Ukraine_Black_Sea,48.08274,29.77246,2024-03-10,2024-03-10,1,1.7,1.7,326.58,1,0.0,1
E002015,Ukraine_Black_Sea,48.278866666666666,32.30066,2024-03-10,2024-04-15,37,14.879999999999999,4.96,345.79,3,0.0,1
E002016,Ukraine_Black_Sea,48.351150000000004,30.2162075,2024-03-10,2024-03-31,22,45.07,11.2675,346.68,4,0.0,1
E002017,Ukraine_Black_Sea,48.35026,31.51717,2024-03-10,2024-03-10,1,4.69,4.69,340.58,1,0.0,1
E002018,Ukraine_Black_Sea,48.387085,29.590094999999998,2024-03-10,2024-06-07,90,14.79,7.395,340.71,2,0.0,1
E002019,Ukraine_Black_Sea,48.58532857142857,25.278724761904765,2024-03-10,2024-05-17,69,162.47,7.736666666666666,351.47,21,0.09523809523809523,1
E002020,Ukraine_Black_Sea,48.52349,29.29976,2024-03-10,2024-03-10,1,2.7,2.7,334.83,1,0.0,1
E002021,Ukraine_Black_Sea,48.615325,29.626330000000003,2024-03-10,2024-03-31,22,2.69,1.345,332.34,2,0.0,1
E002022,Ukraine_Black_Sea,48.71646,30.45569,2024-03-10,2024-03-10,1,2.84,2.84,340.01,1,0.0,1
E002023,Ukraine_Black_Sea,48.726836666666664,32.00780333333333,2024-03-10,2024-05-10,62,26.799999999999997,8.933333333333332,342.01,3,0.6666666666666666,1
E002024,Ukraine_Black_Sea,48.77864,31.55469,2024-03-10,2024-03-10,1,2.63,2.63,329.74,1,0.0,1
E002025,Ukraine_Black_Sea,48.7878275,28.719685,2024-03-10,2024-03-10,1,58.44,14.61,345.41,4,0.0,1
E002026,Ukraine_Black_Sea,48.81281,32.82315,2024-03-10,2024-03-10,1,2.38,2.38,326.27,1,0.0,1
E002027,Ukraine_Black_Sea,48.90794833333333,31.14218666666667,2024-03-10,2024-04-02,24,37.37,6.228333333333333,348.52,6,0.0,1
E002028,Ukraine_Black_Sea,48.89988,28.61071,2024-03-10,2024-03-10,1,2.77,2.77,331.94,1,0.0,1
E002029,Ukraine_Black_Sea,48.9693,26.14405,2024-03-10,2024-03-10,1,8.25,8.25,330.61,1,0.0,1
E002030,Ukraine_Black_Sea,49.002365,31.074755,2024-03-10,2024-04-02,24,15.46,7.73,343.05,2,0.0,1
E002031,Ukraine_Black_Sea,49.098255,28.92754,2024-03-10,2024-03-10,1,7.949999999999999,3.9749999999999996,338.93,2,0.0,1
E002032,Ukraine_Black_Sea,49.228305,29.271594999999998,2024-03-10,2024-03-10,1,6.36,3.18,339.93,2,0.0,1
E002033,Ukraine_Black_Sea,49.304159999999996,31.640025,2024-03-10,2024-03-10,1,5.58,2.79,332.66,2,0.0,1
E002034,Ukraine_Black_Sea,49.306704999999994,29.764809999999997,2024-03-10,2024-04-11,33,33.53,16.765,344.69,2,0.0,1
E002035,Ukraine_Black_Sea,49.516565,31.455413999999998,2024-03-10,2024-06-19,102,67.07,6.706999999999999,354.87,10,0.0,1
E002036,Ukraine_Black_Sea,49.46336,24.03842125,2024-03-10,2024-05-05,57,38.3,4.7875,348.07,8,0.125,1
E002037,Ukraine_Black_Sea,49.635850000000005,32.25931,2024-03-10,2024-03-10,1,8.45,4.225,340.32,2,0.0,1
E002038,Ukraine_Black_Sea,49.67161333333333,33.166900000000005,2024-03-10,2024-04-30,52,19.59,3.265,341.6,6,0.0,1
E002039,Ukraine_Black_Sea,49.809334,26.952267999999997,2024-03-10,2024-04-02,24,64.39,12.878,367.0,5,0.0,1
E002040,Ukraine_Black_Sea,49.787573333333334,27.826813333333334,2024-03-10,2024-05-09,61,11.73,3.91,340.71,3,0.0,1
E002041,Ukraine_Black_Sea,49.992195,30.77413833333333,2024-03-10,2024-06-27,110,34.60000000000001,5.766666666666668,352.15,6,0.16666666666666666,1
E002042,Ukraine_Black_Sea,50.19574444444444,31.66694222222222,2024-03-10,2024-06-29,112,33.98,3.775555555555555,347.27,9,0.0,1
E002043,Ukraine_Black_Sea,50.46010111111111,32.13400962962963,2024-03-10,2024-05-24,76,177.85999999999999,6.587407407407407,367.0,27,0.0,1
E002044,Ukraine_Black_Sea,50.363835,31.847685,2024-03-10,2024-03-17,8,12.45,6.225,345.49,2,0.0,1
E002045,Ukraine_Black_Sea,50.44735,28.705855,2024-03-10,2024-03-10,1,11.55,5.775,347.29,2,0.0,1
E002046,Ukraine_Black_Sea,50.488704999999996,28.982275,2024-03-10,2024-03-10,1,4.23,2.115,327.1,2,0.0,1
E002047,Ukraine_Black_Sea,50.625995,28.84686,2024-03-10,2024-05-05,57,6.41,1.6025,329.9,4,0.5,1
E002048,Ukraine_Black_Sea,50.82936285714286,27.08000571428571,2024-03-10,2024-03-10,1,38.64,5.5200000000000005,350.82,7,0.0,1
E002049,Ukraine_Black_Sea,50.93657166666666,26.989236666666667,2024-03-10,2024-04-01,23,29.680000000000003,4.946666666666667,343.54,6,0.0,1
E002050,Ukraine_Black_Sea,50.961335000000005,30.962785,2024-03-10,2024-04-01,23,3.79,1.895,326.16,2,0.0,1
E002051,Ukraine_Black_Sea,51.676915,24.56158,2024-03-10,2024-03-10,1,8.07,4.035,338.39,2,0.0,1
E002052,Ukraine_Black_Sea,51.71307,25.67314,2024-03-10,2024-03-10,1,3.2,3.2,333.33,1,0.0,1
E002053,Ukraine_Black_Sea,51.797552499999995,24.8991475,2024-03-10,2024-05-04,56,17.3,4.325,346.66,4,0.0,1
E002054,Ukraine_Black_Sea,52.652015000000006,26.169905,2024-03-10,2024-04-01,23,6.369999999999999,3.1849999999999996,330.0,2,0.0,1
E002055,Ukraine_Black_Sea,52.877205000000004,27.481025000000002,2024-03-10,2024-03-16,7,5.6,2.8,326.26,2,0.0,1
E002056,Ukraine_Black_Sea,48.46262,26.54197,2024-03-10,2024-03-10,1,3.76,3.76,334.47,1,0.0,1
E002057,Ukraine_Black_Sea,48.45901933333333,25.55734933333333,2024-03-10,2024-05-26,78,69.34,4.6226666666666665,367.0,15,0.3333333333333333,1
E002058,Ukraine_Black_Sea,48.63605999999999,26.686639999999997,2024-03-10,2024-04-01,23,36.01,9.0025,367.0,4,0.0,1
E002059,Ukraine_Black_Sea,49.894573333333334,24.120320000000003,2024-03-10,2024-05-01,53,38.489999999999995,12.829999999999998,355.57,3,0.0,1
E002060,Ukraine_Black_Sea,50.87654750000001,24.1632875,2024-03-10,2024-04-30,52,7.6,1.9,335.15,4,0.25,1
E002061,Ukraine_Black_Sea,52.4154,24.84774,2024-03-10,2024-03-10,1,3.11,3.11,327.2,1,0.0,1
E002062,Ukraine_Black_Sea,49.30275857142857,32.31345857142857,2024-03-10,2024-06-25,108,30.71,4.387142857142857,347.43,7,0.42857142857142855,1
E002063,Ukraine_Black_Sea,49.6098325,31.938885000000003,2024-03-10,2024-03-11,2,3.6500000000000004,0.9125000000000001,313.88,4,1.0,1
E002064,Ukraine_Black_Sea,47.632505,31.74622,2024-03-10,2024-03-10,1,1.72,0.86,298.1,2,1.0,1
E002065,Ukraine_Black_Sea,52.130129999999994,26.711895,2024-03-11,2024-03-11,1,4.87,2.435,329.78,2,0.5,1
E002066,Ukraine_Black_Sea,51.2014275,24.212821249999998,2024-03-11,2024-05-19,70,19.800000000000004,2.4750000000000005,335.33,8,0.25,1
E002067,Ukraine_Black_Sea,51.748766666666675,25.21027666666667,2024-03-11,2024-04-28,49,5.710000000000001,1.9033333333333335,332.03,3,0.3333333333333333,1
E002068,Ukraine_Black_Sea,45.726180588235295,34.39767,2024-03-11,2024-05-25,76,106.61999999999999,6.271764705882353,367.0,17,0.5294117647058824,1
E002069,Ukraine_Black_Sea,46.82309333333334,35.37713333333333,2024-03-11,2024-06-08,90,25.39,8.463333333333333,338.65,3,0.0,1
E002070,Ukraine_Black_Sea,47.15945,36.03685,2024-03-11,2024-03-11,1,1.79,1.79,332.54,1,0.0,1
E002071,Ukraine_Black_Sea,47.50441,32.64185,2024-03-11,2024-03-11,1,5.18,5.18,333.49,1,0.0,1
E002072,Ukraine_Black_Sea,47.39443,30.45443,2024-03-11,2024-03-11,1,10.34,10.34,341.56,1,0.0,1
E002073,Ukraine_Black_Sea,47.642945,31.52172,2024-03-11,2024-03-11,1,12.68,6.34,345.89,2,0.0,1
E002074,Ukraine_Black_Sea,47.990105,32.318847500000004,2024-03-11,2024-06-29,111,18.42,4.605,341.51,4,0.0,1
E002075,Ukraine_Black_Sea,48.2845875,31.96225,2024-03-11,2024-03-31,21,21.88,5.47,356.09,4,0.0,1
E002076,Ukraine_Black_Sea,48.68542,29.88429,2024-03-11,2024-03-11,1,2.02,2.02,329.27,1,0.0,1
E002077,Ukraine_Black_Sea,48.70332,35.49248,2024-03-11,2024-03-11,1,5.52,5.52,334.58,1,0.0,1
E002078,Ukraine_Black_Sea,48.72991,32.19542,2024-03-11,2024-03-11,1,3.08,3.08,330.2,1,0.0,1
E002079,Ukraine_Black_Sea,48.87535,30.68645,2024-03-11,2024-03-11,1,1.76,1.76,327.66,1,0.0,1
E002080,Ukraine_Black_Sea,49.064530000000005,30.81614,2024-03-11,2024-03-11,1,77.5,38.75,345.58,2,0.0,1
E002081,Ukraine_Black_Sea,49.218905,32.222935,2024-03-11,2024-03-11,1,4.029999999999999,2.0149999999999997,325.29,2,0.0,1
E002082,Ukraine_Black_Sea,49.6445,30.08091,2024-03-11,2024-03-11,1,2.73,2.73,331.32,1,0.0,1
E002083,Ukraine_Black_Sea,49.720911666666666,34.49482166666667,2024-03-11,2024-04-09,30,45.3,7.55,354.47,6,0.0,1
E002084,Ukraine_Black_Sea,49.744965,31.236725,2024-03-11,2024-03-11,1,13.0,6.5,329.22,2,0.0,1
E002085,Ukraine_Black_Sea,50.130911521739115,33.37845543478261,2024-03-11,2024-06-29,111,168.83,3.670217391304348,355.14,46,0.4782608695652174,1
E002086,Ukraine_Black_Sea,49.859986666666664,30.80502,2024-03-11,2024-04-05,26,37.9,12.633333333333333,367.0,3,0.0,1
E002087,Ukraine_Black_Sea,49.91319,34.00058,2024-03-11,2024-03-11,1,2.24,2.24,331.5,1,0.0,1
E002088,Ukraine_Black_Sea,50.293123181818174,33.82427,2024-03-11,2024-06-26,108,130.77,5.944090909090909,367.0,22,0.4090909090909091,1
E002089,Ukraine_Black_Sea,50.286357499999994,27.971005,2024-03-11,2024-05-06,57,14.930000000000001,3.7325000000000004,339.46,4,0.5,1
E002090,Ukraine_Black_Sea,50.27023,28.16116,2024-03-11,2024-03-11,1,4.08,4.08,329.26,1,0.0,1
E002091,Ukraine_Black_Sea,50.63137866666667,31.531605999999996,2024-03-11,2024-06-24,106,86.26,5.750666666666667,346.55,15,0.13333333333333333,1
E002092,Ukraine_Black_Sea,50.87898222222222,33.01183888888889,2024-03-11,2024-05-04,55,39.410000000000004,4.3788888888888895,341.26,9,0.0,1
E002093,Ukraine_Black_Sea,50.90141,31.68891,2024-03-11,2024-03-11,1,3.24,3.24,331.96,1,0.0,1
E002094,Ukraine_Black_Sea,51.16793142857143,33.47643,2024-03-11,2024-04-12,33,36.35,2.5964285714285715,367.0,14,0.8571428571428571,1
E002095,Ukraine_Black_Sea,50.31914,27.6727,2024-03-11,2024-03-11,1,5.21,5.21,332.73,1,0.0,1
E002096,Ukraine_Black_Sea,50.69511375,28.00116,2024-03-11,2024-06-16,98,29.99,3.74875,339.87,8,0.25,1
E002097,Ukraine_Black_Sea,50.785418500000006,26.5582245,2024-03-11,2024-05-15,66,111.10000000000001,5.555000000000001,357.85,20,0.0,1
E002098,Ukraine_Black_Sea,50.828509999999994,26.805055,2024-03-11,2024-04-10,31,9.42,2.355,332.82,4,0.5,1
E002099,Ukraine_Black_Sea,50.96808,25.55546,2024-03-11,2024-03-11,1,3.14,3.14,327.21,1,0.0,1
E002100,Ukraine_Black_Sea,51.017485,30.77715125,2024-03-11,2024-05-23,74,53.379999999999995,6.672499999999999,356.91,8,0.0,1
E002101,Ukraine_Black_Sea,51.03996857142857,30.22639,2024-03-11,2024-03-22,12,38.8,5.542857142857143,346.13,7,0.0,1
E002102,Ukraine_Black_Sea,51.10229,26.31027,2024-03-11,2024-03-11,1,3.48,3.48,337.8,1,0.0,1
E002103,Ukraine_Black_Sea,51.10907,29.98929,2024-03-11,2024-03-11,1,4.48,4.48,335.47,1,0.0,1
E002104,Ukraine_Black_Sea,51.12203,27.72758,2024-03-11,2024-03-11,1,5.36,5.36,336.48,1,0.0,1
E002105,Ukraine_Black_Sea,51.24089,25.61683,2024-03-11,2024-03-11,1,6.66,3.33,329.48,2,0.0,1
E002106,Ukraine_Black_Sea,51.3299025,25.807685,2024-03-11,2024-04-10,31,11.44,2.86,337.69,4,0.0,1
E002107,Ukraine_Black_Sea,51.43327,29.13626,2024-03-11,2024-03-11,1,3.19,3.19,329.93,1,0.0,1
E002108,Ukraine_Black_Sea,51.616420000000005,25.44911,2024-03-11,2024-05-03,54,6.4,3.2,337.4,2,0.0,1
E002109,Ukraine_Black_Sea,51.87506,31.80491,2024-03-11,2024-03-11,1,3.65,3.65,334.57,1,0.0,1
E002110,Ukraine_Black_Sea,52.042860000000005,32.452079999999995,2024-03-11,2024-03-12,2,5.46,2.73,327.79,2,0.0,1
E002111,Ukraine_Black_Sea,52.285567567567576,32.46709189189189,2024-03-11,2024-05-29,80,219.29000000000005,5.926756756756758,367.0,37,0.2972972972972973,1
E002112,Ukraine_Black_Sea,52.465995,27.252339999999997,2024-03-11,2024-03-30,20,7.83,3.915,335.48,2,0.0,1
E002113,Ukraine_Black_Sea,52.8743,28.01587,2024-03-11,2024-03-11,1,14.57,14.57,338.57,1,0.0,1
E002114,Ukraine_Black_Sea,52.95926899999999,31.908720999999996,2024-03-11,2024-05-01,52,48.03,4.803,351.27,10,0.2,1
E002115,Ukraine_Black_Sea,48.848524999999995,31.40509,2024-03-11,2024-03-11,1,21.34,10.67,352.56,2,0.0,1
E002116,Ukraine_Black_Sea,50.343638,31.462754,2024-03-11,2024-05-25,76,26.21,5.242,343.56,5,0.0,1
E002117,Ukraine_Black_Sea,50.78031,30.671680000000002,2024-03-11,2024-03-11,1,14.41,7.205,345.67,2,0.0,1
E002118,Ukraine_Black_Sea,52.44327,25.57059,2024-03-11,2024-03-11,1,2.79,2.79,330.94,1,0.0,1
E002119,Ukraine_Black_Sea,52.84515052631578,36.268585263157895,2024-03-12,2024-06-27,108,71.56,3.7663157894736843,344.31,19,0.21052631578947367,1
E002120,Ukraine_Black_Sea,45.27345,40.18241,2024-03-12,2024-03-12,1,2.43,2.43,333.93,1,0.0,1
E002121,Ukraine_Black_Sea,48.77398,35.83435,2024-03-12,2024-03-12,1,49.01,49.01,342.89,1,0.0,1
E002122,Ukraine_Black_Sea,49.3560475,40.6493275,2024-03-12,2024-03-28,17,69.29,8.66125,344.68,8,0.0,1
E002123,Ukraine_Black_Sea,49.56260615384615,34.40589076923077,2024-03-12,2024-06-30,111,177.88,6.841538461538462,367.0,26,0.4230769230769231,1
E002124,Ukraine_Black_Sea,50.645920000000004,39.946815,2024-03-12,2024-04-06,26,5.04,2.52,330.87,2,0.0,1
E002125,Ukraine_Black_Sea,51.272735999999995,36.509653,2024-03-12,2024-04-01,21,50.89999999999999,5.089999999999999,341.91,10,0.0,1
E002126,Ukraine_Black_Sea,51.94545,34.97415,2024-03-12,2024-04-10,30,13.399999999999999,4.466666666666666,344.21,3,0.0,1
E002127,Ukraine_Black_Sea,50.80320468208092,39.093255260115605,2024-03-14,2024-06-30,109,896.13,5.179942196531792,367.0,173,0.42196531791907516,1
E002128,Ukraine_Black_Sea,52.19077164383561,34.10311452054795,2024-03-14,2024-05-29,77,396.34000000000003,5.4293150684931515,367.0,73,0.1780821917808219,1
E002129,Ukraine_Black_Sea,52.14644,33.281904999999995,2024-03-14,2024-03-14,1,8.870000000000001,4.4350000000000005,335.44,2,0.0,1
E002130,Ukraine_Black_Sea,52.47852666666666,32.30677333333333,2024-03-14,2024-03-14,1,13.830000000000002,4.61,338.28,3,0.0,1
E002131,Ukraine_Black_Sea,52.939767999999994,34.29512999999999,2024-03-14,2024-05-14,62,11.46,2.2920000000000003,336.72,5,0.2,1
E002132,Ukraine_Black_Sea,52.96637272727273,30.499968181818186,2024-03-14,2024-04-11,29,55.13999999999999,5.012727272727272,354.93,11,0.0,1
E002133,Ukraine_Black_Sea,51.40742,26.5778,2024-03-15,2024-03-15,1,2.52,2.52,327.73,1,0.0,1
E002134,Ukraine_Black_Sea,52.96227,28.22223,2024-03-15,2024-03-15,1,2.46,2.46,330.23,1,0.0,1
E002135,Ukraine_Black_Sea,48.67007,23.27733,2024-03-16,2024-03-16,1,1.76,1.76,320.48,1,1.0,1
E002136,Ukraine_Black_Sea,51.45401,27.01198,2024-03-16,2024-05-02,48,16.97,3.3939999999999997,341.66,5,0.0,1
E002137,Ukraine_Black_Sea,49.26675,24.47511,2024-03-16,2024-03-16,1,5.72,2.86,331.33,2,0.0,1
E002138,Ukraine_Black_Sea,51.06852,25.91873,2024-03-16,2024-03-27,12,13.46,4.486666666666667,340.81,3,0.0,1
E002139,Ukraine_Black_Sea,48.88615,40.705375714285715,2024-03-16,2024-05-26,72,77.07000000000001,11.010000000000002,356.39,7,0.5714285714285714,1
E002140,Ukraine_Black_Sea,44.44112,24.403813333333332,2024-03-17,2024-06-18,94,8.31,0.9233333333333333,332.65,9,0.8888888888888888,1
E002141,Ukraine_Black_Sea,51.749033999999995,33.17129,2024-03-17,2024-06-21,97,17.259999999999998,3.4519999999999995,334.55,5,0.0,1
E002142,Ukraine_Black_Sea,46.2135375,28.759665000000002,2024-03-18,2024-06-30,105,15.32,3.83,340.8,4,0.25,1
E002143,Ukraine_Black_Sea,50.490480000000005,34.967164999999994,2024-03-18,2024-05-05,49,11.01,5.505,345.91,2,0.5,1
E002144,Ukraine_Black_Sea,44.917685,22.532465000000002,2024-03-18,2024-03-18,1,10.89,5.445,349.27,2,0.0,1
E002145,Ukraine_Black_Sea,45.19578,24.33265,2024-03-18,2024-04-02,16,4.85,2.425,330.66,2,0.0,1
E002146,Ukraine_Black_Sea,45.90325333333334,40.737338333333334,2024-03-19,2024-04-05,18,96.68,16.113333333333333,348.61,6,0.0,1
E002147,Ukraine_Black_Sea,47.00205333333334,23.36849666666667,2024-03-19,2024-04-03,16,10.59,3.53,330.27,3,0.0,1
E002148,Ukraine_Black_Sea,47.579544999999996,22.153525000000002,2024-03-19,2024-03-30,12,7.64,3.82,345.98,2,0.0,1
E002149,Ukraine_Black_Sea,45.36904,39.64201,2024-03-19,2024-03-19,1,0.37,0.37,295.12,1,1.0,1
E002150,Ukraine_Black_Sea,45.66421,40.41184,2024-03-19,2024-04-18,31,2.41,1.205,315.6,2,1.0,1
E002151,Ukraine_Black_Sea,44.04137,23.287435000000002,2024-03-20,2024-03-29,10,27.34,13.67,351.65,2,0.0,1
E002152,Ukraine_Black_Sea,46.71518,40.53291,2024-03-21,2024-03-21,1,9.06,9.06,332.93,1,0.0,1
E002153,Ukraine_Black_Sea,46.84624,40.92756,2024-03-21,2024-03-21,1,2.2,2.2,339.19,1,0.0,1
E002154,Ukraine_Black_Sea,48.95525083333334,22.986528333333336,2024-03-21,2024-04-02,13,20.830000000000002,1.7358333333333336,333.32,12,0.6666666666666666,1
E002155,Ukraine_Black_Sea,50.04732,22.8973,2024-03-21,2024-03-21,1,2.7,2.7,332.94,1,0.0,1
E002156,Ukraine_Black_Sea,50.825517500000004,33.73735055555555,2024-03-21,2024-06-26,98,196.76000000000002,5.465555555555556,367.0,36,0.19444444444444445,1
E002157,Ukraine_Black_Sea,52.1201425,34.91607,2024-03-21,2024-04-10,21,9.81,2.4525,331.12,4,0.0,1
E002158,Ukraine_Black_Sea,52.316586666666666,34.55932333333333,2024-03-21,2024-05-24,65,43.68999999999999,4.854444444444443,350.68,9,0.2222222222222222,1
E002159,Ukraine_Black_Sea,52.41267,34.30162,2024-03-21,2024-03-21,1,8.56,8.56,347.56,1,0.0,1
E002160,Ukraine_Black_Sea,45.61743,22.54673,2024-03-21,2024-03-21,1,6.89,6.89,336.93,1,0.0,1
E002161,Ukraine_Black_Sea,46.2711,22.5457,2024-03-21,2024-03-21,1,4.58,4.58,332.4,1,0.0,1
E002162,Ukraine_Black_Sea,48.432469999999995,23.266165,2024-03-21,2024-05-01,42,6.709999999999999,3.3549999999999995,345.34,2,0.0,1
E002163,Ukraine_Black_Sea,48.56206,22.331595,2024-03-21,2024-03-21,1,4.47,2.235,333.77,2,0.0,1
E002164,Ukraine_Black_Sea,49.457825,23.22916,2024-03-22,2024-04-01,11,2.34,1.17,330.0,2,0.5,1
E002165,Ukraine_Black_Sea,50.06058,38.32985,2024-03-22,2024-03-22,1,7.56,7.56,340.12,1,0.0,1
E002166,Ukraine_Black_Sea,50.259296250000006,38.35353875,2024-03-22,2024-05-11,51,61.800000000000004,7.7250000000000005,356.52,8,0.125,1
E002167,Ukraine_Black_Sea,51.11317,32.62055,2024-03-22,2024-03-22,1,5.51,5.51,339.88,1,0.0,1
E002168,Ukraine_Black_Sea,46.622455,25.605745,2024-03-22,2024-03-22,1,27.59,6.8975,367.0,4,0.0,1
E002169,Ukraine_Black_Sea,46.90502,27.10678,2024-03-22,2024-03-22,1,5.45,5.45,348.29,1,0.0,1
E002170,Ukraine_Black_Sea,46.89683869565217,26.030012608695653,2024-03-23,2024-06-27,97,18.55,0.8065217391304348,305.11,23,1.0,1
E002171,Ukraine_Black_Sea,47.79941,27.95921,2024-03-23,2024-03-23,1,1.93,1.93,326.64,1,0.0,1
E002172,Ukraine_Black_Sea,44.70422666666667,22.308316666666666,2024-03-23,2024-03-23,1,8.350000000000001,2.7833333333333337,337.16,3,0.0,1
E002173,Ukraine_Black_Sea,46.91387,25.40509,2024-03-23,2024-03-23,1,4.66,4.66,341.42,1,0.0,1
E002174,Ukraine_Black_Sea,47.235725,32.10272,2024-03-23,2024-04-11,20,10.5,5.25,343.63,2,0.0,1
E002175,Ukraine_Black_Sea,47.50584333333333,27.370743333333337,2024-03-23,2024-04-16,25,18.78,6.260000000000001,340.22,3,0.0,1
E002176,Ukraine_Black_Sea,47.58694,26.276056666666666,2024-03-23,2024-04-11,20,23.35,3.891666666666667,347.16,6,0.0,1
E002177,Ukraine_Black_Sea,46.1681525,34.039002499999995,2024-03-24,2024-03-24,1,18.87,4.7175,335.85,4,0.0,1
E002178,Ukraine_Black_Sea,44.42302,25.18852,2024-03-24,2024-03-24,1,2.03,2.03,332.56,1,0.0,1
E002179,Ukraine_Black_Sea,45.20998,25.78281,2024-03-24,2024-03-24,1,2.69,2.69,331.12,1,0.0,1
E002180,Ukraine_Black_Sea,45.28065,34.567515,2024-03-24,2024-05-05,43,19.4,9.7,340.92,2,0.5,1
E002181,Ukraine_Black_Sea,46.89,31.40336,2024-03-24,2024-03-24,1,2.27,2.27,330.25,1,0.0,1
E002182,Ukraine_Black_Sea,48.29878,32.45908,2024-03-24,2024-03-24,1,6.91,6.91,339.77,1,0.0,1
E002183,Ukraine_Black_Sea,50.65725333333334,36.94681,2024-03-24,2024-03-24,1,11.17,3.723333333333333,341.49,3,0.0,1
E002184,Ukraine_Black_Sea,51.45583,40.41212,2024-03-24,2024-03-24,1,0.6,0.6,304.72,1,1.0,1
E002185,Ukraine_Black_Sea,46.0205,38.72618,2024-03-25,2024-03-25,1,7.58,7.58,367.0,1,0.0,1
E002186,Ukraine_Black_Sea,46.11876,39.568835,2024-03-25,2024-03-25,1,28.61,14.305,354.88,2,0.0,1
E002187,Ukraine_Black_Sea,46.734745000000004,40.045675,2024-03-25,2024-03-25,1,9.790000000000001,4.8950000000000005,367.0,2,0.0,1
E002188,Ukraine_Black_Sea,44.357195000000004,38.520185,2024-03-25,2024-03-25,1,4.32,2.16,331.35,2,0.0,1
E002189,Ukraine_Black_Sea,45.22309,39.41425,2024-03-25,2024-03-25,1,4.99,4.99,337.97,1,0.0,1
E002190,Ukraine_Black_Sea,45.245485,40.39904,2024-03-25,2024-04-01,8,14.57,7.285,367.0,2,0.0,1
E002191,Ukraine_Black_Sea,48.7519725,24.926042499999998,2024-03-25,2024-04-13,20,9.37,2.3425,345.9,4,0.25,1
E002192,Ukraine_Black_Sea,49.21508,24.90844,2024-03-25,2024-03-25,1,5.21,5.21,344.12,1,0.0,1
E002193,Ukraine_Black_Sea,49.69130249999999,25.4368475,2024-03-25,2024-06-18,86,20.720000000000002,5.180000000000001,346.68,4,0.0,1
E002194,Ukraine_Black_Sea,47.9739,22.12073,2024-03-26,2024-03-26,1,0.72,0.72,297.74,1,1.0,1
E002195,Ukraine_Black_Sea,51.497627075351225,39.055135197956574,2024-03-26,2024-06-29,96,4454.11,5.688518518518518,367.0,783,0.24393358876117496,1
E002196,Ukraine_Black_Sea,46.679050000000004,24.71482,2024-03-26,2024-03-29,4,15.32,7.66,346.33,2,0.0,1
E002197,Ukraine_Black_Sea,46.834726,27.764550000000003,2024-03-26,2024-03-26,1,18.36,3.6719999999999997,343.1,5,0.0,1
E002198,Ukraine_Black_Sea,46.853066666666656,23.653363333333335,2024-03-26,2024-03-26,1,24.67,8.223333333333334,348.92,3,0.0,1
E002199,Ukraine_Black_Sea,48.25444,22.9672,2024-03-26,2024-03-26,1,4.5,4.5,343.46,1,0.0,1
E002200,Ukraine_Black_Sea,51.07513666666667,40.51254333333333,2024-03-26,2024-03-27,2,17.39,5.796666666666667,333.16,3,0.0,1
E002201,Ukraine_Black_Sea,51.22975,25.21275,2024-03-26,2024-03-30,5,9.379999999999999,4.6899999999999995,336.45,2,0.0,1
E002202,Ukraine_Black_Sea,47.75729333333334,26.846996666666666,2024-03-26,2024-06-23,90,16.99,5.663333333333333,339.15,3,0.6666666666666666,1
E002203,Ukraine_Black_Sea,52.66451782608695,39.63208347826087,2024-03-27,2024-06-30,96,19.009999999999998,0.8265217391304347,303.43,23,1.0,1
E002204,Ukraine_Black_Sea,45.38731,36.95816,2024-03-27,2024-03-27,1,3.21,3.21,332.14,1,0.0,1
E002205,Ukraine_Black_Sea,45.42321,36.82199,2024-03-27,2024-03-27,1,3.13,3.13,330.18,1,0.0,1
E002206,Ukraine_Black_Sea,47.93207428571428,23.562260000000002,2024-03-27,2024-05-06,41,106.66,5.079047619047619,367.0,21,0.2857142857142857,1
E002207,Ukraine_Black_Sea,48.548046,40.805099,2024-03-27,2024-04-03,8,31.360000000000003,3.136,345.81,10,0.8,1
E002208,Ukraine_Black_Sea,48.88715333333332,27.803293333333333,2024-03-27,2024-03-27,1,11.26,3.7533333333333334,338.95,3,0.0,1
E002209,Ukraine_Black_Sea,48.909785,27.51607,2024-03-27,2024-03-28,2,16.05,8.025,349.94,2,0.5,1
E002210,Ukraine_Black_Sea,49.08159333333334,27.546666666666667,2024-03-27,2024-04-30,35,10.99,3.6633333333333336,341.95,3,0.0,1
E002211,Ukraine_Black_Sea,50.126984,38.660512,2024-03-27,2024-05-22,57,25.74,2.574,350.45,10,0.4,1
E002212,Ukraine_Black_Sea,50.99271113636364,40.716081136363634,2024-03-27,2024-06-11,77,184.09,4.183863636363636,367.0,44,0.29545454545454547,1
E002213,Ukraine_Black_Sea,51.05900333333333,39.91903666666666,2024-03-27,2024-04-02,7,10.600000000000001,3.5333333333333337,332.79,3,0.0,1
E002214,Ukraine_Black_Sea,51.05741,40.23641,2024-03-27,2024-03-27,1,5.52,5.52,340.26,1,0.0,1
E002215,Ukraine_Black_Sea,48.92535,22.10425,2024-03-27,2024-03-27,1,4.85,4.85,330.3,1,0.0,1
E002216,Ukraine_Black_Sea,49.649840769230764,28.301833846153844,2024-03-27,2024-05-19,54,71.84,5.526153846153846,353.51,13,0.15384615384615385,1
E002217,Ukraine_Black_Sea,49.72947666666667,26.61952666666667,2024-03-27,2024-04-10,15,11.96,3.986666666666667,339.17,3,0.0,1
E002218,Ukraine_Black_Sea,50.248554,29.542034,2024-03-27,2024-06-30,96,21.96,4.392,341.31,5,0.0,1
E002219,Ukraine_Black_Sea,51.35133,37.57641,2024-03-27,2024-03-27,1,12.38,12.38,349.83,1,0.0,1
E002220,Ukraine_Black_Sea,52.52909,25.24473,2024-03-27,2024-03-27,1,1.48,1.48,327.43,1,0.0,1
E002221,Ukraine_Black_Sea,47.706155,26.629395000000002,2024-03-27,2024-03-27,1,8.67,4.335,330.48,2,0.0,1
E002222,Ukraine_Black_Sea,47.756752,23.97511,2024-03-27,2024-06-16,82,15.28,3.056,348.77,5,0.4,1
E002223,Ukraine_Black_Sea,47.770515,22.56575,2024-03-27,2024-03-27,1,6.12,3.06,327.61,2,0.0,1
E002224,Ukraine_Black_Sea,47.83996666666667,24.211520000000004,2024-03-27,2024-03-27,1,14.19,4.7299999999999995,367.0,3,0.0,1
E002225,Ukraine_Black_Sea,48.40617666666666,22.929756666666666,2024-03-27,2024-04-27,32,11.829999999999998,3.943333333333333,330.12,3,0.0,1
E002226,Ukraine_Black_Sea,49.650957500000004,28.99907,2024-03-27,2024-03-27,1,57.0,14.25,367.0,4,0.0,1
E002227,Ukraine_Black_Sea,49.85833333333333,23.961443333333335,2024-03-27,2024-05-29,64,7.380000000000001,2.4600000000000004,332.45,3,0.0,1
E002228,Ukraine_Black_Sea,50.16969,23.54938,2024-03-27,2024-03-27,1,1.57,1.57,327.28,1,0.0,1
E002229,Ukraine_Black_Sea,52.112747500000005,23.743375,2024-03-27,2024-05-09,44,13.129999999999999,3.2824999999999998,341.28,4,0.0,1
E002230,Ukraine_Black_Sea,52.20377,26.84951,2024-03-27,2024-03-27,1,2.48,2.48,325.08,1,0.0,1
E002231,Ukraine_Black_Sea,52.74690266666666,24.874399999999994,2024-03-27,2024-05-29,64,143.34000000000003,9.556000000000003,367.0,15,0.06666666666666667,1
E002232,Ukraine_Black_Sea,50.58269166666667,25.917355,2024-03-28,2024-05-23,57,17.86,2.9766666666666666,344.2,6,0.16666666666666666,1
E002233,Ukraine_Black_Sea,51.96882,26.12433,2024-03-28,2024-03-28,1,0.5,0.5,300.21,1,1.0,1
E002234,Ukraine_Black_Sea,48.907070000000004,26.6616,2024-03-28,2024-03-28,1,5.57,2.785,328.23,2,1.0,1
E002235,Ukraine_Black_Sea,49.801135,26.72808,2024-03-28,2024-03-28,1,2.7,1.35,321.44,2,1.0,1
E002236,Ukraine_Black_Sea,49.94614,25.58634,2024-03-28,2024-03-28,1,0.38,0.38,296.76,1,1.0,1
E002237,Ukraine_Black_Sea,45.868425,40.960695,2024-03-28,2024-03-28,1,3.15,1.575,334.84,2,0.0,1
E002238,Ukraine_Black_Sea,49.31787833333334,39.071165,2024-03-28,2024-04-13,17,51.12,8.52,367.0,6,0.0,1
E002239,Ukraine_Black_Sea,49.50070285714286,39.54874571428571,2024-03-28,2024-05-28,62,22.77,3.2528571428571427,343.66,7,0.14285714285714285,1
E002240,Ukraine_Black_Sea,49.75782882352942,34.86995029411766,2024-03-28,2024-05-28,62,213.14,6.2688235294117645,367.0,34,0.08823529411764706,1
E002241,Ukraine_Black_Sea,50.00241,30.52268,2024-03-28,2024-03-28,1,4.45,4.45,336.26,1,0.0,1
E002242,Ukraine_Black_Sea,50.42649,27.74236,2024-03-28,2024-03-28,1,8.69,8.69,345.97,1,0.0,1
E002243,Ukraine_Black_Sea,50.52490666666667,29.22967,2024-03-28,2024-05-20,54,9.190000000000001,3.063333333333334,341.02,3,0.0,1
E002244,Ukraine_Black_Sea,50.5493775,35.83481,2024-03-28,2024-05-21,55,17.64,4.41,338.16,4,0.0,1
E002245,Ukraine_Black_Sea,50.85064285714286,39.83612857142857,2024-03-28,2024-05-23,57,150.0,21.428571428571427,348.83,7,0.2857142857142857,1
E002246,Ukraine_Black_Sea,51.82546,38.49782,2024-03-28,2024-03-28,1,8.11,2.703333333333333,332.65,3,0.0,1
E002247,Ukraine_Black_Sea,52.833898,34.53567399999999,2024-03-28,2024-04-02,6,19.92,3.9840000000000004,335.4,5,0.0,1
E002248,Ukraine_Black_Sea,52.620776,38.386516,2024-03-28,2024-06-09,74,12.259999999999998,2.4519999999999995,335.76,5,0.4,1
E002249,Ukraine_Black_Sea,45.04554,29.361116250000002,2024-03-29,2024-04-11,14,77.59,9.69875,367.0,8,0.0,1
E002250,Ukraine_Black_Sea,47.42608333333334,29.257743333333334,2024-03-29,2024-04-15,18,22.07,7.3566666666666665,345.43,3,0.0,1
E002251,Ukraine_Black_Sea,47.510045,29.047905,2024-03-29,2024-03-30,2,18.78,9.39,343.8,2,0.0,1
E002252,Ukraine_Black_Sea,50.41978857142857,38.006014285714286,2024-03-29,2024-04-01,4,50.14000000000001,7.162857142857144,343.17,7,0.0,1
E002253,Ukraine_Black_Sea,50.55295142857143,37.053044285714286,2024-03-29,2024-04-10,13,60.76,8.68,367.0,7,0.0,1
E002254,Ukraine_Black_Sea,51.30234916666666,37.14499166666667,2024-03-29,2024-04-12,15,90.33,7.5275,367.0,12,0.08333333333333333,1
E002255,Ukraine_Black_Sea,45.28016,29.45929,2024-03-29,2024-03-29,1,3.24,3.24,339.95,1,0.0,1
E002256,Ukraine_Black_Sea,45.373945,26.237344999999998,2024-03-29,2024-03-29,1,5.91,2.955,337.52,2,0.0,1
E002257,Ukraine_Black_Sea,45.3883,27.73278,2024-03-29,2024-03-29,1,4.81,4.81,332.52,1,0.0,1
E002258,Ukraine_Black_Sea,45.79942,25.64612,2024-03-29,2024-03-29,1,1.37,1.37,326.55,1,0.0,1
E002259,Ukraine_Black_Sea,46.7315425,29.972935,2024-03-29,2024-05-04,37,10.48,2.62,343.18,4,0.0,1
E002260,Ukraine_Black_Sea,46.80161,28.455215000000003,2024-03-29,2024-03-29,1,4.07,2.035,333.48,2,0.0,1
E002261,Ukraine_Black_Sea,46.97698,26.88369333333333,2024-03-29,2024-04-10,13,27.54,9.18,345.56,3,0.3333333333333333,1
E002262,Ukraine_Black_Sea,52.69385,27.43436,2024-03-29,2024-03-29,1,1.85,1.85,303.34,1,1.0,1
E002263,Ukraine_Black_Sea,52.333455714285705,36.720148571428574,2024-03-30,2024-04-12,14,22.98,3.282857142857143,344.93,7,0.2857142857142857,1
E002264,Ukraine_Black_Sea,44.16078666666667,22.851416666666665,2024-03-30,2024-03-30,1,22.27,7.423333333333333,351.88,3,0.0,1
E002265,Ukraine_Black_Sea,45.179069999999996,40.60329,2024-03-30,2024-03-30,1,22.9,11.45,355.16,2,0.0,1
E002266,Ukraine_Black_Sea,45.7059,24.6953,2024-03-30,2024-03-30,1,106.86,21.372,348.36,5,0.0,1
E002267,Ukraine_Black_Sea,45.72937,23.59291,2024-03-30,2024-03-30,1,5.49,5.49,339.91,1,0.0,1
E002268,Ukraine_Black_Sea,46.17940333333333,26.19834333333333,2024-03-30,2024-03-30,1,17.66,5.886666666666667,336.39,3,0.0,1
E002269,Ukraine_Black_Sea,46.23128,26.0314,2024-03-30,2024-03-30,1,3.46,3.46,332.27,1,0.0,1
E002270,Ukraine_Black_Sea,46.304243,26.591088000000003,2024-03-30,2024-04-03,5,68.46,6.845999999999999,367.0,10,0.0,1
E002271,Ukraine_Black_Sea,46.95531,27.97459,2024-03-30,2024-03-30,1,1.61,1.61,333.35,1,0.0,1
E002272,Ukraine_Black_Sea,47.13391,23.41451,2024-03-30,2024-03-30,1,2.38,2.38,330.12,1,0.0,1
E002273,Ukraine_Black_Sea,47.30419,22.86838,2024-03-30,2024-03-30,1,10.27,10.27,348.74,1,0.0,1
E002274,Ukraine_Black_Sea,47.765653333333326,27.48111,2024-03-30,2024-06-27,90,29.709999999999997,4.951666666666666,343.16,6,0.16666666666666666,1
E002275,Ukraine_Black_Sea,48.411485,23.540992499999998,2024-03-30,2024-03-30,1,10.450000000000001,2.6125000000000003,334.35,4,0.0,1
E002276,Ukraine_Black_Sea,49.29127,23.15923,2024-03-30,2024-03-30,1,2.55,2.55,327.74,1,0.0,1
E002277,Ukraine_Black_Sea,49.630480000000006,23.829255,2024-03-30,2024-04-02,4,22.57,5.6425,367.0,4,0.25,1
E002278,Ukraine_Black_Sea,50.22282666666667,23.858958333333334,2024-03-30,2024-03-30,1,135.57999999999998,11.298333333333332,367.0,12,0.0,1
E002279,Ukraine_Black_Sea,50.39548666666667,24.250559999999997,2024-03-30,2024-06-18,81,8.540000000000001,2.846666666666667,340.88,3,0.0,1
E002280,Ukraine_Black_Sea,50.81582,25.216,2024-03-30,2024-03-30,1,3.04,3.04,332.21,1,0.0,1
E002281,Ukraine_Black_Sea,51.0313,37.13438,2024-03-30,2024-06-08,71,111.46000000000002,7.430666666666668,367.0,15,0.06666666666666667,1
E002282,Ukraine_Black_Sea,51.40629666666666,26.058623333333333,2024-03-30,2024-04-30,32,6.68,2.2266666666666666,327.22,3,0.0,1
E002283,Ukraine_Black_Sea,51.50745,23.9104,2024-03-30,2024-03-30,1,4.47,4.47,348.24,1,0.0,1
E002284,Ukraine_Black_Sea,51.73785,26.05772,2024-03-30,2024-03-30,1,4.47,4.47,326.69,1,0.0,1
E002285,Ukraine_Black_Sea,51.8708125,34.33378083333334,2024-03-30,2024-05-26,58,105.09,8.7575,351.91,12,0.25,1
E002286,Ukraine_Black_Sea,52.2697,37.022803333333336,2024-03-30,2024-06-10,73,7.32,2.44,346.68,3,0.0,1
E002287,Ukraine_Black_Sea,52.92683,26.08524,2024-03-30,2024-03-30,1,2.91,2.91,332.97,1,0.0,1
E002288,Ukraine_Black_Sea,52.73605,22.01768,2024-03-30,2024-03-30,1,4.83,4.83,342.48,1,0.0,1
E002289,Ukraine_Black_Sea,46.65375090909092,30.96668909090909,2024-03-30,2024-06-28,91,105.44999999999999,9.586363636363636,367.0,11,0.2727272727272727,1
E002290,Ukraine_Black_Sea,46.82542333333333,32.58526666666667,2024-03-30,2024-06-23,86,14.64,4.88,352.13,3,0.3333333333333333,1
E002291,Ukraine_Black_Sea,47.649346,24.254872,2024-03-31,2024-04-10,11,16.91,3.382,346.94,5,0.4,1
E002292,Ukraine_Black_Sea,44.707035000000005,25.826985,2024-03-31,2024-03-31,1,2.06,1.03,317.69,2,1.0,1
E002293,Ukraine_Black_Sea,44.886084999999994,40.0020675,2024-03-31,2024-06-14,76,23.0,5.75,351.56,4,0.0,1
E002294,Ukraine_Black_Sea,48.10736,40.88982,2024-03-31,2024-03-31,1,22.580000000000002,7.526666666666667,341.96,3,0.0,1
E002295,Ukraine_Black_Sea,49.976904000000005,34.554789,2024-03-31,2024-05-20,51,61.29,6.129,347.76,10,0.3,1
E002296,Ukraine_Black_Sea,51.93293,33.340255,2024-03-31,2024-04-05,6,8.38,4.19,337.39,2,0.0,1
E002297,Ukraine_Black_Sea,52.01217694444444,37.63415222222223,2024-03-31,2024-05-23,54,247.53,6.8758333333333335,356.81,36,0.1111111111111111,1
E002298,Ukraine_Black_Sea,52.22994,35.65162195652174,2024-03-31,2024-06-18,80,242.09000000000003,5.262826086956522,352.47,46,0.10869565217391304,1
E002299,Ukraine_Black_Sea,52.669805,35.584035,2024-03-31,2024-03-31,1,6.03,3.015,326.37,2,0.0,1
E002300,Ukraine_Black_Sea,45.233435,36.38221,2024-03-31,2024-06-10,72,5.55,2.775,338.98,2,0.0,1
E002301,Ukraine_Black_Sea,45.5228,39.07361,2024-03-31,2024-03-31,1,11.19,11.19,346.99,1,0.0,1
E002302,Ukraine_Black_Sea,46.53159,26.54466,2024-03-31,2024-03-31,1,1.35,1.35,328.94,1,0.0,1
E002303,Ukraine_Black_Sea,46.705035,28.317259999999997,2024-03-31,2024-03-31,1,10.98,5.49,335.19,2,0.0,1
E002304,Ukraine_Black_Sea,47.042482500000006,30.093532500000002,2024-03-31,2024-04-02,3,23.92,5.98,342.12,4,0.0,1
E002305,Ukraine_Black_Sea,48.34892,25.48988,2024-03-31,2024-03-31,1,8.08,8.08,337.8,1,0.0,1
E002306,Ukraine_Black_Sea,48.42947,33.73162,2024-03-31,2024-03-31,1,2.64,2.64,336.78,1,0.0,1
E002307,Ukraine_Black_Sea,48.53667,28.8254,2024-03-31,2024-03-31,1,3.1,3.1,332.55,1,0.0,1
E002308,Ukraine_Black_Sea,49.0322957142857,32.70871928571429,2024-03-31,2024-05-29,60,39.64999999999999,2.8321428571428564,349.45,14,0.5,1
E002309,Ukraine_Black_Sea,49.50341,32.27412,2024-03-31,2024-03-31,1,1.43,1.43,329.97,1,0.0,1
E002310,Ukraine_Black_Sea,49.292559999999995,27.473415000000003,2024-03-31,2024-04-10,11,5.74,2.87,348.32,2,0.0,1
E002311,Ukraine_Black_Sea,49.76253,31.468130000000002,2024-03-31,2024-04-12,13,15.18,7.59,335.92,2,0.0,1
E002312,Ukraine_Black_Sea,49.8756,29.34047,2024-03-31,2024-03-31,1,0.7,0.7,328.86,1,0.0,1
E002313,Ukraine_Black_Sea,50.10724,29.07017,2024-03-31,2024-03-31,1,7.13,7.13,341.46,1,0.0,1
E002314,Ukraine_Black_Sea,50.45568,26.94316,2024-03-31,2024-03-31,1,1.56,1.56,326.22,1,0.0,1
E002315,Ukraine_Black_Sea,50.53032,30.27683,2024-03-31,2024-03-31,1,3.11,3.11,339.17,1,0.0,1
E002316,Ukraine_Black_Sea,50.5857175,27.268722500000003,2024-03-31,2024-03-31,1,110.89000000000001,27.722500000000004,355.49,4,0.0,1
E002317,Ukraine_Black_Sea,50.73668,29.44227,2024-03-31,2024-03-31,1,2.39,2.39,329.9,1,0.0,1
E002318,Ukraine_Black_Sea,50.707601249999996,35.4397375,2024-03-31,2024-05-28,59,36.650000000000006,4.581250000000001,342.64,8,0.125,1
E002319,Ukraine_Black_Sea,50.84739,27.72221,2024-03-31,2024-03-31,1,2.33,2.33,330.19,1,0.0,1
E002320,Ukraine_Black_Sea,50.847060000000006,33.380113076923074,2024-03-31,2024-05-02,33,65.57,5.043846153846153,346.85,13,0.07692307692307693,1
E002321,Ukraine_Black_Sea,50.88758,37.91996,2024-03-31,2024-03-31,1,1.59,1.59,330.79,1,0.0,1
E002322,Ukraine_Black_Sea,50.935885,40.992315000000005,2024-03-31,2024-04-07,8,18.9,4.725,339.14,4,0.0,1
E002323,Ukraine_Black_Sea,50.98029,27.95355,2024-03-31,2024-03-31,1,3.44,3.44,335.84,1,0.0,1
E002324,Ukraine_Black_Sea,51.231785,37.367230000000006,2024-03-31,2024-04-09,10,30.310000000000002,7.577500000000001,346.13,4,0.0,1
E002325,Ukraine_Black_Sea,51.34107666666667,40.37396666666667,2024-03-31,2024-04-06,7,19.88,6.626666666666666,344.26,3,0.0,1
E002326,Ukraine_Black_Sea,51.42057,30.66926,2024-03-31,2024-03-31,1,11.15,5.575,335.16,2,0.0,1
E002327,Ukraine_Black_Sea,51.49450904761904,33.85356428571429,2024-03-31,2024-04-14,15,98.35,4.683333333333333,352.02,21,0.3333333333333333,1
E002328,Ukraine_Black_Sea,51.574715,27.95471,2024-03-31,2024-03-31,1,8.5,4.25,347.42,2,0.0,1
E002329,Ukraine_Black_Sea,51.5989475,32.7161125,2024-03-31,2024-04-05,6,15.970000000000002,3.9925000000000006,334.79,4,0.0,1
E002330,Ukraine_Black_Sea,51.673963333333326,31.74108,2024-03-31,2024-04-10,11,11.46,3.8200000000000003,337.92,3,0.0,1
E002331,Ukraine_Black_Sea,51.839261428571426,33.48697571428571,2024-03-31,2024-05-26,57,25.009999999999998,3.5728571428571425,344.96,7,0.0,1
E002332,Ukraine_Black_Sea,51.86538,26.80894,2024-03-31,2024-03-31,1,2.66,2.66,328.7,1,0.0,1
E002333,Ukraine_Black_Sea,52.13811,36.40604,2024-03-31,2024-03-31,1,3.87,3.87,341.32,1,0.0,1
E002334,Ukraine_Black_Sea,52.24654125,36.27113,2024-03-31,2024-04-08,9,39.09,4.88625,356.41,8,0.125,1
E002335,Ukraine_Black_Sea,52.207299166666665,37.33510416666666,2024-03-31,2024-04-13,14,68.55000000000001,5.712500000000001,367.0,12,0.08333333333333333,1
E002336,Ukraine_Black_Sea,52.39045333333333,27.925946666666665,2024-03-31,2024-04-02,3,15.450000000000001,5.15,337.9,3,0.0,1
E002337,Ukraine_Black_Sea,52.537845,37.3744575,2024-03-31,2024-04-23,24,12.98,3.245,338.85,4,0.0,1
E002338,Ukraine_Black_Sea,52.838480000000004,33.19947,2024-03-31,2024-03-31,1,10.61,5.305,337.36,2,0.0,1
E002339,Ukraine_Black_Sea,52.9310088888889,32.447806666666665,2024-03-31,2024-04-01,2,31.54,3.5044444444444443,345.73,9,0.3333333333333333,1
E002340,Ukraine_Black_Sea,52.95816,33.21069,2024-03-31,2024-03-31,1,2.96,2.96,333.04,1,0.0,1
E002341,Ukraine_Black_Sea,51.96763,23.757387692307695,2024-03-31,2024-05-02,33,157.87,12.143846153846154,367.0,13,0.0,1
E002342,Ukraine_Black_Sea,50.86715,35.667946666666666,2024-03-31,2024-04-01,2,18.04,6.013333333333333,345.0,3,0.3333333333333333,1
E002343,Ukraine_Black_Sea,52.55360666666667,30.720053333333336,2024-03-31,2024-05-02,33,6.300000000000001,2.1,337.27,3,0.3333333333333333,1
E002344,Ukraine_Black_Sea,51.08508,23.960132499999997,2024-04-01,2024-05-26,56,21.509999999999998,5.3774999999999995,345.63,4,0.25,1
E002345,Ukraine_Black_Sea,48.63859142857143,24.36973857142857,2024-04-01,2024-04-10,10,27.810000000000002,3.9728571428571433,351.38,7,0.14285714285714285,1
E002346,Ukraine_Black_Sea,49.17922,27.58131,2024-04-01,2024-04-01,1,0.88,0.88,298.03,1,1.0,1
E002347,Ukraine_Black_Sea,50.3715,24.06147,2024-04-01,2024-04-01,1,2.61,2.61,332.63,1,1.0,1
E002348,Ukraine_Black_Sea,50.1238125,38.216325,2024-04-01,2024-04-01,1,57.51,7.18875,353.12,8,0.0,1
E002349,Ukraine_Black_Sea,52.901216363636365,38.98042696969698,2024-04-01,2024-06-11,72,198.11,6.003333333333334,367.0,33,0.09090909090909091,1
E002350,Ukraine_Black_Sea,44.88269,37.88367,2024-04-01,2024-04-01,1,2.44,2.44,333.13,1,0.0,1
E002351,Ukraine_Black_Sea,45.46947,34.47286,2024-04-01,2024-04-11,11,3.89,1.945,331.48,2,0.0,1
E002352,Ukraine_Black_Sea,45.68198,34.62528,2024-04-01,2024-04-01,1,2.68,2.68,335.35,1,0.0,1
E002353,Ukraine_Black_Sea,44.939375,26.657275,2024-04-01,2024-04-14,14,9.89,4.945,344.73,2,0.5,1
E002354,Ukraine_Black_Sea,45.75008,28.93634,2024-04-01,2024-04-01,1,29.19,29.19,337.62,1,0.0,1
E002355,Ukraine_Black_Sea,46.840495999999995,22.446545999999998,2024-04-01,2024-05-26,56,53.68,3.5786666666666664,350.53,15,0.6666666666666666,1
E002356,Ukraine_Black_Sea,47.87096,29.35155,2024-04-01,2024-04-01,1,13.219999999999999,6.609999999999999,342.34,2,0.0,1
E002357,Ukraine_Black_Sea,49.073012799999994,40.8613744,2024-04-01,2024-04-10,10,115.52000000000001,4.6208,367.0,25,0.24,1
E002358,Ukraine_Black_Sea,49.24478,40.54044,2024-04-01,2024-04-01,1,3.94,3.94,333.31,1,0.0,1
E002359,Ukraine_Black_Sea,47.389224999999996,23.007285,2024-04-01,2024-04-01,1,8.46,4.23,334.23,2,0.0,1
E002360,Ukraine_Black_Sea,47.76042,23.152176666666666,2024-04-01,2024-04-01,1,18.64,6.213333333333334,340.29,3,0.0,1
E002361,Ukraine_Black_Sea,50.34347,31.28432,2024-04-01,2024-04-01,1,2.61,2.61,327.68,1,0.0,1
E002362,Ukraine_Black_Sea,50.52593,24.53763,2024-04-01,2024-04-01,1,5.33,5.33,339.75,1,0.0,1
E002363,Ukraine_Black_Sea,50.55088,37.63974,2024-04-01,2024-04-01,1,2.52,2.52,330.25,1,0.0,1
E002364,Ukraine_Black_Sea,50.98417833333334,38.02035333333333,2024-04-01,2024-04-01,1,41.64,6.94,348.0,6,0.0,1
E002365,Ukraine_Black_Sea,51.023717142857144,31.92142,2024-04-01,2024-05-25,55,29.62,4.231428571428571,349.65,7,0.2857142857142857,1
E002366,Ukraine_Black_Sea,51.65685,37.8937,2024-04-01,2024-04-01,1,2.21,2.21,331.26,1,0.0,1
E002367,Ukraine_Black_Sea,51.7982,31.02923,2024-04-01,2024-04-01,1,1.48,1.48,328.17,1,0.0,1
E002368,Ukraine_Black_Sea,51.83834,31.47301,2024-04-01,2024-04-01,1,2.06,2.06,325.06,1,0.0,1
E002369,Ukraine_Black_Sea,51.89083,35.19531,2024-04-01,2024-04-01,1,2.35,2.35,327.51,1,0.0,1
E002370,Ukraine_Black_Sea,52.174574166666666,38.96071625,2024-04-01,2024-06-10,71,98.68,4.111666666666667,346.61,24,0.20833333333333334,1
E002371,Ukraine_Black_Sea,52.30835875,36.01315625,2024-04-01,2024-04-08,8,37.84,4.73,340.9,8,0.0,1
E002372,Ukraine_Black_Sea,52.319429230769245,38.14957769230769,2024-04-01,2024-04-13,13,52.629999999999995,4.048461538461538,354.95,13,0.0,1
E002373,Ukraine_Black_Sea,52.40307857142857,37.49681571428572,2024-04-01,2024-04-08,8,72.6,10.37142857142857,351.26,7,0.0,1
E002374,Ukraine_Black_Sea,52.52745,34.3606,2024-04-01,2024-04-01,1,4.79,4.79,346.89,1,0.0,1
E002375,Ukraine_Black_Sea,52.675847,35.812231499999996,2024-04-01,2024-05-23,53,104.02,5.201,367.0,20,0.2,1
E002376,Ukraine_Black_Sea,52.99226,32.6531,2024-04-01,2024-04-01,1,3.91,3.91,341.64,1,0.0,1
E002377,Ukraine_Black_Sea,44.2134625,27.85804625,2024-04-01,2024-04-03,3,136.98000000000002,17.122500000000002,355.94,8,0.0,1
E002378,Ukraine_Black_Sea,47.70358,25.48683,2024-04-01,2024-04-01,1,3.3,3.3,328.69,1,0.0,1
E002379,Ukraine_Black_Sea,48.306386,24.412256,2024-04-01,2024-05-17,47,34.32,6.864,356.48,5,0.0,1
E002380,Ukraine_Black_Sea,51.59024250000001,36.7963175,2024-04-01,2024-04-11,11,15.73,3.9325,344.19,4,0.25,1
E002381,Ukraine_Black_Sea,45.246714,35.15654,2024-04-01,2024-06-29,90,32.230000000000004,3.2230000000000003,340.89,10,0.3,1
E002382,Ukraine_Black_Sea,50.8193,36.93459,2024-04-02,2024-04-08,7,7.12,3.56,337.84,2,0.5,1
E002383,Ukraine_Black_Sea,52.30641,30.231,2024-04-02,2024-04-02,1,0.73,0.73,305.61,1,1.0,1
E002384,Ukraine_Black_Sea,49.08581,22.92488,2024-04-02,2024-04-02,1,0.31,0.31,298.51,1,1.0,1
E002385,Ukraine_Black_Sea,49.71277,24.33405,2024-04-02,2024-04-02,1,1.02,1.02,299.93,1,1.0,1
E002386,Ukraine_Black_Sea,50.06863,24.76098,2024-04-02,2024-04-02,1,0.72,0.72,304.87,1,1.0,1
E002387,Ukraine_Black_Sea,44.65031,22.10521,2024-04-02,2024-04-02,1,0.37,0.37,299.84,1,1.0,1
E002388,Ukraine_Black_Sea,47.80531,23.365920000000003,2024-04-02,2024-04-02,1,19.61,4.9025,350.6,4,1.0,1
E002389,Ukraine_Black_Sea,46.28922,27.07392,2024-04-02,2024-04-02,1,30.28,30.28,367.0,1,0.0,1
E002390,Ukraine_Black_Sea,47.360609999999994,37.0687,2024-04-02,2024-04-02,1,33.5,16.75,335.89,2,0.0,1
E002391,Ukraine_Black_Sea,48.050025,40.376165,2024-04-02,2024-04-06,5,8.17,4.085,345.55,2,0.0,1
E002392,Ukraine_Black_Sea,48.17285,32.33914,2024-04-02,2024-04-02,1,36.6,9.15,341.21,4,0.0,1
E002393,Ukraine_Black_Sea,48.501785,29.801945,2024-04-02,2024-04-02,1,8.79,4.395,342.14,2,0.0,1
E002394,Ukraine_Black_Sea,48.658676,28.643155999999998,2024-04-02,2024-05-17,46,39.589999999999996,7.917999999999999,342.36,5,0.0,1
E002395,Ukraine_Black_Sea,48.77945666666667,32.41847,2024-04-02,2024-04-02,1,20.630000000000003,6.876666666666668,353.21,3,0.0,1
E002396,Ukraine_Black_Sea,49.450885,26.932834999999997,2024-04-02,2024-04-02,1,6.949999999999999,3.4749999999999996,335.33,2,0.0,1
E002397,Ukraine_Black_Sea,50.211099999999995,34.200084545454544,2024-04-02,2024-05-12,41,61.39,5.580909090909091,367.0,11,0.0,1
E002398,Ukraine_Black_Sea,50.49886333333333,27.920113333333333,2024-04-02,2024-05-17,46,27.46,9.153333333333334,341.07,3,0.0,1
E002399,Ukraine_Black_Sea,50.70902,34.6722,2024-04-02,2024-04-02,1,6.55,6.55,341.43,1,0.0,1
E002400,Ukraine_Black_Sea,50.72211,36.27927,2024-04-02,2024-04-02,1,1.88,1.88,328.92,1,0.0,1
E002401,Ukraine_Black_Sea,50.84476,40.93936,2024-04-02,2024-04-02,1,4.0,4.0,335.86,1,0.0,1
E002402,Ukraine_Black_Sea,51.423249999999996,32.053020000000004,2024-04-02,2024-04-02,1,26.14,13.07,348.76,2,0.0,1
E002403,Ukraine_Black_Sea,51.54809,32.85091,2024-04-02,2024-04-02,1,2.6,2.6,332.14,1,0.0,1
E002404,Ukraine_Black_Sea,51.98523,35.71238,2024-04-02,2024-04-02,1,1.94,1.94,328.91,1,0.0,1
E002405,Ukraine_Black_Sea,51.99441,38.283955000000006,2024-04-02,2024-04-08,7,5.3100000000000005,2.6550000000000002,333.62,2,0.0,1
E002406,Ukraine_Black_Sea,52.11020857142857,40.82695785714286,2024-04-02,2024-06-22,82,138.54999999999998,9.89642857142857,344.33,14,0.07142857142857142,1
E002407,Ukraine_Black_Sea,52.13317,38.199754999999996,2024-04-02,2024-04-10,9,5.97,2.985,333.77,2,0.0,1
E002408,Ukraine_Black_Sea,52.221808333333335,38.03215666666666,2024-04-02,2024-04-13,12,32.0,5.333333333333333,367.0,6,0.16666666666666666,1
E002409,Ukraine_Black_Sea,52.472515,38.948235,2024-04-02,2024-04-08,7,8.01,4.005,334.8,2,0.0,1
E002410,Ukraine_Black_Sea,51.1484,27.47754,2024-04-02,2024-04-02,1,2.23,2.23,328.98,1,0.0,1
E002411,Ukraine_Black_Sea,51.697748000000004,26.626932,2024-04-02,2024-04-10,9,29.709999999999997,5.941999999999999,349.06,5,0.0,1
E002412,Ukraine_Black_Sea,51.76672,30.87317,2024-04-02,2024-04-02,1,3.24,3.24,328.55,1,0.0,1
E002413,Ukraine_Black_Sea,51.969865,31.693565,2024-04-02,2024-04-30,29,7.6899999999999995,3.8449999999999998,332.12,2,0.0,1
E002414,Ukraine_Black_Sea,52.155809999999995,27.821481428571424,2024-04-02,2024-06-27,87,25.98,3.7114285714285713,354.02,7,0.2857142857142857,1
E002415,Ukraine_Black_Sea,52.25114333333334,31.382036666666664,2024-04-02,2024-04-02,1,12.24,4.08,341.78,3,0.0,1
E002416,Ukraine_Black_Sea,52.27562285714286,26.30733857142857,2024-04-02,2024-05-15,44,112.57000000000001,16.08142857142857,356.12,7,0.0,1
E002417,Ukraine_Black_Sea,52.60784,32.39834,2024-04-02,2024-04-02,1,2.35,2.35,325.7,1,0.0,1
E002418,Ukraine_Black_Sea,52.810208,35.6504,2024-04-02,2024-04-08,7,14.56,2.912,333.57,5,0.0,1
E002419,Ukraine_Black_Sea,52.826114999999994,34.24658833333333,2024-04-02,2024-04-09,8,14.04,2.34,333.08,6,0.0,1
E002420,Ukraine_Black_Sea,52.87452,35.28941,2024-04-02,2024-04-02,1,2.76,2.76,337.17,1,0.0,1
E002421,Ukraine_Black_Sea,52.95876,34.76258,2024-04-02,2024-04-10,9,5.84,2.92,336.71,2,0.0,1
E002422,Ukraine_Black_Sea,48.89210666666667,32.15622666666666,2024-04-02,2024-04-05,4,12.4,4.133333333333334,342.05,3,0.0,1
E002423,Ukraine_Black_Sea,49.26149,30.058455000000002,2024-04-02,2024-04-02,1,6.05,3.025,333.56,2,0.0,1
E002424,Ukraine_Black_Sea,50.6600125,31.990630000000003,2024-04-02,2024-04-30,29,17.43,4.3575,351.28,4,0.0,1
E002425,Ukraine_Black_Sea,51.260977000000004,30.855197999999994,2024-04-02,2024-05-04,33,63.19,6.319,349.63,10,0.0,1
E002426,Ukraine_Black_Sea,50.863373333333335,35.38377,2024-04-02,2024-06-28,88,9.54,3.1799999999999997,333.49,3,0.6666666666666666,1
E002427,Ukraine_Black_Sea,52.481472499999995,39.93036625,2024-04-02,2024-06-19,79,21.04,2.63,367.0,8,0.5,1
E002428,Ukraine_Black_Sea,50.54826166666667,32.52480666666666,2024-04-03,2024-04-09,7,63.1,10.516666666666667,355.1,6,0.16666666666666666,1
E002429,Ukraine_Black_Sea,45.01486,37.56621,2024-04-03,2024-04-03,1,0.62,0.62,299.6,1,1.0,1
E002430,Ukraine_Black_Sea,48.17725,35.01757,2024-04-03,2024-04-03,1,5.42,5.42,349.5,1,0.0,1
E002431,Ukraine_Black_Sea,50.16779125,32.35567375,2024-04-03,2024-05-27,55,31.69,3.96125,343.99,8,0.0,1
E002432,Ukraine_Black_Sea,50.95922,37.76992,2024-04-03,2024-04-03,1,2.76,2.76,328.2,1,0.0,1
E002433,Ukraine_Black_Sea,52.00856,38.092505,2024-04-03,2024-04-09,7,11.97,5.985,353.09,2,0.0,1
E002434,Ukraine_Black_Sea,52.33239,39.323944,2024-04-03,2024-04-10,8,37.620000000000005,7.524000000000001,354.31,5,0.0,1
E002435,Ukraine_Black_Sea,52.3885,38.361535,2024-04-03,2024-04-20,18,6.37,3.185,331.22,2,0.0,1
E002436,Ukraine_Black_Sea,44.27375,24.78616,2024-04-03,2024-04-03,1,1.54,1.54,329.59,1,0.0,1
E002437,Ukraine_Black_Sea,45.1064,24.84815,2024-04-03,2024-04-03,1,2.23,2.23,327.95,1,0.0,1
E002438,Ukraine_Black_Sea,45.80104,28.138795000000002,2024-04-03,2024-05-21,49,2.96,1.48,332.89,2,0.5,1
E002439,Ukraine_Black_Sea,47.1514,28.66232,2024-04-03,2024-04-03,1,3.31,3.31,331.53,1,0.0,1
E002440,Ukraine_Black_Sea,48.00385,29.90841,2024-04-03,2024-04-03,1,3.48,3.48,326.05,1,0.0,1
E002441,Ukraine_Black_Sea,48.160603333333334,26.275149999999996,2024-04-03,2024-05-17,45,7.1,2.3666666666666667,343.61,3,0.0,1
E002442,Ukraine_Black_Sea,48.59256,27.55988,2024-04-03,2024-04-03,1,2.7,2.7,329.48,1,0.0,1
E002443,Ukraine_Black_Sea,49.472775000000006,32.991281666666666,2024-04-03,2024-04-11,9,28.92,4.82,346.07,6,0.16666666666666666,1
E002444,Ukraine_Black_Sea,50.627535,37.986615,2024-04-03,2024-04-13,11,2.2800000000000002,1.1400000000000001,327.93,2,0.5,1
E002445,Ukraine_Black_Sea,50.595265,33.320274999999995,2024-04-03,2024-04-14,12,7.23,3.615,341.92,2,0.5,1
E002446,Ukraine_Black_Sea,48.180126666666666,27.235919999999997,2024-04-04,2024-06-27,85,9.98,3.3266666666666667,344.0,3,0.6666666666666666,1
E002447,Ukraine_Black_Sea,50.443315,38.55798,2024-04-04,2024-04-04,1,16.97,8.485,342.71,2,0.0,1
E002448,Ukraine_Black_Sea,49.98842111111111,27.723924444444442,2024-04-04,2024-04-24,21,39.2,4.355555555555556,346.57,9,0.1111111111111111,1
E002449,Ukraine_Black_Sea,44.87895,34.29965,2024-04-04,2024-04-04,1,3.5,3.5,341.55,1,0.0,1
E002450,Ukraine_Black_Sea,48.89847,31.77681,2024-04-04,2024-04-04,1,1.51,1.51,332.24,1,0.0,1
E002451,Ukraine_Black_Sea,49.25442,30.21875,2024-04-04,2024-04-04,1,4.61,4.61,334.02,1,0.0,1
E002452,Ukraine_Black_Sea,49.69712,33.88702,2024-04-04,2024-04-04,1,3.84,3.84,342.25,1,0.0,1
E002453,Ukraine_Black_Sea,49.7894425,30.6191,2024-04-04,2024-04-12,9,25.55,6.3875,347.6,4,0.0,1
E002454,Ukraine_Black_Sea,49.98,26.97796,2024-04-04,2024-04-04,1,3.06,3.06,330.64,1,0.0,1
E002455,Ukraine_Black_Sea,50.68471,25.69642,2024-04-04,2024-04-04,1,4.61,4.61,335.42,1,0.0,1
E002456,Ukraine_Black_Sea,50.697886363636364,30.147872727272727,2024-04-04,2024-06-26,84,100.19999999999999,9.109090909090908,345.87,11,0.0,1
E002457,Ukraine_Black_Sea,50.4643975,33.04706375,2024-04-05,2024-04-12,8,107.22999999999999,13.403749999999999,344.91,8,0.0,1
E002458,Ukraine_Black_Sea,50.49492818181818,33.88858454545455,2024-04-05,2024-04-14,10,61.28999999999999,5.571818181818181,367.0,11,0.0,1
E002459,Ukraine_Black_Sea,51.40643,33.49378,2024-04-05,2024-04-05,1,4.8,4.8,343.31,1,0.0,1
E002460,Ukraine_Black_Sea,44.960433333333334,27.202769999999997,2024-04-05,2024-06-27,84,8.85,2.9499999999999997,336.1,3,0.6666666666666666,1
E002461,Ukraine_Black_Sea,46.98192,28.40216,2024-04-05,2024-04-05,1,1.74,1.74,333.99,1,0.0,1
E002462,Ukraine_Black_Sea,48.16959,33.15493,2024-04-05,2024-04-05,1,8.7,4.35,336.17,2,0.0,1
E002463,Ukraine_Black_Sea,50.1026725,29.290715,2024-04-05,2024-04-05,1,10.24,2.56,339.11,4,0.0,1
E002464,Ukraine_Black_Sea,50.27253,32.01682,2024-04-05,2024-04-05,1,8.2,8.2,331.91,1,0.0,1
E002465,Ukraine_Black_Sea,50.52508,31.10995,2024-04-05,2024-04-05,1,9.36,9.36,340.25,1,0.0,1
E002466,Ukraine_Black_Sea,50.90033,32.65413,2024-04-05,2024-04-05,1,6.14,6.14,337.37,1,0.0,1
E002467,Ukraine_Black_Sea,51.80041,32.89083,2024-04-05,2024-04-05,1,2.83,2.83,326.17,1,0.0,1
E002468,Ukraine_Black_Sea,49.79844,40.97143333333333,2024-04-05,2024-04-06,2,7.52,2.5066666666666664,348.5,3,0.6666666666666666,1
E002469,Ukraine_Black_Sea,47.18852999999999,29.185243333333336,2024-04-05,2024-04-19,15,2.97,0.9900000000000001,298.02,3,1.0,1
E002470,Ukraine_Black_Sea,52.22734,40.71846,2024-04-06,2024-04-06,1,3.97,3.97,352.56,1,0.0,1
E002471,Ukraine_Black_Sea,45.9552,34.23231,2024-04-06,2024-04-06,1,4.18,4.18,343.52,1,0.0,1
E002472,Ukraine_Black_Sea,46.30764,34.04484,2024-04-06,2024-04-06,1,3.35,3.35,345.31,1,0.0,1
E002473,Ukraine_Black_Sea,46.41621222222223,34.65124222222222,2024-04-06,2024-06-07,63,43.46,4.828888888888889,354.32,9,0.5555555555555556,1
E002474,Ukraine_Black_Sea,46.657030000000006,31.240725,2024-04-06,2024-04-06,1,20.78,10.39,343.54,2,0.0,1
E002475,Ukraine_Black_Sea,50.25111,30.99935,2024-04-06,2024-04-06,1,1.42,1.42,325.52,1,0.0,1
E002476,Ukraine_Black_Sea,51.46291,32.687635,2024-04-06,2024-04-12,7,5.83,2.915,335.01,2,0.0,1
E002477,Ukraine_Black_Sea,52.08348142857143,40.35013285714285,2024-04-06,2024-06-22,78,26.540000000000003,3.791428571428572,353.42,7,0.0,1
E002478,Ukraine_Black_Sea,52.92674,40.79317,2024-04-06,2024-04-06,1,2.57,2.57,339.0,1,0.0,1
E002479,Ukraine_Black_Sea,44.22308,27.303475000000002,2024-04-07,2024-06-29,84,12.81,1.2810000000000001,336.15,10,0.8,1
E002480,Ukraine_Black_Sea,45.00006,38.00125,2024-04-07,2024-04-22,16,6.21,3.105,329.98,2,0.0,1
E002481,Ukraine_Black_Sea,45.0751075,40.942887500000005,2024-04-07,2024-06-06,61,14.45,3.6125,344.65,4,0.25,1
E002482,Ukraine_Black_Sea,48.3759,25.01539,2024-04-07,2024-04-07,1,4.33,4.33,325.51,1,0.0,1
E002483,Ukraine_Black_Sea,49.10444384615384,40.35643692307691,2024-04-07,2024-05-27,51,74.88,5.76,352.04,13,0.46153846153846156,1
E002484,Ukraine_Black_Sea,49.3676,28.29861,2024-04-07,2024-04-07,1,2.33,2.33,329.16,1,0.0,1
E002485,Ukraine_Black_Sea,49.39949333333333,25.006785000000004,2024-04-07,2024-05-26,50,98.02,16.336666666666666,341.17,6,0.0,1
E002486,Ukraine_Black_Sea,52.07252375,38.634553749999995,2024-04-07,2024-06-22,77,42.959999999999994,5.369999999999999,355.71,8,0.0,1
E002487,Ukraine_Black_Sea,52.1077,39.87445,2024-04-07,2024-04-07,1,2.44,2.44,329.55,1,0.0,1
E002488,Ukraine_Black_Sea,52.66122,37.6246,2024-04-07,2024-04-07,1,2.29,2.29,326.09,1,0.0,1
E002489,Ukraine_Black_Sea,52.76891,39.23603,2024-04-07,2024-04-07,1,4.07,4.07,333.6,1,0.0,1
E002490,Ukraine_Black_Sea,45.93145,23.00201,2024-04-07,2024-04-07,1,2.32,2.32,328.17,1,0.0,1
E002491,Ukraine_Black_Sea,47.9174,26.44106,2024-04-07,2024-04-07,1,3.25,3.25,349.07,1,0.0,1
E002492,Ukraine_Black_Sea,49.07634,26.47659,2024-04-07,2024-04-07,1,2.49,2.49,333.05,1,0.0,1
E002493,Ukraine_Black_Sea,50.11266,26.70216,2024-04-07,2024-04-07,1,3.37,3.37,328.94,1,0.0,1
E002494,Ukraine_Black_Sea,50.23317,37.977815,2024-04-08,2024-04-08,1,5.89,2.945,337.62,2,1.0,1
E002495,Ukraine_Black_Sea,46.61934,38.43453,2024-04-08,2024-04-08,1,3.46,3.46,333.79,1,0.0,1
E002496,Ukraine_Black_Sea,45.623885,27.643347499999997,2024-04-08,2024-04-08,1,55.010000000000005,13.752500000000001,367.0,4,0.0,1
E002497,Ukraine_Black_Sea,47.12998,27.95761,2024-04-08,2024-04-08,1,3.73,3.73,328.7,1,0.0,1
E002498,Ukraine_Black_Sea,48.03815,31.05712,2024-04-08,2024-04-08,1,4.45,4.45,336.12,1,0.0,1
E002499,Ukraine_Black_Sea,49.72638,32.042635000000004,2024-04-08,2024-04-12,5,5.890000000000001,2.9450000000000003,346.76,2,0.0,1
E002500,Ukraine_Black_Sea,49.84014,34.244855,2024-04-08,2024-04-29,22,9.870000000000001,4.9350000000000005,336.82,2,0.0,1
E002501,Ukraine_Black_Sea,50.743073333333335,40.82405333333333,2024-04-08,2024-04-08,1,47.22,15.74,356.88,3,0.0,1
E002502,Ukraine_Black_Sea,50.5791825,26.7514175,2024-04-08,2024-04-11,4,19.38,4.845,353.16,4,0.0,1
E002503,Ukraine_Black_Sea,51.115258749999995,34.3093925,2024-04-08,2024-04-09,2,58.92,7.365,367.0,8,0.0,1
E002504,Ukraine_Black_Sea,51.2847125,31.774657500000004,2024-04-08,2024-05-03,26,25.69,6.4225,340.83,4,0.0,1
E002505,Ukraine_Black_Sea,51.61106,38.74762,2024-04-08,2024-04-08,1,3.36,3.36,336.5,1,0.0,1
E002506,Ukraine_Black_Sea,52.061018947368424,39.493182105263166,2024-04-08,2024-06-07,61,127.44000000000003,6.7073684210526325,367.0,19,0.2631578947368421,1
E002507,Ukraine_Black_Sea,52.40054,35.80325,2024-04-08,2024-04-08,1,3.2,3.2,326.64,1,0.0,1
E002508,Ukraine_Black_Sea,52.52967,37.641149999999996,2024-04-08,2024-05-24,47,3.5700000000000003,1.7850000000000001,339.1,2,0.5,1
E002509,Ukraine_Black_Sea,52.616507647058825,37.80774647058824,2024-04-08,2024-04-11,4,136.08,8.004705882352942,367.0,17,0.0,1
E002510,Ukraine_Black_Sea,47.99445,23.16467,2024-04-08,2024-04-08,1,2.4,2.4,325.93,1,0.0,1
E002511,Ukraine_Black_Sea,50.771699999999996,34.347664,2024-04-08,2024-05-18,41,32.160000000000004,6.432,355.21,5,0.4,1
E002512,Ukraine_Black_Sea,44.12488,40.473235,2024-04-08,2024-04-08,1,1.97,0.985,299.4,2,1.0,1
E002513,Ukraine_Black_Sea,48.94131,24.563347999999998,2024-04-08,2024-04-10,3,7.159999999999999,1.432,334.78,5,0.8,1
E002514,Ukraine_Black_Sea,45.584489999999995,27.15575,2024-04-09,2024-04-09,1,54.75,18.25,367.0,3,0.0,1
E002515,Ukraine_Black_Sea,50.51118999999999,40.923773636363634,2024-04-09,2024-05-24,46,29.76,2.7054545454545456,347.02,11,0.5454545454545454,1
E002516,Ukraine_Black_Sea,48.39841,29.10969,2024-04-09,2024-04-09,1,3.2,3.2,333.47,1,0.0,1
E002517,Ukraine_Black_Sea,49.68647,26.28095,2024-04-09,2024-04-09,1,4.28,4.28,332.26,1,0.0,1
E002518,Ukraine_Black_Sea,49.99793,27.54026,2024-04-09,2024-04-09,1,14.69,14.69,367.0,1,0.0,1
E002519,Ukraine_Black_Sea,51.33041,40.51605,2024-04-09,2024-04-09,1,3.07,3.07,327.63,1,0.0,1
E002520,Ukraine_Black_Sea,51.59138,32.22464,2024-04-09,2024-04-09,1,2.28,2.28,327.27,1,0.0,1
E002521,Ukraine_Black_Sea,51.70433250000001,33.934965,2024-04-09,2024-04-12,4,12.41,3.1025,340.16,4,0.0,1
E002522,Ukraine_Black_Sea,52.36732,36.54808,2024-04-09,2024-04-09,1,5.11,5.11,337.05,1,0.0,1
E002523,Ukraine_Black_Sea,52.446725,38.735262500000005,2024-04-09,2024-04-11,3,18.56,4.64,367.0,4,0.0,1
E002524,Ukraine_Black_Sea,52.68855,38.57966,2024-04-09,2024-04-09,1,4.37,4.37,332.16,1,0.0,1
E002525,Ukraine_Black_Sea,52.78868,37.43917,2024-04-09,2024-04-09,1,28.5,28.5,346.27,1,0.0,1
E002526,Ukraine_Black_Sea,52.94588,35.58516,2024-04-09,2024-04-09,1,5.24,5.24,345.3,1,0.0,1
E002527,Ukraine_Black_Sea,44.392245,25.31867,2024-04-09,2024-04-09,1,11.97,5.985,345.26,2,0.5,1
E002528,Ukraine_Black_Sea,44.61029,28.58286,2024-04-09,2024-04-09,1,4.48,4.48,331.5,1,0.0,1
E002529,Ukraine_Black_Sea,45.48336,25.1489,2024-04-09,2024-04-09,1,4.8,4.8,343.2,1,0.0,1
E002530,Ukraine_Black_Sea,46.28685,24.99809,2024-04-09,2024-04-09,1,2.45,2.45,338.23,1,0.0,1
E002531,Ukraine_Black_Sea,46.690186,31.87398,2024-04-09,2024-06-19,72,22.240000000000002,4.448,351.01,5,0.0,1
E002532,Ukraine_Black_Sea,48.8311725,28.13932,2024-04-09,2024-05-22,44,27.52,6.88,343.58,4,0.0,1
E002533,Ukraine_Black_Sea,49.20077,28.09498,2024-04-09,2024-04-09,1,5.78,5.78,333.87,1,0.0,1
E002534,Ukraine_Black_Sea,49.21301,31.481704999999998,2024-04-09,2024-05-02,24,12.36,6.18,348.05,2,0.0,1
E002535,Ukraine_Black_Sea,49.25964,25.43359,2024-04-09,2024-04-09,1,3.66,3.66,336.34,1,0.0,1
E002536,Ukraine_Black_Sea,49.43566,26.09736,2024-04-09,2024-04-09,1,4.98,4.98,345.02,1,0.0,1
E002537,Ukraine_Black_Sea,50.106966666666665,30.243513333333336,2024-04-09,2024-04-09,1,48.78,16.26,343.06,3,0.0,1
E002538,Ukraine_Black_Sea,50.1516675,28.5740625,2024-04-09,2024-05-27,49,22.64,5.66,353.73,4,0.0,1
E002539,Ukraine_Black_Sea,50.34966,28.42165,2024-04-09,2024-04-09,1,2.33,2.33,329.51,1,0.0,1
E002540,Ukraine_Black_Sea,51.040665000000004,29.68056,2024-04-09,2024-06-24,77,4.16,2.08,333.79,2,0.5,1
E002541,Ukraine_Black_Sea,51.49335,26.83465,2024-04-09,2024-04-09,1,2.92,2.92,328.62,1,0.0,1
E002542,Ukraine_Black_Sea,51.65349,24.93579,2024-04-09,2024-04-09,1,3.71,3.71,336.12,1,0.0,1
E002543,Ukraine_Black_Sea,51.864445,37.924955,2024-04-09,2024-04-09,1,5.52,2.76,336.8,2,0.0,1
E002544,Ukraine_Black_Sea,51.985910000000004,25.559175,2024-04-09,2024-05-22,44,8.93,4.465,338.02,2,0.0,1
E002545,Ukraine_Black_Sea,52.075455000000005,29.14789,2024-04-09,2024-04-11,3,6.109999999999999,3.0549999999999997,331.44,2,0.0,1
E002546,Ukraine_Black_Sea,52.7905275,37.07582,2024-04-09,2024-04-09,1,66.16000000000001,16.540000000000003,367.0,4,0.0,1
E002547,Ukraine_Black_Sea,52.9726,32.866326666666666,2024-04-09,2024-04-12,4,13.77,4.59,333.78,3,0.0,1
E002548,Ukraine_Black_Sea,51.95248,38.78948,2024-04-09,2024-04-09,1,0.7,0.7,305.28,1,1.0,1
E002549,Ukraine_Black_Sea,47.919756,27.316412000000003,2024-04-09,2024-06-28,81,21.669999999999998,4.334,339.77,5,0.2,1
E002550,Ukraine_Black_Sea,49.81647,33.99689,2024-04-10,2024-04-10,1,0.6,0.6,297.93,1,1.0,1
E002551,Ukraine_Black_Sea,47.09839,32.189519999999995,2024-04-10,2024-04-10,1,7.78,2.5933333333333333,325.01,3,1.0,1
E002552,Ukraine_Black_Sea,45.85306,27.50637,2024-04-10,2024-04-10,1,0.6,0.6,301.15,1,1.0,1
E002553,Ukraine_Black_Sea,50.6572725,32.88544,2024-04-10,2024-04-10,1,30.04,7.51,356.08,4,0.0,1
E002554,Ukraine_Black_Sea,52.29828,40.38561,2024-04-10,2024-04-10,1,1.36,1.36,332.55,1,0.0,1
E002555,Ukraine_Black_Sea,52.49611153846154,40.79750846153846,2024-04-10,2024-05-24,45,177.42000000000002,13.647692307692308,367.0,13,0.07692307692307693,1
E002556,Ukraine_Black_Sea,52.50061,38.20333,2024-04-10,2024-04-10,1,4.47,4.47,346.81,1,0.0,1
E002557,Ukraine_Black_Sea,52.87980777777778,40.51224555555555,2024-04-10,2024-06-22,74,15.709999999999999,1.7455555555555555,331.98,9,0.6666666666666666,1
E002558,Ukraine_Black_Sea,50.64216714285714,28.558144285714288,2024-04-10,2024-04-10,1,40.949999999999996,5.85,344.62,7,0.0,1
E002559,Ukraine_Black_Sea,52.64584333333334,35.026896666666666,2024-04-10,2024-04-10,1,16.95,5.6499999999999995,349.38,3,0.0,1
E002560,Ukraine_Black_Sea,52.739647142857145,36.578407142857145,2024-04-10,2024-04-12,3,35.339999999999996,5.048571428571428,340.73,7,0.0,1
E002561,Ukraine_Black_Sea,52.86886,34.93335,2024-04-10,2024-04-10,1,2.36,2.36,329.32,1,0.0,1
E002562,Ukraine_Black_Sea,52.97768,35.41121,2024-04-10,2024-04-10,1,9.02,9.02,339.28,1,0.0,1
E002563,Ukraine_Black_Sea,44.421765,26.227179999999997,2024-04-10,2024-06-22,74,4.1,2.05,336.54,2,0.5,1
E002564,Ukraine_Black_Sea,45.80084,26.06247,2024-04-10,2024-04-10,1,0.87,0.87,332.77,1,0.0,1
E002565,Ukraine_Black_Sea,46.375455,26.017705000000003,2024-04-10,2024-04-10,1,41.28,10.32,341.63,4,0.0,1
E002566,Ukraine_Black_Sea,47.50032,22.839,2024-04-10,2024-04-10,1,5.05,5.05,335.13,1,0.0,1
E002567,Ukraine_Black_Sea,48.24973,24.92858,2024-04-10,2024-04-10,1,5.19,5.19,346.63,1,0.0,1
E002568,Ukraine_Black_Sea,48.686655,24.616765,2024-04-10,2024-05-17,38,4.4,2.2,333.55,2,0.0,1
E002569,Ukraine_Black_Sea,48.75762,27.43149,2024-04-10,2024-04-10,1,1.97,1.97,335.16,1,0.0,1
E002570,Ukraine_Black_Sea,48.89838,26.38864,2024-04-10,2024-04-10,1,2.27,2.27,335.4,1,0.0,1
E002571,Ukraine_Black_Sea,49.67567,26.945815000000003,2024-04-10,2024-04-10,1,7.58,3.79,338.91,2,0.0,1
E002572,Ukraine_Black_Sea,49.73312,34.11597,2024-04-10,2024-04-10,1,37.27,37.27,345.18,1,0.0,1
E002573,Ukraine_Black_Sea,49.78850333333333,27.460449999999998,2024-04-10,2024-04-10,1,14.42,4.806666666666667,335.76,3,0.0,1
E002574,Ukraine_Black_Sea,49.86468,25.37071,2024-04-10,2024-04-10,1,22.14,22.14,353.08,1,0.0,1
E002575,Ukraine_Black_Sea,50.32483,28.76441,2024-04-10,2024-04-10,1,2.51,2.51,330.43,1,0.0,1
E002576,Ukraine_Black_Sea,50.36773,31.14033,2024-04-10,2024-04-10,1,1.87,1.87,331.6,1,0.0,1
E002577,Ukraine_Black_Sea,50.634546666666665,36.17134333333333,2024-04-10,2024-05-25,46,14.420000000000002,2.4033333333333338,341.34,6,0.5,1
E002578,Ukraine_Black_Sea,50.734567500000004,37.1751225,2024-04-10,2024-05-24,45,22.58,5.645,346.69,4,0.25,1
E002579,Ukraine_Black_Sea,50.83381,34.1114,2024-04-10,2024-04-10,1,4.96,4.96,342.21,1,0.0,1
E002580,Ukraine_Black_Sea,50.83185,32.2083,2024-04-10,2024-04-10,1,2.73,2.73,332.44,1,0.0,1
E002581,Ukraine_Black_Sea,51.13648,29.54459,2024-04-10,2024-04-10,1,10.23,10.23,347.3,1,0.0,1
E002582,Ukraine_Black_Sea,51.45404,24.04004,2024-04-10,2024-04-10,1,3.05,3.05,334.16,1,0.0,1
E002583,Ukraine_Black_Sea,52.03331,23.3392,2024-04-10,2024-04-10,1,2.3,2.3,340.46,1,0.0,1
E002584,Ukraine_Black_Sea,52.17009,32.00828,2024-04-10,2024-04-10,1,3.71,3.71,329.89,1,0.0,1
E002585,Ukraine_Black_Sea,52.18978,39.639705,2024-04-10,2024-04-10,1,10.93,5.465,350.57,2,0.0,1
E002586,Ukraine_Black_Sea,52.61479,36.209785,2024-04-10,2024-04-12,3,38.68000000000001,19.340000000000003,343.65,2,0.0,1
E002587,Ukraine_Black_Sea,52.9103,37.94836,2024-04-10,2024-04-10,1,13.0,13.0,348.35,1,0.0,1
E002588,Ukraine_Black_Sea,52.93247,37.77338,2024-04-10,2024-04-10,1,12.94,6.47,341.36,2,0.0,1
E002589,Ukraine_Black_Sea,52.98656,35.75305,2024-04-10,2024-04-10,1,4.96,4.96,339.63,1,0.0,1
E002590,Ukraine_Black_Sea,50.78783,36.454,2024-04-11,2024-04-11,1,4.72,4.72,339.17,1,0.0,1
E002591,Ukraine_Black_Sea,52.659057142857144,40.02643428571428,2024-04-11,2024-06-19,70,18.61,2.6585714285714284,367.0,7,0.7142857142857143,1
E002592,Ukraine_Black_Sea,52.758165000000005,39.638850000000005,2024-04-11,2024-04-11,1,17.060000000000002,4.265000000000001,367.0,4,0.0,1
E002593,Ukraine_Black_Sea,52.91059,38.33307,2024-04-11,2024-04-11,1,3.59,3.59,345.68,1,0.0,1
E002594,Ukraine_Black_Sea,44.043375,24.581505,2024-04-11,2024-06-28,79,4.39,2.195,340.4,2,0.0,1
E002595,Ukraine_Black_Sea,44.894615,34.057379999999995,2024-04-11,2024-04-11,1,10.36,5.18,336.01,2,0.0,1
E002596,Ukraine_Black_Sea,46.14749,25.42969,2024-04-11,2024-04-11,1,2.58,2.58,325.78,1,0.0,1
E002597,Ukraine_Black_Sea,46.22741,25.90122,2024-04-11,2024-04-11,1,2.87,2.87,328.89,1,0.0,1
E002598,Ukraine_Black_Sea,46.559422500000004,24.726045,2024-04-11,2024-05-01,21,9.06,2.265,330.56,4,0.0,1
E002599,Ukraine_Black_Sea,47.62335,31.01391,2024-04-11,2024-04-11,1,3.16,3.16,336.88,1,0.0,1
E002600,Ukraine_Black_Sea,49.48392,30.13566,2024-04-11,2024-04-11,1,2.81,2.81,330.94,1,0.0,1
E002601,Ukraine_Black_Sea,50.55664,29.608125,2024-04-11,2024-04-11,1,4.74,2.37,333.24,2,0.0,1
E002602,Ukraine_Black_Sea,50.71023,32.31884,2024-04-11,2024-04-11,1,2.5,2.5,334.2,1,0.0,1
E002603,Ukraine_Black_Sea,50.93660666666667,32.84090333333333,2024-04-11,2024-05-08,28,15.88,5.293333333333334,336.44,3,0.0,1
E002604,Ukraine_Black_Sea,51.05151,32.7511,2024-04-11,2024-04-11,1,2.03,2.03,334.78,1,0.0,1
E002605,Ukraine_Black_Sea,51.975522500000004,34.07658,2024-04-11,2024-04-12,2,30.36,7.59,351.71,4,0.0,1
E002606,Ukraine_Black_Sea,52.03421,27.1656,2024-04-11,2024-04-11,1,2.38,2.38,333.28,1,0.0,1
E002607,Ukraine_Black_Sea,52.332060000000006,37.625809999999994,2024-04-11,2024-06-28,79,10.87,3.623333333333333,333.35,3,0.3333333333333333,1
E002608,Ukraine_Black_Sea,52.43088,37.71675,2024-04-11,2024-04-11,1,20.01,6.670000000000001,351.67,3,0.0,1
E002609,Ukraine_Black_Sea,52.762415000000004,40.42298,2024-04-11,2024-06-25,76,114.42,9.535,367.0,12,0.0,1
E002610,Ukraine_Black_Sea,45.49303,25.35897,2024-04-11,2024-04-11,1,6.16,6.16,333.98,1,0.0,1
E002611,Ukraine_Black_Sea,51.242864999999995,31.98549,2024-04-11,2024-04-11,1,2.56,1.28,308.43,2,1.0,1
E002612,Ukraine_Black_Sea,47.09346,27.19255,2024-04-11,2024-04-11,1,1.1,1.1,297.27,1,1.0,1
E002613,Ukraine_Black_Sea,47.91045,30.497803333333334,2024-04-11,2024-04-12,2,3.58,1.1933333333333334,308.89,3,1.0,1
E002614,Ukraine_Black_Sea,49.97566,27.18131,2024-04-12,2024-04-12,1,1.03,1.03,297.91,1,1.0,1
E002615,Ukraine_Black_Sea,48.128164999999996,28.58642,2024-04-12,2024-04-12,1,1.03,0.515,300.54,2,1.0,1
E002616,Ukraine_Black_Sea,46.48627,22.10182,2024-04-12,2024-04-12,1,1.77,0.885,311.5,2,1.0,1
E002617,Ukraine_Black_Sea,45.35432,34.921655,2024-04-12,2024-06-29,79,25.27,12.635,347.41,2,0.0,1
E002618,Ukraine_Black_Sea,45.474596000000005,34.09284,2024-04-12,2024-06-05,55,30.619999999999997,6.124,344.84,5,0.0,1
E002619,Ukraine_Black_Sea,46.2252,40.43533,2024-04-12,2024-04-12,1,3.35,3.35,333.35,1,0.0,1
E002620,Ukraine_Black_Sea,48.47783,30.6017,2024-04-12,2024-04-12,1,6.71,6.71,345.72,1,0.0,1
E002621,Ukraine_Black_Sea,50.5998,39.542320000000004,2024-04-12,2024-04-12,1,15.489999999999998,7.744999999999999,343.89,2,0.0,1
E002622,Ukraine_Black_Sea,50.05125,31.57531,2024-04-12,2024-04-12,1,5.41,5.41,338.39,1,0.0,1
E002623,Ukraine_Black_Sea,50.353739999999995,32.664386666666665,2024-04-12,2024-05-09,28,31.199999999999996,10.399999999999999,354.82,3,0.0,1
E002624,Ukraine_Black_Sea,50.72002428571428,33.98911571428571,2024-04-12,2024-06-30,80,13.840000000000002,1.9771428571428573,338.99,7,0.5714285714285714,1
E002625,Ukraine_Black_Sea,51.039535,33.43607,2024-04-12,2024-04-14,3,16.93,4.2325,347.54,4,0.0,1
E002626,Ukraine_Black_Sea,51.906695,38.199715,2024-04-12,2024-04-12,1,22.4,11.2,347.05,2,0.0,1
E002627,Ukraine_Black_Sea,52.03842,34.216795,2024-04-12,2024-04-12,1,5.46,2.73,331.81,2,0.0,1
E002628,Ukraine_Black_Sea,52.18849,32.5576475,2024-04-12,2024-04-12,1,16.4,4.1,343.66,4,0.0,1
E002629,Ukraine_Black_Sea,52.30898,32.03427,2024-04-12,2024-04-12,1,2.73,2.73,334.93,1,0.0,1
E002630,Ukraine_Black_Sea,52.51278333333334,36.025846666666666,2024-04-12,2024-04-12,1,8.690000000000001,2.896666666666667,334.96,3,0.0,1
E002631,Ukraine_Black_Sea,52.57505,31.89887,2024-04-12,2024-04-12,1,5.34,5.34,345.66,1,0.0,1
E002632,Ukraine_Black_Sea,52.78448,38.23605,2024-04-12,2024-04-12,1,2.36,2.36,332.48,1,0.0,1
E002633,Ukraine_Black_Sea,52.80735,33.71236,2024-04-12,2024-04-12,1,1.91,1.91,333.88,1,0.0,1
E002634,Ukraine_Black_Sea,52.9312,33.95676,2024-04-12,2024-04-12,1,19.53,19.53,330.35,1,0.0,1
E002635,Ukraine_Black_Sea,47.07884,23.26589,2024-04-12,2024-04-12,1,5.2,5.2,328.25,1,0.0,1
E002636,Ukraine_Black_Sea,50.12638,27.545665,2024-04-12,2024-04-12,1,4.34,2.17,331.97,2,0.0,1
E002637,Ukraine_Black_Sea,50.90702,37.10669,2024-04-13,2024-04-13,1,0.4,0.4,295.85,1,1.0,1
E002638,Ukraine_Black_Sea,46.70107,28.677905000000003,2024-04-13,2024-04-13,1,5.970000000000001,2.9850000000000003,333.56,2,0.5,1
E002639,Ukraine_Black_Sea,49.57927,27.92093,2024-04-13,2024-04-13,1,0.95,0.95,297.82,1,1.0,1
E002640,Ukraine_Black_Sea,47.05997,27.79782,2024-04-13,2024-06-22,71,4.42,2.21,335.38,2,0.0,1
E002641,Ukraine_Black_Sea,47.95767,40.30972,2024-04-13,2024-04-13,1,1.68,1.68,334.83,1,0.0,1
E002642,Ukraine_Black_Sea,48.29206,40.971165,2024-04-13,2024-05-08,26,3.28,1.64,333.99,2,0.5,1
E002643,Ukraine_Black_Sea,49.546545,39.792905,2024-04-13,2024-04-13,1,15.35,7.675,346.26,2,0.0,1
E002644,Ukraine_Black_Sea,49.41336,29.4559,2024-04-13,2024-04-13,1,6.02,6.02,333.94,1,0.0,1
E002645,Ukraine_Black_Sea,51.13636,37.7403,2024-04-13,2024-04-13,1,2.42,2.42,337.5,1,0.0,1
E002646,Ukraine_Black_Sea,51.78563666666667,33.72062666666667,2024-04-13,2024-04-13,1,73.87,24.623333333333335,367.0,3,0.0,1
E002647,Ukraine_Black_Sea,52.78251,40.19216,2024-04-13,2024-04-13,1,2.56,2.56,330.01,1,0.0,1
E002648,Ukraine_Black_Sea,48.89713,23.35108,2024-04-13,2024-04-13,1,3.43,3.43,333.47,1,0.0,1
E002649,Ukraine_Black_Sea,50.77496,38.16856333333333,2024-04-13,2024-05-29,47,32.13,10.71,352.22,3,0.6666666666666666,1
E002650,Ukraine_Black_Sea,45.138842857142855,26.822335714285714,2024-04-13,2024-06-20,69,5.62,0.8028571428571428,326.04,7,1.0,1
E002651,Ukraine_Black_Sea,45.59888,26.02832,2024-04-13,2024-04-13,1,0.66,0.66,299.55,1,1.0,1
E002652,Ukraine_Black_Sea,46.385145,30.497755,2024-04-13,2024-06-28,77,8.08,4.04,331.05,2,0.5,1
E002653,Ukraine_Black_Sea,48.12051,30.3437,2024-04-14,2024-04-14,1,2.72,2.72,334.37,1,0.0,1
E002654,Ukraine_Black_Sea,50.62614,35.69379,2024-04-14,2024-04-14,1,2.34,2.34,336.9,1,0.0,1
E002655,Ukraine_Black_Sea,51.12962666666667,32.89398666666667,2024-04-14,2024-04-14,1,36.73,12.243333333333332,345.46,3,0.0,1
E002656,Ukraine_Black_Sea,52.307355,29.812440000000002,2024-04-14,2024-04-14,1,10.780000000000001,5.390000000000001,334.39,2,0.0,1
E002657,Ukraine_Black_Sea,44.98437666666667,27.482469999999996,2024-04-15,2024-04-15,1,7.82,2.606666666666667,339.91,3,0.0,1
E002658,Ukraine_Black_Sea,45.79134,23.74735,2024-04-15,2024-04-15,1,6.81,6.81,346.7,1,0.0,1
E002659,Ukraine_Black_Sea,46.57914,25.05377,2024-04-15,2024-04-15,1,2.75,2.75,333.87,1,0.0,1
E002660,Ukraine_Black_Sea,48.40414,31.65908,2024-04-15,2024-04-15,1,3.94,3.94,335.76,1,0.0,1
E002661,Ukraine_Black_Sea,51.848389999999995,39.56594,2024-04-15,2024-06-18,65,1.15,0.575,299.0,2,1.0,1
E002662,Ukraine_Black_Sea,44.110780434782605,39.87332391304348,2024-04-16,2024-04-18,3,124.49,5.412608695652174,355.03,23,0.4782608695652174,1
E002663,Ukraine_Black_Sea,52.470205,36.340109999999996,2024-04-16,2024-04-16,1,3.9400000000000004,1.9700000000000002,333.65,2,0.0,1
E002664,Ukraine_Black_Sea,51.731988333333334,39.779695,2024-04-17,2024-05-26,40,12.08,2.013333333333333,332.13,6,0.6666666666666666,1
E002665,Ukraine_Black_Sea,44.444665,39.720815,2024-04-17,2024-06-30,75,10.64,5.32,336.21,2,0.0,1
E002666,Ukraine_Black_Sea,47.70441,28.64161,2024-04-20,2024-04-20,1,1.17,1.17,302.29,1,1.0,1
E002667,Ukraine_Black_Sea,52.846755,39.779705,2024-04-21,2024-04-21,1,6.640000000000001,3.3200000000000003,328.17,2,0.0,1
E002668,Ukraine_Black_Sea,52.38003,40.51304,2024-04-21,2024-04-21,1,3.23,3.23,329.15,1,0.0,1
E002669,Ukraine_Black_Sea,46.105985000000004,30.339465,2024-04-21,2024-04-21,1,1.15,0.575,301.06,2,1.0,1
E002670,Ukraine_Black_Sea,44.05872,39.17565,2024-04-22,2024-04-22,1,0.92,0.92,305.45,1,1.0,1
E002671,Ukraine_Black_Sea,44.13236,40.18958,2024-04-23,2024-04-23,1,3.58,1.79,337.27,2,0.5,1
E002672,Ukraine_Black_Sea,46.73075666666667,40.27484333333334,2024-04-25,2024-04-25,1,12.64,4.213333333333334,342.17,3,0.0,1
E002673,Ukraine_Black_Sea,48.56701,40.54596,2024-04-25,2024-04-25,1,4.71,4.71,332.09,1,0.0,1
E002674,Ukraine_Black_Sea,50.65018,22.68214,2024-04-26,2024-04-26,1,1.58,1.58,311.7,1,1.0,1
E002675,Ukraine_Black_Sea,44.49657,26.5054,2024-04-27,2024-04-27,1,1.65,1.65,332.2,1,0.0,1
E002676,Ukraine_Black_Sea,45.22084,29.22853,2024-04-27,2024-04-27,1,5.18,5.18,333.48,1,0.0,1
E002677,Ukraine_Black_Sea,46.55556,29.70568,2024-04-27,2024-04-27,1,2.86,2.86,336.02,1,0.0,1
E002678,Ukraine_Black_Sea,48.8087,31.76679,2024-04-27,2024-04-27,1,12.89,12.89,342.58,1,0.0,1
E002679,Ukraine_Black_Sea,49.198525000000004,26.262529999999998,2024-04-28,2024-04-28,1,8.5,4.25,339.59,2,0.0,1
E002680,Ukraine_Black_Sea,49.45993,22.59382,2024-04-29,2024-04-29,1,13.69,6.845,344.26,2,1.0,1
E002681,Ukraine_Black_Sea,48.069469999999995,22.672363333333333,2024-04-29,2024-06-29,62,15.1,5.033333333333333,342.22,3,0.3333333333333333,1
E002682,Ukraine_Black_Sea,52.43057,30.857095,2024-04-29,2024-04-29,1,1.48,0.74,317.79,2,1.0,1
E002683,Ukraine_Black_Sea,46.249979999999994,28.981233333333336,2024-04-30,2024-04-30,1,15.22,5.073333333333333,340.4,3,0.0,1
E002684,Ukraine_Black_Sea,46.24325,26.864,2024-04-30,2024-04-30,1,4.32,4.32,339.53,1,0.0,1
E002685,Ukraine_Black_Sea,48.66904,22.78873,2024-04-30,2024-04-30,1,2.39,2.39,332.67,1,0.0,1
E002686,Ukraine_Black_Sea,48.80904,28.51684,2024-04-30,2024-04-30,1,6.68,6.68,351.68,1,0.0,1
E002687,Ukraine_Black_Sea,48.996255000000005,27.39401,2024-04-30,2024-05-01,2,6.04,3.02,340.13,2,0.0,1
E002688,Ukraine_Black_Sea,50.04041,31.101319999999998,2024-04-30,2024-05-27,28,100.62,8.385,353.84,12,0.0,1
E002689,Ukraine_Black_Sea,52.3280125,24.2392875,2024-05-01,2024-06-26,57,11.28,2.82,339.34,4,0.5,1
E002690,Ukraine_Black_Sea,46.673525454545455,36.276550909090915,2024-05-01,2024-06-27,58,63.13,5.739090909090909,367.0,11,0.18181818181818182,1
E002691,Ukraine_Black_Sea,49.60953,39.39011,2024-05-01,2024-05-01,1,5.17,5.17,344.37,1,0.0,1
E002692,Ukraine_Black_Sea,47.915805,27.57609,2024-05-01,2024-05-20,20,4.84,2.42,343.17,2,0.5,1
E002693,Ukraine_Black_Sea,48.59198,23.5047,2024-05-01,2024-05-01,1,2.62,2.62,329.36,1,0.0,1
E002694,Ukraine_Black_Sea,50.42936,22.80663,2024-05-01,2024-05-01,1,3.15,3.15,332.39,1,0.0,1
E002695,Ukraine_Black_Sea,50.55413,22.0923,2024-05-01,2024-05-05,5,1.72,0.86,327.71,2,0.5,1
E002696,Ukraine_Black_Sea,51.07611,31.34106,2024-05-01,2024-05-01,1,8.01,8.01,341.19,1,0.0,1
E002697,Ukraine_Black_Sea,52.429125,31.729515,2024-05-01,2024-05-01,1,7.07,3.535,340.26,2,0.0,1
E002698,Ukraine_Black_Sea,46.48028266666666,30.70305933333334,2024-05-01,2024-06-29,60,49.739999999999995,3.316,348.23,15,0.6666666666666666,1
E002699,Ukraine_Black_Sea,49.063235000000006,30.528105,2024-05-02,2024-05-02,1,9.88,4.94,342.32,2,0.0,1
E002700,Ukraine_Black_Sea,49.97575,31.73833,2024-05-02,2024-05-02,1,3.13,3.13,339.14,1,0.0,1
E002701,Ukraine_Black_Sea,50.43391,24.76326,2024-05-02,2024-05-02,1,1.51,1.51,332.97,1,0.0,1
E002702,Ukraine_Black_Sea,50.60027,33.16694,2024-05-02,2024-05-02,1,3.59,3.59,336.19,1,0.0,1
E002703,Ukraine_Black_Sea,51.75092,29.31361,2024-05-02,2024-05-02,1,1.75,1.75,332.73,1,0.0,1
E002704,Ukraine_Black_Sea,48.616173333333336,25.94140333333333,2024-05-03,2024-05-03,1,7.73,2.5766666666666667,340.7,3,0.0,1
E002705,Ukraine_Black_Sea,49.086735000000004,32.110235,2024-05-03,2024-05-03,1,5.73,2.865,335.44,2,0.0,1
E002706,Ukraine_Black_Sea,50.95889,37.56753500000001,2024-05-03,2024-05-03,1,20.6,10.3,343.9,2,0.0,1
E002707,Ukraine_Black_Sea,51.41824,33.64041,2024-05-03,2024-05-03,1,8.03,8.03,344.19,1,0.0,1
E002708,Ukraine_Black_Sea,49.70898,22.20729,2024-05-03,2024-05-03,1,2.52,2.52,337.77,1,0.0,1
E002709,Ukraine_Black_Sea,51.14407,40.31301,2024-05-04,2024-05-04,1,1.19,1.19,298.83,1,1.0,1
E002710,Ukraine_Black_Sea,52.0047,35.48471,2024-05-04,2024-05-04,1,1.82,1.82,320.01,1,1.0,1
E002711,Ukraine_Black_Sea,48.56939,32.35508,2024-05-04,2024-05-04,1,1.36,1.36,309.07,1,1.0,1
E002712,Ukraine_Black_Sea,49.64732,26.76916,2024-05-04,2024-05-04,1,0.49,0.49,298.11,1,1.0,1
E002713,Ukraine_Black_Sea,45.442355000000006,33.7203675,2024-05-04,2024-05-04,1,7.58,1.895,333.46,4,1.0,1
E002714,Ukraine_Black_Sea,46.493246666666664,26.30232666666667,2024-05-04,2024-05-04,1,18.1,6.033333333333334,338.12,3,0.3333333333333333,1
E002715,Ukraine_Black_Sea,45.4151,37.57594,2024-05-04,2024-05-04,1,3.54,3.54,333.77,1,0.0,1
E002716,Ukraine_Black_Sea,46.86181,30.10252,2024-05-04,2024-05-04,1,4.46,4.46,339.96,1,0.0,1
E002717,Ukraine_Black_Sea,47.58117166666667,34.82938166666667,2024-05-04,2024-06-30,58,16.279999999999998,2.713333333333333,339.43,6,0.6666666666666666,1
E002718,Ukraine_Black_Sea,49.84228,28.008940000000003,2024-05-04,2024-05-04,1,20.700000000000003,10.350000000000001,341.31,2,0.0,1
E002719,Ukraine_Black_Sea,50.2831,27.31997,2024-05-04,2024-05-04,1,2.18,2.18,330.08,1,0.0,1
E002720,Ukraine_Black_Sea,50.362725,25.137300000000003,2024-05-04,2024-05-04,1,9.04,4.52,340.82,2,0.0,1
E002721,Ukraine_Black_Sea,50.660664999999995,24.24033,2024-05-04,2024-05-04,1,3.5,1.75,331.43,2,0.0,1
E002722,Ukraine_Black_Sea,50.06353,23.94554,2024-05-04,2024-05-04,1,5.98,5.98,335.5,1,0.0,1
E002723,Ukraine_Black_Sea,49.208209999999994,39.557784999999996,2024-05-05,2024-05-05,1,7.28,3.64,339.62,2,0.0,1
E002724,Ukraine_Black_Sea,48.68322,32.47359,2024-05-05,2024-05-05,1,2.34,2.34,331.63,1,0.0,1
E002725,Ukraine_Black_Sea,45.129065000000004,34.00366285714285,2024-05-05,2024-06-28,55,20.78,1.4842857142857144,343.78,14,0.9285714285714286,1
E002726,Ukraine_Black_Sea,48.04980333333333,27.15546,2024-05-05,2024-05-05,1,2.98,0.9933333333333333,311.01,3,1.0,1
E002727,Ukraine_Black_Sea,51.29577,32.867779999999996,2024-05-06,2024-05-06,1,5.14,2.57,352.6,2,0.0,1
E002728,Ukraine_Black_Sea,46.15825,33.717195000000004,2024-05-06,2024-05-06,1,19.44,9.72,342.8,2,0.0,1
E002729,Ukraine_Black_Sea,46.33957083333333,34.30283416666666,2024-05-06,2024-06-18,44,171.62,14.301666666666668,367.0,12,0.0,1
E002730,Ukraine_Black_Sea,47.22046,22.04877,2024-05-06,2024-05-06,1,1.34,1.34,331.69,1,0.0,1
E002731,Ukraine_Black_Sea,49.51507,32.81304,2024-05-06,2024-05-06,1,1.16,1.16,297.98,1,1.0,1
E002732,Ukraine_Black_Sea,44.90266,39.637114999999994,2024-05-07,2024-05-23,17,4.81,2.405,341.11,2,0.5,1
E002733,Ukraine_Black_Sea,52.73711,26.32248,2024-05-08,2024-05-08,1,0.56,0.56,297.9,1,1.0,1
E002734,Ukraine_Black_Sea,50.00432,26.41761,2024-05-08,2024-05-08,1,4.12,4.12,332.3,1,1.0,1
E002735,Ukraine_Black_Sea,50.830740000000006,38.341185,2024-05-09,2024-05-25,17,8.559999999999999,4.279999999999999,347.69,2,0.0,1
E002736,Ukraine_Black_Sea,50.895425,23.465405,2024-05-09,2024-05-09,1,8.84,4.42,331.88,2,0.0,1
E002737,Ukraine_Black_Sea,51.23064,23.92348,2024-05-09,2024-05-09,1,5.79,5.79,347.24,1,0.0,1
E002738,Ukraine_Black_Sea,47.44475,31.7229,2024-05-11,2024-05-11,1,2.14,2.14,333.42,1,0.0,1
E002739,Ukraine_Black_Sea,49.750785,27.656570000000002,2024-05-11,2024-05-15,5,7.14,3.57,334.35,2,0.0,1
E002740,Ukraine_Black_Sea,52.0938,33.40984,2024-05-11,2024-05-11,1,9.46,9.46,335.14,1,0.0,1
E002741,Ukraine_Black_Sea,48.36452,29.85913,2024-05-11,2024-05-11,1,0.81,0.81,299.81,1,1.0,1
E002742,Ukraine_Black_Sea,52.19069,26.39902,2024-05-12,2024-05-12,1,0.57,0.57,300.98,1,1.0,1
E002743,Ukraine_Black_Sea,50.695984,23.154438000000003,2024-05-12,2024-05-12,1,18.56,3.7119999999999997,348.86,5,0.0,1
E002744,Ukraine_Black_Sea,52.0614,22.75577,2024-05-12,2024-05-12,1,1.57,1.57,327.92,1,0.0,1
E002745,Ukraine_Black_Sea,51.195620000000005,24.705795000000002,2024-05-12,2024-05-12,1,3.7,1.85,311.29,2,1.0,1
E002746,Ukraine_Black_Sea,46.95597,40.76976,2024-05-12,2024-05-12,1,0.33,0.33,295.98,1,1.0,1
E002747,Ukraine_Black_Sea,50.29649,22.25828,2024-05-13,2024-05-13,1,3.87,3.87,330.85,1,0.0,0
E002748,Ukraine_Black_Sea,51.56103,24.74651,2024-05-13,2024-05-13,1,2.29,2.29,326.63,1,0.0,0
E002749,Ukraine_Black_Sea,52.17624,26.10073,2024-05-13,2024-05-13,1,1.69,1.69,330.28,1,0.0,0
E002750,Ukraine_Black_Sea,48.61346,22.95012,2024-05-14,2024-05-14,1,1.57,1.57,331.22,1,0.0,1
E002751,Ukraine_Black_Sea,46.10308,40.81337,2024-05-15,2024-05-15,1,1.86,1.86,325.22,1,0.0,1
E002752,Ukraine_Black_Sea,52.0183,27.00548,2024-05-15,2024-05-15,1,5.69,5.69,330.2,1,0.0,1
E002753,Ukraine_Black_Sea,45.022805,25.898137499999997,2024-05-15,2024-06-30,47,68.39,17.0975,355.69,4,0.5,1
E002754,Ukraine_Black_Sea,51.227985000000004,32.2224475,2024-05-16,2024-05-26,11,23.0,5.75,346.8,4,0.0,1
E002755,Ukraine_Black_Sea,50.20266166666667,24.345136666666672,2024-05-16,2024-05-16,1,60.61,10.101666666666667,347.27,6,0.0,1
E002756,Ukraine_Black_Sea,51.0496,25.39311,2024-05-16,2024-05-16,1,12.32,12.32,343.28,1,0.0,1
E002757,Ukraine_Black_Sea,49.27973,24.64171,2024-05-16,2024-05-16,1,0.7,0.7,301.38,1,1.0,1
E002758,Ukraine_Black_Sea,48.77098,23.50739,2024-05-17,2024-05-17,1,4.88,4.88,342.38,1,0.0,1
E002759,Ukraine_Black_Sea,48.900915,25.698014999999998,2024-05-17,2024-06-28,43,7.379999999999999,3.6899999999999995,345.74,2,0.0,1
E002760,Ukraine_Black_Sea,49.61657,25.75863,2024-05-17,2024-05-17,1,10.24,10.24,341.47,1,0.0,1
E002761,Ukraine_Black_Sea,50.60555,24.71744,2024-05-17,2024-05-17,1,1.58,1.58,336.37,1,0.0,1
E002762,Ukraine_Black_Sea,50.64322,30.60097,2024-05-17,2024-05-17,1,5.57,5.57,327.4,1,0.0,1
E002763,Ukraine_Black_Sea,51.5207175,24.983807500000005,2024-05-17,2024-06-30,45,17.189999999999998,4.297499999999999,344.19,4,0.0,1
E002764,Ukraine_Black_Sea,51.78843,26.7093,2024-05-17,2024-05-17,1,1.69,1.69,333.22,1,0.0,1
E002765,Ukraine_Black_Sea,52.59374,23.34448,2024-05-17,2024-05-17,1,3.53,3.53,332.39,1,0.0,1
E002766,Ukraine_Black_Sea,45.301136,36.177832,2024-05-18,2024-06-27,41,22.820000000000004,4.564000000000001,341.73,5,0.0,1
E002767,Ukraine_Black_Sea,49.36505,27.23566,2024-05-18,2024-05-18,1,4.56,4.56,348.38,1,0.0,1
E002768,Ukraine_Black_Sea,50.38834,30.66454,2024-05-18,2024-05-18,1,3.37,3.37,340.95,1,0.0,1
E002769,Ukraine_Black_Sea,50.50374,25.5345,2024-05-18,2024-05-18,1,7.039999999999999,3.5199999999999996,339.14,2,0.0,1
E002770,Ukraine_Black_Sea,51.61116,27.17687,2024-05-18,2024-05-18,1,3.19,3.19,334.6,1,0.0,1
E002771,Ukraine_Black_Sea,51.62126,30.32171,2024-05-18,2024-05-18,1,3.7,3.7,327.76,1,0.0,1
E002772,Ukraine_Black_Sea,51.7013,22.86062,2024-05-18,2024-05-18,1,1.74,1.74,330.1,1,0.0,1
E002773,Ukraine_Black_Sea,52.50488333333334,30.472596666666664,2024-05-18,2024-05-19,2,2.6,0.8666666666666667,304.06,3,1.0,1
E002774,Ukraine_Black_Sea,51.64454,24.06148,2024-05-19,2024-05-19,1,0.48,0.48,300.37,1,1.0,1
E002775,Ukraine_Black_Sea,52.01973,24.84937,2024-05-19,2024-05-19,1,0.4,0.4,295.11,1,1.0,1
E002776,Ukraine_Black_Sea,45.10418,37.1877,2024-05-19,2024-05-19,1,3.75,3.75,330.86,1,0.0,1
E002777,Ukraine_Black_Sea,48.820065,32.569469999999995,2024-05-19,2024-05-19,1,18.36,9.18,351.36,2,0.0,1
E002778,Ukraine_Black_Sea,52.659265000000005,38.120335,2024-05-20,2024-05-20,1,16.990000000000002,8.495000000000001,367.0,2,0.0,1
E002779,Ukraine_Black_Sea,47.63516,27.73289,2024-05-21,2024-05-21,1,1.47,1.47,317.31,1,1.0,1
E002780,Ukraine_Black_Sea,47.98149,27.78695,2024-05-21,2024-05-21,1,0.41,0.41,298.77,1,1.0,1
E002781,Ukraine_Black_Sea,49.89598,28.90152,2024-05-21,2024-05-21,1,0.79,0.79,301.02,1,1.0,1
E002782,Ukraine_Black_Sea,46.25104,30.4556,2024-05-21,2024-05-21,1,0.39,0.39,298.29,1,1.0,1
E002783,Ukraine_Black_Sea,50.60279,37.46629,2024-05-21,2024-05-21,1,5.18,5.18,344.84,1,0.0,1
E002784,Ukraine_Black_Sea,51.62939,40.9968,2024-05-21,2024-05-21,1,0.95,0.95,295.55,1,1.0,1
E002785,Ukraine_Black_Sea,50.21004,27.63383,2024-05-21,2024-05-21,1,0.35,0.35,302.47,1,1.0,1
E002786,Ukraine_Black_Sea,46.35681666666667,33.514903333333336,2024-05-21,2024-06-05,16,6.91,2.3033333333333332,337.68,3,0.3333333333333333,1
E002787,Ukraine_Black_Sea,48.230497500000006,28.12656,2024-05-22,2024-05-22,1,29.25,7.3125,345.28,4,0.0,1
E002788,Ukraine_Black_Sea,45.136465,36.690915000000004,2024-05-22,2024-05-22,1,22.03,11.015,367.0,2,0.0,1
E002789,Ukraine_Black_Sea,50.294709999999995,26.042455999999998,2024-05-22,2024-05-24,3,5.279999999999999,1.0559999999999998,331.42,5,0.8,1
E002790,Ukraine_Black_Sea,52.783995,40.8173075,2024-05-23,2024-05-23,1,15.06,3.765,367.0,4,0.0,1
E002791,Ukraine_Black_Sea,51.8402,25.90338,2024-05-23,2024-05-23,1,4.25,4.25,336.44,1,0.0,1
E002792,Ukraine_Black_Sea,52.91334,22.49297,2024-05-23,2024-05-23,1,2.95,2.95,335.87,1,0.0,1
E002793,Ukraine_Black_Sea,52.68829,40.77713,2024-05-23,2024-05-23,1,1.62,1.62,310.67,1,1.0,1
E002794,Ukraine_Black_Sea,47.12152,26.81709,2024-05-24,2024-05-24,1,1.92,1.92,331.03,1,0.0,1
E002795,Ukraine_Black_Sea,49.51271,40.06916,2024-05-24,2024-05-24,1,0.81,0.81,297.93,1,1.0,1
E002796,Ukraine_Black_Sea,44.093835,27.961129999999997,2024-05-25,2024-05-25,1,2.8600000000000003,1.4300000000000002,306.28,2,1.0,1
E002797,Ukraine_Black_Sea,47.15179,28.31805,2024-05-25,2024-05-25,1,4.53,4.53,336.97,1,0.0,1
E002798,Ukraine_Black_Sea,49.43718,25.30993,2024-05-25,2024-06-29,36,3.82,1.91,334.69,2,0.0,1
E002799,Ukraine_Black_Sea,50.593445,30.4068425,2024-05-25,2024-05-25,1,127.60999999999999,31.902499999999996,345.92,4,0.0,1
E002800,Ukraine_Black_Sea,52.266945,33.637474999999995,2024-05-25,2024-05-25,1,10.43,5.215,338.33,2,0.0,1
E002801,Ukraine_Black_Sea,52.70983,36.04943,2024-05-25,2024-05-25,1,6.35,6.35,333.75,1,0.0,1
E002802,Ukraine_Black_Sea,51.32674,29.17959,2024-05-25,2024-05-25,1,4.45,4.45,336.02,1,0.0,1
E002803,Ukraine_Black_Sea,50.436565,38.32817,2024-05-27,2024-05-27,1,5.640000000000001,2.8200000000000003,345.19,2,0.0,1
E002804,Ukraine_Black_Sea,47.82296,22.35274,2024-05-27,2024-05-27,1,3.11,3.11,333.72,1,0.0,1
E002805,Ukraine_Black_Sea,48.38813,22.58179,2024-05-27,2024-05-27,1,1.86,1.86,336.53,1,0.0,1
E002806,Ukraine_Black_Sea,49.4576,34.86377,2024-05-27,2024-05-27,1,6.7,6.7,367.0,1,0.0,1
E002807,Ukraine_Black_Sea,50.14532,26.03573,2024-05-27,2024-05-27,1,3.14,3.14,332.67,1,0.0,1
E002808,Ukraine_Black_Sea,51.61015,25.94695,2024-05-27,2024-05-27,1,3.54,3.54,333.16,1,0.0,1
E002809,Ukraine_Black_Sea,52.06327,26.11814,2024-05-27,2024-05-27,1,26.52,13.26,343.66,2,0.0,1
E002810,Ukraine_Black_Sea,52.23595,32.93287,2024-05-27,2024-05-27,1,10.14,10.14,341.84,1,0.0,1
E002811,Ukraine_Black_Sea,52.63249,23.79641,2024-05-27,2024-05-27,1,3.37,3.37,330.42,1,0.0,1
E002812,Ukraine_Black_Sea,50.870306666666664,27.910803333333334,2024-05-27,2024-06-05,10,3.8899999999999997,1.2966666666666666,310.91,3,1.0,1
E002813,Ukraine_Black_Sea,51.91686333333333,38.628036666666674,2024-05-29,2024-05-29,1,3.58,1.1933333333333334,308.11,3,1.0,1
E002814,Ukraine_Black_Sea,45.50783,22.65798,2024-05-29,2024-05-29,1,2.04,2.04,315.81,1,1.0,1
E002815,Ukraine_Black_Sea,52.3653,40.75431,2024-05-29,2024-05-29,1,5.3,5.3,338.09,1,0.0,1
E002816,Ukraine_Black_Sea,47.73079,32.85339,2024-06-04,2024-06-04,1,6.82,6.82,346.77,1,0.0,1
E002817,Ukraine_Black_Sea,52.74203,33.86742,2024-06-04,2024-06-04,1,8.09,8.09,343.84,1,0.0,1
E002818,Ukraine_Black_Sea,44.402524444444445,28.61075666666667,2024-06-05,2024-06-20,16,253.67000000000002,28.185555555555556,355.54,9,0.2222222222222222,1
E002819,Ukraine_Black_Sea,45.228134999999995,35.508340000000004,2024-06-05,2024-06-25,21,11.360000000000001,5.680000000000001,336.85,2,0.0,1
E002820,Ukraine_Black_Sea,46.163430000000005,32.27287,2024-06-05,2024-06-05,1,121.5,15.1875,357.38,8,0.0,1
E002821,Ukraine_Black_Sea,47.2522,31.3331,2024-06-05,2024-06-05,1,4.38,4.38,340.41,1,0.0,1
E002822,Ukraine_Black_Sea,52.95913,39.80359,2024-06-05,2024-06-05,1,2.8,2.8,341.85,1,0.0,1
E002823,Ukraine_Black_Sea,47.547824999999996,35.20848,2024-06-05,2024-06-08,4,25.06,4.176666666666667,341.73,6,1.0,1
E002824,Ukraine_Black_Sea,51.82771,22.7098,2024-06-06,2024-06-06,1,0.97,0.97,308.81,1,1.0,1
E002825,Ukraine_Black_Sea,46.72741,30.16952,2024-06-06,2024-06-06,1,3.29,3.29,330.64,1,0.0,1
E002826,Ukraine_Black_Sea,52.78268,27.72333,2024-06-06,2024-06-06,1,5.25,5.25,340.27,1,0.0,1
E002827,Ukraine_Black_Sea,49.59896,27.66626,2024-06-06,2024-06-06,1,0.38,0.38,295.03,1,1.0,1
E002828,Ukraine_Black_Sea,45.23321,35.97851,2024-06-06,2024-06-06,1,0.87,0.87,299.11,1,1.0,1
E002829,Ukraine_Black_Sea,49.94289181818181,30.17554727272727,2024-06-07,2024-06-07,1,307.03999999999996,27.91272727272727,367.0,11,0.6363636363636364,1
E002830,Ukraine_Black_Sea,45.13165,35.557625,2024-06-07,2024-06-20,14,13.25,6.625,348.62,2,0.0,1
E002831,Ukraine_Black_Sea,45.34246,32.53066,2024-06-07,2024-06-07,1,2.79,2.79,338.69,1,0.0,1
E002832,Ukraine_Black_Sea,45.31671,35.79461,2024-06-07,2024-06-07,1,1.5,1.5,317.04,1,1.0,1
E002833,Ukraine_Black_Sea,50.60529,37.32148,2024-06-08,2024-06-08,1,4.18,4.18,338.14,1,0.0,0
E002834,Ukraine_Black_Sea,47.65058,32.44902,2024-06-09,2024-06-09,1,0.78,0.78,308.22,1,1.0,0
E002835,Ukraine_Black_Sea,49.17664,26.04399,2024-06-09,2024-06-09,1,0.57,0.57,296.14,1,1.0,0
E002836,Ukraine_Black_Sea,51.22048,26.35217,2024-06-09,2024-06-09,1,0.17,0.17,299.42,1,1.0,0
E002837,Ukraine_Black_Sea,45.10249875,35.346289999999996,2024-06-09,2024-06-09,1,101.25,12.65625,367.0,8,0.0,0
E002838,Ukraine_Black_Sea,50.13182,33.98458,2024-06-09,2024-06-09,1,8.59,8.59,337.59,1,0.0,0
E002839,Ukraine_Black_Sea,44.499735,26.831465,2024-06-09,2024-06-09,1,13.219999999999999,6.609999999999999,337.24,2,0.0,0
E002840,Ukraine_Black_Sea,45.44695,32.744745,2024-06-09,2024-06-09,1,3.8200000000000003,1.9100000000000001,312.81,2,1.0,0
E002841,Ukraine_Black_Sea,45.5972425,34.426367500000005,2024-06-09,2024-06-22,14,12.620000000000001,3.1550000000000002,351.99,4,0.75,1
E002842,Ukraine_Black_Sea,48.45207,27.392,2024-06-10,2024-06-10,1,1.25,1.25,309.07,1,1.0,0
E002843,Ukraine_Black_Sea,46.71528,30.54877,2024-06-10,2024-06-10,1,4.75,4.75,335.01,1,0.0,0
E002844,Ukraine_Black_Sea,45.044315833333336,35.91899416666667,2024-06-11,2024-06-22,12,136.47,11.3725,355.2,12,0.0,1
E002845,Ukraine_Black_Sea,50.15393,24.54935,2024-06-11,2024-06-11,1,0.98,0.98,299.78,1,1.0,0
E002846,Ukraine_Black_Sea,45.15831,33.7015,2024-06-12,2024-06-12,1,3.11,3.11,333.43,1,0.0,0
E002847,Ukraine_Black_Sea,46.623265,38.280005,2024-06-12,2024-06-24,13,6.8100000000000005,3.4050000000000002,346.8,2,0.5,1
E002848,Ukraine_Black_Sea,45.08238666666667,36.08992333333333,2024-06-13,2024-06-13,1,10.870000000000001,3.6233333333333335,342.02,3,0.0,0
E002849,Ukraine_Black_Sea,51.50091,30.8058,2024-06-13,2024-06-13,1,3.05,3.05,330.18,1,0.0,0
E002850,Ukraine_Black_Sea,45.21197,36.89323,2024-06-14,2024-06-14,1,4.98,4.98,340.16,1,0.0,0
E002851,Ukraine_Black_Sea,46.06141,34.72619,2024-06-14,2024-06-14,1,2.96,2.96,337.73,1,0.0,0
E002852,Ukraine_Black_Sea,51.24379,22.55589,2024-06-15,2024-06-15,1,0.36,0.36,295.71,1,1.0,1
E002853,Ukraine_Black_Sea,49.99195,26.55642,2024-06-15,2024-06-15,1,1.46,1.46,332.89,1,0.0,1
E002854,Ukraine_Black_Sea,52.48239,40.39718,2024-06-15,2024-06-15,1,0.59,0.59,297.14,1,1.0,1
E002855,Ukraine_Black_Sea,52.74004333333334,32.949176666666666,2024-06-18,2024-06-18,1,7.460000000000001,2.486666666666667,332.73,3,0.0,1
E002856,Ukraine_Black_Sea,44.3493,27.77612,2024-06-18,2024-06-18,1,14.52,7.26,344.61,2,0.0,1
E002857,Ukraine_Black_Sea,50.15659,26.967,2024-06-18,2024-06-18,1,2.2,2.2,335.27,1,0.0,1
E002858,Ukraine_Black_Sea,46.88423,30.86734,2024-06-19,2024-06-19,1,1.7,1.7,335.27,1,0.0,1
E002859,Ukraine_Black_Sea,47.45889,22.62571,2024-06-19,2024-06-19,1,6.96,6.96,343.02,1,0.0,1
E002860,Ukraine_Black_Sea,48.62576,30.42629,2024-06-19,2024-06-19,1,6.26,6.26,346.79,1,0.0,1
E002861,Ukraine_Black_Sea,51.34607,22.65081,2024-06-19,2024-06-19,1,3.14,3.14,337.66,1,0.0,1
E002862,Ukraine_Black_Sea,52.22057,24.38738,2024-06-19,2024-06-19,1,2.12,2.12,332.78,1,0.0,1
E002863,Ukraine_Black_Sea,46.49193,22.81365,2024-06-20,2024-06-20,1,4.98,4.98,331.61,1,1.0,1
E002864,Ukraine_Black_Sea,46.802785,29.021855000000002,2024-06-21,2024-06-21,1,1.3900000000000001,0.6950000000000001,301.1,2,1.0,1
E002865,Ukraine_Black_Sea,44.608019999999996,28.79808,2024-06-21,2024-06-21,1,9.53,4.765,342.58,2,1.0,1
E002866,Ukraine_Black_Sea,46.43855,26.45828,2024-06-21,2024-06-21,1,0.43,0.43,298.31,1,1.0,1
E002867,Ukraine_Black_Sea,45.16897,33.24447,2024-06-21,2024-06-21,1,6.07,6.07,344.53,1,0.0,1
E002868,Ukraine_Black_Sea,45.61024666666666,27.99430166666667,2024-06-21,2024-06-21,1,101.89999999999999,16.98333333333333,367.0,6,0.0,1
E002869,Ukraine_Black_Sea,46.22337,30.26941,2024-06-21,2024-06-21,1,4.96,4.96,339.04,1,0.0,1
E002870,Ukraine_Black_Sea,47.1315,32.32136,2024-06-21,2024-06-21,1,1.43,1.43,335.94,1,0.0,1
E002871,Ukraine_Black_Sea,52.67808,36.96423,2024-06-21,2024-06-21,1,3.01,3.01,344.43,1,0.0,1
E002872,Ukraine_Black_Sea,44.70211,26.68649,2024-06-22,2024-06-22,1,1.14,1.14,316.03,1,1.0,1
E002873,Ukraine_Black_Sea,47.566230000000004,25.69222,2024-06-22,2024-06-22,1,4.74,2.37,306.48,2,1.0,1
E002874,Ukraine_Black_Sea,49.387285999999996,24.248228,2024-06-22,2024-06-22,1,17.57,3.5140000000000002,326.01,5,1.0,1
E002875,Ukraine_Black_Sea,44.11549,25.49124,2024-06-22,2024-06-22,1,18.81,18.81,344.4,1,0.0,1
E002876,Ukraine_Black_Sea,44.826505,37.425709999999995,2024-06-22,2024-06-23,2,1.0,0.5,301.35,2,1.0,1
E002877,Ukraine_Black_Sea,44.16518,27.70083,2024-06-23,2024-06-23,1,7.04,7.04,352.86,1,0.0,1
E002878,Ukraine_Black_Sea,45.79454,29.200045999999997,2024-06-23,2024-06-23,1,157.85,31.57,367.0,5,0.0,1
E002879,Ukraine_Black_Sea,46.578363333333336,30.832553333333333,2024-06-23,2024-06-23,1,52.8,17.599999999999998,347.38,3,0.0,1
E002880,Ukraine_Black_Sea,52.82195,35.908355,2024-06-23,2024-06-23,1,1.86,0.93,302.81,2,1.0,1
E002881,Ukraine_Black_Sea,49.90873,31.06424,2024-06-23,2024-06-23,1,0.64,0.64,300.68,1,1.0,1
E002882,Ukraine_Black_Sea,49.80089,30.11136,2024-06-24,2024-06-24,1,0.25,0.25,299.84,1,1.0,1
E002883,Ukraine_Black_Sea,46.232254999999995,29.199565,2024-06-24,2024-06-24,1,2.57,1.285,317.13,2,1.0,1
E002884,Ukraine_Black_Sea,50.89663,31.092624999999998,2024-06-25,2024-06-30,6,6.390000000000001,3.1950000000000003,347.74,2,0.0,1
E002885,Ukraine_Black_Sea,51.426265,31.367845000000003,2024-06-25,2024-06-25,1,3.41,1.705,331.9,2,0.0,1
E002886,Ukraine_Black_Sea,50.73084,26.0717,2024-06-26,2024-06-26,1,18.49,18.49,337.94,1,0.0,1
E002887,Ukraine_Black_Sea,46.2037,34.74658,2024-06-27,2024-06-27,1,0.82,0.82,297.02,1,1.0,1
E002888,Ukraine_Black_Sea,44.733954999999995,28.772735,2024-06-27,2024-06-27,1,9.39,4.695,345.63,2,0.0,1
E002889,Ukraine_Black_Sea,45.526035,28.558007500000002,2024-06-27,2024-06-27,1,21.220000000000002,5.305000000000001,342.86,4,0.0,1
E002890,Ukraine_Black_Sea,44.06643,28.610425,2024-06-27,2024-06-27,1,12.370000000000001,6.1850000000000005,341.3,2,0.0,1
E002891,Ukraine_Black_Sea,44.39653,27.06267,2024-06-27,2024-06-27,1,5.29,5.29,351.21,1,0.0,1
E002892,Ukraine_Black_Sea,48.01261,27.615975,2024-06-28,2024-06-28,1,22.14,11.07,343.2,2,0.0,1
E002893,Ukraine_Black_Sea,52.40757,39.45797,2024-06-28,2024-06-28,1,0.4,0.4,295.48,1,1.0,1
E002894,Ukraine_Black_Sea,47.04423,29.62502333333333,2024-06-28,2024-06-29,2,2.74,0.9133333333333334,313.92,3,1.0,1
E002895,Ukraine_Black_Sea,47.16495,25.81116,2024-06-28,2024-06-28,1,1.88,1.88,313.55,1,1.0,1
E002896,Ukraine_Black_Sea,48.184925,28.301955,2024-06-28,2024-06-28,1,1.35,0.675,301.81,2,1.0,1
E002897,Ukraine_Black_Sea,45.098366666666664,26.956633333333333,2024-06-28,2024-06-29,2,3.0300000000000002,1.01,314.8,3,1.0,1
E002898,Ukraine_Black_Sea,48.601,28.9854,2024-06-29,2024-06-29,1,1.7,1.7,337.04,1,0.0,1
E002899,Ukraine_Black_Sea,51.93613,23.56207,2024-06-29,2024-06-29,1,3.04,3.04,332.79,1,0.0,1
E002900,Ukraine_Black_Sea,46.963343333333334,31.83006333333333,2024-06-29,2024-06-30,2,2.2,0.7333333333333334,309.98,3,1.0,1
E002901,Ukraine_Black_Sea,45.92764,34.8729,2024-06-30,2024-06-30,1,2.1,2.1,303.69,1,1.0,1
E002902,Ukraine_Black_Sea,47.28658,32.78875,2024-06-30,2024-06-30,1,5.43,5.43,345.03,1,0.0,1
E002903,Ukraine_Black_Sea,46.55319,34.97005,2024-06-30,2024-06-30,1,1.6099999999999999,0.8049999999999999,302.89,2,1.0,1
E002904,Ukraine_Black_Sea,46.157619999999994,34.593374999999995,2024-06-30,2024-06-30,1,5.32,2.66,333.63,2,1.0,1
